ID,DIS_sent,DIS_received,DIO_sent,DIO_received,DAO_sent,DAO_received,E_CPU_mJ,E_LPM_mJ,E_TX_mJ,E_RX_mJ,Power_mW,attack,msgs_sent_total,msgs_recv_total,msgs_total,E_total_mJ,TX_RX_ratio,CPU_LPM_ratio,msgs_sent_recv_ratio,E_per_msg_mJ,Power_over_Etotal
1,0.0,2.8903717578961645,5.666426688112432,7.956476798036782,0.0,4.663439094112067,1318.2268798828125,578.8445465698242,46.81400756835937,213899.04477539065,14565.882783089532,0,288,2975,3263,215842.9302094117,0.0002188602927961,2.2773417970199734,0.096806722689043,66.14861483583988,0.0674837149818045
2,3.6635616461296463,0.0,6.786716950605081,3.6109179126442243,2.302585092994046,0.0,1246.9893310546877,581.1751251068116,157.80432128906247,1481.0852050781252,233.9499287483784,0,932,36,968,3467.053982528687,0.1065464166058103,2.1456343831360014,25.88888888816976,3.5816673373193235,0.0674780173389974
3,0.0,1.0986122886681098,7.254177846456518,4.343805421853684,4.477336814478207,4.584967478670572,456.7948791503906,604.6785494842529,228.6617431640625,1580.9814331054688,194.2039598249949,1,1500,175,1675,2871.116604904175,0.1446327821287346,0.7554342378099044,8.571428571379592,1.7140994656134094,0.0676405686530481
4,0.0,1.0986122886681098,6.787844982309579,4.820281565605037,2.302585092994046,3.1780538303479458,1353.2664001464846,566.6014811553955,147.34456787109374,1506.7412841796877,245.6724416862284,0,895,148,1043,3573.9537333526614,0.0977902241201378,2.38839192122223,6.047297297256438,3.42660952382477,0.0687396816006621
5,3.6635616461296463,0.6931471805599453,6.721425700790643,4.406719247264253,6.870053411798126,2.302585092994046,1294.3146423339842,579.3193991088867,451.1776245117187,1613.8957763671876,265.96512311829616,0,1829,91,1920,3938.707442321777,0.2795580923614666,2.2341986895703374,20.09890109868023,2.0514101262081907,0.0675259909533794
6,3.6635616461296463,0.6931471805599453,6.778784897685177,4.74493212836325,6.875232087276577,3.044522437723423,1348.3685302734375,574.2417531280519,423.3332702636719,1628.3004272460937,269.83553679188594,0,1883,135,2018,3974.243980911255,0.2599847443259507,2.348085145195656,13.94814814804483,1.969397413731063,0.0678960672993074
7,0.0,2.8903717578961645,5.666426688112432,7.922623574217286,0.0,4.6443908991413725,1207.6183410644533,530.2614855651856,46.81400756835937,195940.8737548828,14565.864677119773,0,288,2878,3166,197725.5675890808,0.0002389190507893,2.277401572499691,0.1000694927032313,62.452800880928095,0.0736670773270501
8,3.6635616461296463,0.0,6.740519359606223,3.58351893845611,2.302585092994046,0.0,1131.6948486328124,527.1162760620117,148.95351562499997,1345.0646118164063,234.55777205792205,0,892,35,927,3152.8292521362305,0.1107407884471356,2.146954856118936,25.485714284986123,3.4011103043504094,0.0743959641642251
9,0.0,1.0986122886681098,7.229113877793302,4.343805421853684,4.454347296253507,4.553876891600541,420.6314575195312,553.2239099578858,222.43623046875,1450.9884521484375,195.6891676494806,1,1463,172,1635,2647.2800500946046,0.1532997937642037,0.760327690013961,8.50581395343892,1.6191315291088595,0.073920840993915
10,0.0,1.0986122886681098,6.756932389247553,4.787491742782046,2.302585092994046,3.1354942159291497,1261.8263122558594,528.6685630645752,140.51530151367186,1407.5386962890625,245.9687866195853,0,868,143,1011,3338.548873123169,0.0998305068869771,2.386800351696616,6.069930069887623,3.302224404668513,0.0736753589560038
11,3.6635616461296463,0.6931471805599453,6.674561391814426,4.3694478524670215,6.852242569051878,2.1972245773362196,1202.1427001953125,536.1962341918945,431.2808349609375,1499.1284545898438,267.5990646573696,0,1774,87,1861,3668.748223937988,0.2876877119103491,2.241982736049665,20.39080459746677,1.9713853970639528,0.0729401551491748
12,3.6635616461296463,0.6931471805599453,6.739336627357174,4.709530201312334,6.837332814685591,3.044522437723423,1255.3554748535155,534.5517888336182,397.7048034667968,1518.8309326171875,270.3364923074355,0,1813,131,1944,3706.442999771118,0.2618492914028464,2.3484262910995564,13.839694656382903,1.9066064813627632,0.0729369080609243
13,0.0,2.8903717578961645,5.666426688112432,7.922623574217286,0.0,4.6443908991413725,1223.8625061035154,537.3620099487305,46.81400756835937,198566.53919677736,14565.87527312538,0,288,2878,3166,200374.577720398,0.0002357598000031,2.277538202259602,0.1000694927032313,63.289506544641405,0.072693230043636
14,3.6635616461296463,0.0,6.740519359606223,3.58351893845611,2.302585092994046,0.0,1157.8838928222656,539.5242585296631,150.4764404296875,1376.011633300781,234.33359619953285,0,892,35,927,3223.896225082397,0.1093569536680549,2.1461201688606906,25.485714284986123,3.477773705586752,0.0726864575777314
15,0.0,1.0986122886681098,7.229113877793302,4.343805421853684,4.454347296253507,4.553876891600541,420.6314575195312,553.2239099578858,222.43623046875,1450.9884521484375,195.6891676494806,1,1463,172,1635,2647.2800500946046,0.1532997937642037,0.760327690013961,8.50581395343892,1.6191315291088595,0.073920840993915
16,0.0,1.0986122886681098,6.756932389247553,4.787491742782046,2.302585092994046,3.1354942159291497,1278.9262573242188,535.5947300262451,142.3966552734375,1425.9141357421877,246.0006518232236,0,868,143,1011,3382.831778366089,0.099863415127181,2.3878619142857533,6.069930069887623,3.3460254978859973,0.0727203325321631
17,3.6635616461296463,0.6931471805599453,6.674561391814426,4.3694478524670215,6.852242569051878,2.1972245773362196,1202.1427001953125,536.1962341918945,431.2808349609375,1499.1284545898438,267.5990646573696,0,1774,87,1861,3668.748223937988,0.2876877119103491,2.241982736049665,20.39080459746677,1.9713853970639528,0.0729401551491748
18,3.6635616461296463,0.6931471805599453,6.739336627357174,4.709530201312334,6.837332814685591,3.044522437723423,1255.3554748535155,534.5517888336182,397.7048034667968,1518.8309326171875,270.3364923074355,0,1813,131,1944,3706.442999771118,0.2618492914028464,2.3484262910995564,13.839694656382903,1.9066064813627632,0.0729369080609243
19,0.0,4.343805421853684,5.2832037287379885,7.680637427560936,0.0,4.2626798770413155,546.0814270019532,208.3657012939453,31.210400390625,77728.36534423828,14577.299005609382,0,196,2311,2507,78514.0228729248,0.0004015316706121,2.6207836683685546,0.0848117697965881,31.31791897602453,0.1856649101932097
20,3.7612001156935624,0.6931471805599453,6.148468295917647,4.454347296253507,1.9459101490553132,0.0,517.5804748535155,201.88187448120115,78.50868530273438,553.7451416015625,259.48186658894656,0,515,86,601,1351.7161762390135,0.1417776507718457,2.563778824528142,5.988372092953624,2.249111774104433,0.1919647564703497
21,0.0,0.6931471805599453,5.955837369464831,3.9889840465642745,6.089044875446846,2.772588722239781,482.5325500488281,202.23712074279788,177.538623046875,587.8057983398438,279.27062658685384,0,825,69,894,1450.114092178345,0.3020361887344429,2.385974188487977,11.956521738957152,1.6220515572446563,0.192585278698412
22,0.0,0.6931471805599453,6.267200548541362,2.995732273553991,1.9459101490553132,0.0,438.8055358886719,202.46871913146973,87.06000366210937,523.11826171875,242.25859083900468,0,532,20,552,1251.452520401001,0.1664250897605826,2.1672757044586897,26.59999999867,2.267124131157127,0.1935819273121001
23,3.6635616461296463,0.0,6.113682179832232,3.9512437185814275,6.054439346269371,2.8903717578961645,498.5399047851562,206.4543359985352,207.25158691406247,604.2776000976562,285.8639158862376,0,914,68,982,1516.52342779541,0.3429741345372159,2.414770812981513,13.44117647039057,1.5443212095660548,0.1884995052807151
24,3.6888794541139363,0.6931471805599453,6.042632833682381,2.8903717578961645,1.9459101490553132,0.0,441.4453857421875,204.17474642944336,75.12352294921874,522.3058593750001,238.65385376299983,0,465,18,483,1243.0495144958495,0.14383051922674,2.1620959176387453,25.83333333189815,2.5736014792821447,0.1919906254575868
25,0.0,1.0986122886681098,6.652863029353347,3.9318256327243257,3.8501476017100584,3.8501476017100584,195.5604858398437,218.0540991668701,119.93988647460938,588.3996093750001,209.5625755787109,1,820,98,918,1121.9540808563231,0.2038408669268255,0.8968438868433768,8.36734693869013,1.2221722013672127,0.1867835583953463
26,0.0,1.0986122886681098,6.0867747269123065,4.30406509320417,1.9459101490553132,3.4965075614664802,531.2414794921875,208.872741897583,69.55911254882812,583.6714965820313,258.668861504861,0,445,107,552,1393.34483052063,0.1191751061274119,2.5433738967726525,4.158878504634029,2.524175417605264,0.1856459763862062
27,0.0,4.343805421853684,5.54907608489522,7.913155185928068,0.0,4.532599493153256,631.9450195312501,240.7258180847168,41.61280517578125,89806.18919677736,14577.486215622335,0,256,2900,3156,90720.4728395691,0.0004633623311262,2.625165113391491,0.088275862068935,28.74539697070353,0.1606857389445173
28,3.7612001156935624,0.0,6.222576268071369,4.634728988229636,2.1972245773362196,0.0,614.829913330078,241.05166548156737,84.608349609375,659.9219970703125,257.3981445690586,0,553,102,655,1600.411925491333,0.1282096217202349,2.5506146663589098,5.421568627397828,2.4433769854792207,0.1608324334935679
29,0.0,0.0,6.129050210060545,4.290459441148391,6.340359303727752,3.2188758248682006,571.8670532226562,238.15635630798343,218.3342102050781,702.4612426757812,282.9336882766706,0,1024,96,1120,1730.818862411499,0.3108131765008119,2.4012252374264467,10.666666666555557,1.5453739842946017,0.1634681100495426
30,0.0,0.6931471805599453,6.452048954437226,3.091042453358316,3.4339872044851463,0.0,529.5068481445313,243.05954507446293,110.92659301757811,633.2745117187501,244.4998345762945,0,663,22,685,1516.7674979553224,0.1751635206607962,2.1785067028745355,30.136363634993803,2.214259121099428,0.1611979653478408
31,3.6635616461296463,0.0,6.1092475827643655,4.07753744390572,6.295266001439646,3.2188758248682006,582.3501525878906,243.00941432189944,230.56539916992185,713.3271240234376,283.4872937150989,0,1028,82,1110,1769.2520901031496,0.3232253357605718,2.396409843670053,12.536585365700772,1.593920801893293,0.1602300177011016
32,3.6635616461296463,0.6931471805599453,6.317164686747284,3.091042453358316,2.1972245773362196,0.0,514.2460144042968,236.2043006286621,102.19844970703124,612.0505004882813,242.9734045602507,0,599,22,621,1464.6992652282715,0.1669771524168879,2.177123841663528,27.227272726035125,2.358613953664916,0.1658862063552805
33,0.0,0.6931471805599453,6.927557906278317,3.9889840465642745,4.61512051684126,4.110873864173311,229.82052612304688,252.01231768798823,160.58095092773436,688.7915405273438,215.0477779662103,1,1119,114,1233,1331.2053352661133,0.2331343250884865,0.911941639323644,9.815789473598109,1.079647473856475,0.1615436569168045
34,0.0,0.6931471805599453,6.248042874508429,4.532599493153256,2.1972245773362196,3.4965075614664802,612.9823974609375,241.26968211364743,83.13480834960937,677.8723022460938,259.62168423595546,0,524,125,649,1615.259190170288,0.1226408101850805,2.540652402275965,4.191999999966463,2.4888431281476104,0.1607306652800559
35,0.0,4.174387269895637,5.666426688112432,7.941295570906532,0.0,4.624972813284271,683.6706848144531,261.61294308471685,41.60006103515624,97563.4301879883,14577.111591639134,0,288,2975,3263,98550.31387692262,0.0004263898978848,2.613290752172189,0.096806722689043,30.202364044404664,0.1479154253110145
36,3.7612001156935624,0.6931471805599453,6.261491684321042,4.634728988229636,2.3978952727983707,0.0,667.2861145019531,262.1135271148682,87.63826904296874,712.86240234375,255.9020434852288,0,575,103,678,1729.90031300354,0.1229385485259267,2.5457904513526954,5.582524271790461,2.551475387907063,0.1479287803820156
37,0.0,0.6931471805599453,6.154858094016418,4.219507705176107,6.546785410760524,3.4965075614664802,622.4492065429688,260.4746900939941,232.6092407226562,765.6960937499999,281.26038319394445,0,1166,100,1266,1881.229231109619,0.303787942267209,2.389672510277156,11.6599999998834,1.4859630577473404,0.1495088310040223
38,0.0,0.6931471805599453,6.304448802421981,3.1354942159291497,2.302585092994046,0.0,581.5696838378907,264.95341154479985,93.65350341796874,680.3766357421875,239.80874107868644,0,555,23,578,1620.553234542847,0.1376494995535367,2.1949884715387427,24.130434781559547,2.803725319273432,0.1479795516536596
39,3.6888794541139363,0.0,5.8944028342648505,4.189654742026425,6.541029999189903,3.4011973816621555,607.327459716797,256.07780346679687,215.80131225585936,748.7561279296876,278.13797555675256,0,1093,94,1187,1827.9627033691409,0.288213083280216,2.3716520974968907,11.627659574344388,1.5399854282793606,0.1521573580489147
40,3.6888794541139363,0.6931471805599453,6.230481447578482,3.1354942159291497,2.302585092994046,0.0,581.5550170898437,263.81282839965826,91.08715209960936,676.3972412109375,239.6366323013304,0,555,23,578,1612.8522388000488,0.1346651738797804,2.2044228122471115,24.130434781559547,2.7904017972270907,0.1485794089106822
41,0.0,1.0986122886681098,7.034387929915503,4.204692619390966,4.356708826689592,4.248495242049359,246.88833618164065,271.6291442871094,170.89892578125,743.2121704101562,214.7383181161144,1,1211,137,1348,1432.6285766601563,0.2299463498918567,0.9089169603971992,8.83941605832964,1.062780843218912,0.1498911313193106
42,0.0,0.6931471805599453,6.309918278226516,4.5217885770490405,2.302585092994046,3.295836866004329,649.8343322753906,255.3214014129639,88.55266113281249,709.8382690429687,258.7110153984122,0,558,118,676,1703.5466638641358,0.1247504748540506,2.5451620141383504,4.728813559281959,2.520039443582272,0.1518661160777533
43,0.0,4.406719247264253,5.54907608489522,7.751475318021456,0.0,4.3694478524670215,572.8329162597656,202.8296934814453,41.61280517578125,76069.22977294921,14584.179461626629,0,256,2483,2739,76886.5051878662,0.0005470386028619,2.8242063892353304,0.1031010873942396,28.07101321206212,0.1896845151953665
44,3.6635616461296463,0.0,6.240275845170769,3.332204510175204,5.459585514144159,0.0,465.885791015625,203.57590173339847,186.51527709960936,565.4096557617188,273.12494545241304,0,784,27,811,1421.3866256103515,0.329876356370332,2.288511493975633,29.0370370359616,1.752634556854006,0.1921538732186533
45,0.0,0.0,5.846438775057725,3.8501476017100584,2.1972245773362196,2.1972245773362196,465.7521423339844,205.25182662963869,57.875921630859374,542.5625610351564,242.0781983858597,0,353,54,407,1271.4424516296388,0.1066714251722992,2.269174165120244,6.537037036915981,3.1239372275835744,0.1903965044390265
46,0.0,1.3862943611198906,6.066108090103747,4.04305126783455,3.8501476017100584,1.6094379124341003,485.1076354980469,200.96512088012696,75.37362670898438,544.4868530273438,252.9216182666052,0,476,63,539,1305.933236114502,0.1384305723632609,2.4138897007157443,7.555555555435626,2.4228816996513527,0.1936711703723235
47,3.6888794541139363,0.0,6.424869023905388,3.4657359027997265,3.970291913552122,2.4849066497880004,467.1563598632813,199.82617433166504,115.8697265625,553.6848999023438,260.8700683243688,0,707,42,749,1336.53716065979,0.2092701581399949,2.3378136594136683,16.83333333293254,1.7844287859252412,0.1951835504486784
48,3.784189633918261,1.0986122886681098,6.091309882077698,3.784189633918261,3.970291913552122,2.4849066497880004,471.1476928710937,192.8686475830078,83.7481201171875,530.4660278320313,257.73833391175924,0,536,56,592,1278.23048840332,0.1578765005165381,2.44284231145384,9.571428571257654,2.1591731222992583,0.2016368223492361
49,0.0,0.0,5.991464547107982,3.367295829986474,5.645446897643238,0.0,470.6142517089843,206.2541622619629,156.08067626953127,566.2323852539063,265.413814678453,0,681,28,709,1399.1814754943848,0.2756477381618978,2.2817200222557283,24.32142857055995,1.9734576523165184,0.1896922017099192
50,0.0,0.6931471805599453,6.238324625039508,3.713572066704308,3.713572066704308,2.1972245773362196,486.831884765625,198.83802420043943,90.2874572753906,550.595361328125,259.41109638590166,0,551,49,600,1326.55272756958,0.1639815073222532,2.4483842399903546,11.244897958954189,2.210921212612282,0.1955527971066642
51,3.6635616461296463,1.0986122886681098,5.996452088619021,3.295836866004329,5.529429087511423,0.0,128.480712890625,218.0446438293457,153.60194091796876,571.7505249023438,202.0577380456544,1,690,28,718,1071.8778225402832,0.2686520330592362,0.5892403988175567,24.64285714197704,1.492866048104165,0.1885081805000888
52,3.7376696182833684,1.3862943611198906,6.144185634125646,3.9889840465642745,3.5553480614894135,2.3978952727983707,497.43528442382814,205.17192279052736,83.63501586914063,557.9878784179688,254.9220839636783,0,540,66,606,1344.230101501465,0.1498867970145092,2.424480297575931,8.181818181694215,2.21820148762252,0.1896417017285569
53,0.0,3.9318256327243257,5.438079308923196,7.815207062189088,0.0,4.477336814478207,589.4544616699219,209.2636290435791,36.41160278320312,78473.48631591797,14584.019267744708,0,229,2614,2843,79308.61600941468,0.0004639987910899,2.8168032082839938,0.0876052027543658,27.89610130474385,0.1838894687812136
54,3.6635616461296463,0.0,6.066108090103747,3.4011973816621555,5.564520407322694,0.0,473.4497131347656,212.8095452728272,161.87607421875,585.3169555664062,263.5731136271814,0,728,29,757,1433.4522881927492,0.2765613958027704,2.224757881633394,25.10344827499643,1.8935961534885808,0.183872958868622
55,0.0,0.0,6.171700597410915,3.9318256327243257,4.31748811353631,1.9459101490553132,466.52931518554686,201.58630911254883,87.57295532226561,654.1370727539063,272.9441787657676,0,552,56,608,1409.8256523742675,0.1338755422521017,2.314290673989978,9.857142856966837,2.3187921914012315,0.1936013707126924
56,0.0,1.0986122886681098,6.124683390894205,3.828641396489095,3.9889840465642745,2.5649493574615367,513.9556457519532,211.43705438232425,84.26903686523437,580.4821289062501,255.7720466824259,0,509,59,568,1390.143865905762,0.1451707686916558,2.430773769767804,8.627118643921575,2.447436383632596,0.1839896236319333
57,3.713572066704308,0.0,6.12029741895095,3.7612001156935624,2.0794415416798357,2.1972245773362196,472.59887695312494,205.65593627929687,79.510693359375,547.3543579101563,247.78765945119125,0,501,50,551,1305.119864501953,0.1452636527145012,2.298007465775268,10.0199999997996,2.3686385925582294,0.1898581626029879
58,3.6888794541139363,0.6931471805599453,6.16541785423142,3.8918202981106265,2.833213344056216,2.302585092994046,511.3095336914062,208.9184418640137,84.26903686523437,571.9157592773438,256.1756997784846,0,530,58,588,1376.412771697998,0.1473451911371824,2.447412153407565,9.13793103432521,2.340838047101458,0.186118368737795
59,0.0,0.6931471805599453,5.8805329864007,3.367295829986474,5.442417710521793,0.0,468.1090393066406,210.35805816650392,152.15229492187498,573.0758422851563,261.103680440052,0,587,29,616,1403.695234680176,0.2655011495771621,2.2252964463757063,20.24137930964685,2.2787260303212618,0.1860116597883564
60,0.0,0.6931471805599453,6.222576268071369,3.9889840465642745,4.430816798843313,2.3978952727983707,512.907550048828,209.25472755432128,94.1999084472656,583.1930053710938,260.03983053129963,0,586,64,650,1399.5551914215089,0.1615244140096697,2.451115709742946,9.156249999856932,2.1531618329528546,0.1858017691085086
61,3.6635616461296463,0.0,6.142037405587356,3.4339872044851463,5.288267030694535,0.0,133.7394836425781,226.07438589477545,165.91278076171872,596.8386108398438,204.0823918786964,1,699,30,729,1122.565261138916,0.2779860045045945,0.5915729157580661,23.29999999922333,1.53987004271245,0.1818000244114624
62,0.0,0.6931471805599453,6.194405391104672,4.04305126783455,2.0794415416798357,1.6094379124341003,493.6535705566406,204.8522525482178,78.58515014648437,550.0187622070313,252.17593804147384,0,496,61,557,1327.109735458374,0.1428772171898409,2.4098029892936395,8.131147540850309,2.382602756653485,0.1900189044685021
63,0.0,4.31748811353631,5.429345628954441,7.7406644019172415,0.0,4.23410650459726,604.1279663085937,215.2441125640869,36.41160278320312,80694.81291503906,14583.730997246705,0,227,2441,2668,81550.59659669494,0.0004512260635827,2.806710757888505,0.0929946743137677,30.566190628434924,0.1788304636122989
64,3.6635616461296463,0.0,6.163314804034641,3.2188758248682006,5.60947179518496,0.0,479.85529174804685,213.6051707611084,175.16024780273438,586.8195556640625,266.44840598409974,0,784,24,808,1455.440265975952,0.2984908156378997,2.2464591565644287,32.66666666530556,1.8012874578888003,0.1830706571837549
65,0.0,0.6931471805599453,5.910796644040527,3.7376696182833684,3.7376696182833684,1.9459101490553132,496.0697937011719,218.43556590270995,65.83463745117187,575.1343872070314,242.4874548831953,0,409,48,457,1355.474384262085,0.1144682684872377,2.271012010561722,8.520833333155817,2.9660270990352715,0.1788949003378073
66,0.0,1.0986122886681098,6.0844994130751715,3.871201010907891,2.833213344056216,2.1972245773362196,512.6554138183593,211.47639756774905,76.67830810546874,578.8590454101563,253.8448103870363,0,454,57,511,1379.6691649017334,0.1324645588823875,2.4241731924325016,7.96491228056202,2.6999396573366603,0.1839896236319323
67,3.713572066704308,0.0,6.180016653652572,3.7376696182833684,3.912023005428146,1.3862943611198906,485.4808959960938,211.24796759033205,89.43041381835937,561.0722534179687,249.0119457483713,0,571,44,615,1347.231530822754,0.1593919736244364,2.2981565291803268,12.977272726977793,2.190620375317989,0.1848323321204596
68,3.713572066704308,0.6931471805599453,6.1092475827643655,3.7376696182833684,2.8903717578961645,2.3978952727983707,514.2717224121094,212.15521595764164,77.66757202148438,577.6438842773438,253.422983843704,0,506,52,558,1381.738394668579,0.1344558025028089,2.424035252154081,9.7307692305821,2.476233682197317,0.1834088021447114
69,0.0,0.6931471805599453,6.173786103901937,3.367295829986474,5.087596335232384,0.0,477.7874450683594,214.890512878418,156.3084777832031,583.8023071289062,260.9153034088762,0,640,29,669,1432.7887428588867,0.2677421378336926,2.223399435676629,22.06896551648038,2.1416872090534307,0.1821031221169995
70,0.0,0.0,6.194405391104672,3.8501476017100584,2.833213344056216,2.302585092994046,519.1959594726563,213.54821420288087,81.05114135742187,586.1138671875,255.01995298453943,0,505,55,560,1399.9091822204591,0.1382856572669266,2.4312821411700707,9.18181818165124,2.499837825389213,0.1821689265441195
71,3.6635616461296463,0.0,5.971261839790462,3.2188758248682006,5.6937321388027,0.6931471805599453,133.48157958984373,225.9094089660645,162.84781494140623,596.3824951171874,203.51668284029583,1,725,25,750,1118.621298614502,0.2730593474396562,0.5908633031274236,28.99999999884,1.4914950648173473,0.1819352832743171
72,0.0,1.0986122886681098,6.240275845170769,4.04305126783455,3.7612001156935624,2.0794415416798357,518.8531860351563,215.01931004333497,88.04767456054687,583.5269165039064,254.4079489981936,0,554,65,619,1405.4470871429444,0.1508887971919399,2.4130539063127574,8.523076922945798,2.2705122570931726,0.1810156720415454
73,0.0,4.663439094112067,4.574710978503383,8.012680929706839,0.0,7.720017940432244,489.1329162597656,163.94009980773927,15.6052001953125,61785.879858398446,14589.797953878237,0,96,5375,5471,62454.55807466126,0.000252569037312,2.983607530008903,0.0178604651162757,11.4155653581886,0.2336066158123581
74,3.713572066704308,0.0,6.082218910376446,4.07753744390572,6.139884552226255,3.6635616461296463,411.875244140625,154.92824006652833,155.16787719726562,474.1417602539063,298.4067514598957,0,940,96,1036,1196.113121658325,0.3272605161668208,2.6584904337718003,9.79166666656467,1.1545493452289293,0.2494803761085127
75,0.0,0.0,6.419994928147142,4.343805421853684,6.210600077024653,4.02535169073515,451.8233459472656,161.04228085327148,148.2079833984375,519.2800048828126,306.0371088992633,0,1110,131,1241,1280.3536150817872,0.2854105338248073,2.805619391072363,8.473282442683411,1.031711212796741,0.2390254577283128
76,0.0,1.0986122886681098,5.978885764901122,3.5263605246161616,3.9512437185814275,4.04305126783455,135.81161499023438,174.5120004272461,67.00391235351563,487.5618896484376,202.56521331722763,1,445,91,536,864.8894174194337,0.1374264760555674,0.7782365376418677,4.890109890056152,1.6135996593616049,0.2342093789531918
77,3.713572066704308,1.0986122886681098,6.0063531596017325,3.4339872044851463,4.927253685157205,3.784189633918261,394.6512084960938,166.27716485595707,92.73751831054688,488.1935668945313,267.56997910439225,0,582,75,657,1141.859458557129,0.1899605496653171,2.3734540388369,7.759999999896533,1.7379900434633049,0.2343282941687617
78,3.7612001156935624,0.6931471805599453,6.706862336602747,3.871201010907891,6.684611727667927,3.5263605246161616,178.52118530273435,171.24043368530275,278.25397338867185,541.9119506835938,277.07964650399686,1,1658,81,1739,1169.9275430603027,0.513467128815217,1.0425177130172965,20.469135802216428,0.6727587941688499,0.2368348776360744
79,0.0,0.6931471805599453,5.883322388488279,4.430816798843313,6.74993119378857,4.02535169073515,442.451953125,154.02623080444337,228.19976806640625,524.8101928710937,336.61955262817344,0,1211,139,1350,1349.4881448669437,0.4348234298147919,2.872575345194797,8.712230215764661,0.9996208480488472,0.2494423933313722
80,0.0,1.0986122886681098,6.2324480165505225,4.0943445622221,6.655440350367647,4.060443010546419,411.0313293457031,165.3965960083008,228.77484741210927,532.8171752929688,314.2032639725959,0,1284,118,1402,1338.0199480590825,0.4293683800374648,2.485125687366561,10.881355932111177,0.9543651555336148,0.2348270400812342
81,3.6635616461296463,0.0,5.768320995793772,2.70805020110221,5.777652323222656,0.0,353.17051391601564,166.7441537475586,135.14364624023438,451.91601562500006,260.5524815934836,0,679,14,693,1106.9743295288088,0.2990459323576563,2.1180383598250656,48.49999999653571,1.597365554873321,0.2353735535169584
82,3.6635616461296463,1.0986122886681098,6.016157159698354,3.6375861597263857,5.187385805840755,3.5553480614894135,355.07504882812503,157.87771659851074,137.07756958007812,456.79387207031255,274.15011729556903,0,625,73,698,1106.8242070770266,0.300086270769145,2.249051078746254,8.561643835499154,1.585708033059371,0.247690749391283
83,0.0,0.0,6.418364935936212,4.204692619390966,5.3471075307174685,4.007333185232471,409.52246704101566,156.09959422302248,132.26028442382812,469.7561645507813,289.4035769928975,0,821,120,941,1167.6385102386475,0.281550928767533,2.623469132490502,6.841666666609653,1.2408485762352888,0.2478537445065082
84,0.0,0.0,6.38856140554563,4.0943445622221,6.042632833682381,4.04305126783455,423.1547973632812,165.9946323852539,199.65767211914056,516.0235107421876,304.7975072106302,0,1014,115,1129,1304.8306126098632,0.3869158438761628,2.549207714009931,8.817391304271153,1.1557401351715744,0.2335916281123681
85,0.0,4.74493212836325,5.429345628954441,8.033334015880062,0.0,7.1180162044653335,490.866064453125,162.57115653991698,36.40523071289062,61298.53483886719,14590.634249595949,0,227,4428,4655,61988.37729057312,0.0005939005036349,3.019392092038052,0.0512646793134482,13.31651499260146,0.2353769349567178
86,3.7612001156935624,0.0,6.093569770045136,4.060443010546419,4.290459441148391,3.4965075614664802,421.7219055175781,161.60262062072755,84.60994262695313,475.9404052734375,273.95877642196206,0,556,89,645,1143.8748740386964,0.1777742374660651,2.609622937394849,6.247191011165762,1.7734494171115085,0.2395006504989939
87,0.0,0.6931471805599453,6.052089168924417,4.204692619390966,1.9459101490553132,2.1972245773362196,437.0684326171875,163.71913929748538,64.97440795898436,459.4599975585938,265.5762146180718,0,430,75,505,1125.221977432251,0.1414147222915895,2.669623322538631,5.733333333256889,2.2281623315445995,0.2360211762161622
88,0.0,1.0986122886681098,6.903747257584598,3.7376696182833684,7.126087273299125,3.258096538021482,167.19252319335936,163.17766529846193,330.71363525390626,521.1836425781252,293.9922923831712,1,2238,68,2306,1182.267466323853,0.6345433897682196,1.0246042121422034,32.911764705398355,0.5126918761159324,0.2486681742982097
89,3.7376696182833684,1.0986122886681098,6.0330862217988015,3.8918202981106265,3.6888794541139363,1.9459101490553132,387.1136535644532,165.7898731842041,77.70899047851562,447.98137207031255,253.7485340453028,0,496,56,552,1078.5938892974857,0.1734647807323234,2.334965617182227,8.857142856984694,1.9539744371295864,0.2352586423517939
90,3.7376696182833684,1.3862943611198906,6.693323668269949,3.8066624897703196,5.3706380281276624,4.0943445622221,148.19727172851563,171.0743291015625,153.40122070312498,494.6790161132813,230.5138135567336,1,1061,106,1167,967.3518376464845,0.3101025426711976,0.8662741657731031,10.00943396216972,0.828921883158231,0.2382936637793785
91,0.0,0.6931471805599453,6.013715156042802,4.477336814478207,4.859812404361672,3.713572066704308,435.7963806152344,160.80894108581546,78.35256958007812,480.54975585937495,277.3326686210887,0,536,128,664,1155.507647140503,0.1630477773103763,2.710025808701534,4.187499999967286,1.7402223601487392,0.2400093753660175
92,0.0,0.6931471805599453,6.1463292576688975,3.8501476017100584,6.639875833826536,2.5649493574615367,417.90179443359375,166.04143006896973,277.478173828125,542.9635986328125,328.2280646807509,0,1230,59,1289,1404.384996963501,0.5110437873299548,2.516852536487371,20.84745762676529,1.0895151256496598,0.233716584405414
93,3.6635616461296463,0.0,5.926926025970411,3.4657359027997265,6.484635235635252,3.4965075614664802,353.0624084472656,160.36345747375492,188.0158996582031,479.9800415039063,288.4432191702741,0,1066,63,1129,1181.42180708313,0.391716078586741,2.201638789827453,16.92063492036634,1.0464320700461325,0.2441492254846569
94,3.6635616461296463,1.0986122886681098,6.052089168924417,3.58351893845611,6.255750041753367,0.6931471805599453,362.37612304687497,156.78123674011232,188.8984313964844,462.222509765625,291.3802409104379,0,982,38,1020,1170.2783009490968,0.4086742367693402,2.311348797721597,25.84210526247784,1.1473316675960288,0.2489837166713928
95,0.0,0.6931471805599453,6.135564891081739,3.9889840465642745,3.58351893845611,2.4849066497880004,423.4021545410156,164.52681971740725,81.86995239257811,460.90924072265625,266.2612033409269,0,496,65,561,1130.7081673736573,0.1776270579084879,2.573453709648564,7.6307692306518335,2.015522579985101,0.2354818077940901
96,0.0,0.0,6.073044534100405,3.871201010907891,6.030685260261263,3.367295829986474,394.44505004882814,156.3042785797119,167.31304321289062,474.9094116210938,296.16191313554503,0,848,75,923,1192.9717834625244,0.352305174667772,2.523571674624031,11.30666666651591,1.2924938065668818,0.2482555893113462
97,0.0,4.382026634673881,4.875197323201151,8.100161446936607,0.0,7.028201432058005,505.9566650390624,166.4195138397217,20.807995605468747,62812.8269897461,14591.69201846606,0,130,4500,4630,63506.01116423035,0.0003312698473014,3.040248426174998,0.0288888888888824,13.716201115381562,0.2297686746649988
98,3.6635616461296463,0.0,6.322565239927284,4.110873864173311,4.248495242049359,3.4965075614664802,460.6547058105469,167.0829941253662,103.19886474609376,507.3022338867188,285.654205134433,0,663,92,755,1238.2387985687255,0.2034267895002701,2.7570412430013675,7.206521739052103,1.6400513888305768,0.2306939545622288
99,0.0,0.0,6.192362489474872,4.174387269895637,4.736198448394496,3.6375861597263857,448.6248413085937,162.01767750549317,98.16174316406249,496.8838623046875,286.75522918723146,0,601,101,702,1205.688124282837,0.1975547016330196,2.768986990883228,5.950495049446035,1.7175044505429051,0.2378353269072467
100,0.0,0.0,6.561030665896573,3.9889840465642745,5.983936280687191,2.8903717578961645,152.58988037109376,175.2425562286377,193.3891479492188,506.904638671875,239.1388360401479,1,1102,70,1172,1028.126223220825,0.3815099196084102,0.8707353034221899,15.742857142632245,0.8772408047951773,0.2325967674384977
101,3.713572066704308,0.6931471805599453,6.352629396319567,3.6109179126442243,4.804021044733257,3.58351893845611,394.7632690429687,166.12831439208986,116.188330078125,485.7511962890625,272.70459692968325,0,734,72,806,1162.831109802246,0.2391930909599738,2.3762551885579657,10.194444444302857,1.4427184985121628,0.2345178028267799
102,3.7376696182833684,0.6931471805599453,6.432940092739179,4.04305126783455,6.371611847231857,3.332204510175204,153.85089111328125,174.13937031555176,209.06125488281248,510.0802368164064,245.01691137952463,1,1246,84,1330,1047.131753128052,0.4098595471709095,0.8834928645579115,14.833333333156745,0.7873171076144847,0.2339886176189023
103,0.0,0.0,6.419994928147142,4.23410650459726,5.176149732573829,3.332204510175204,450.5064697265625,163.5734921722412,130.0348388671875,486.15395507812497,289.9288479460035,0,789,95,884,1230.2687558441162,0.2674766655884212,2.7541532783895675,8.305263157807312,1.3917067373786476,0.2356630179938535
104,0.0,0.6931471805599453,6.0014148779611505,3.8066624897703196,5.808142489980444,3.044522437723423,379.733642578125,158.4547666168213,149.2784912109375,468.83876953125,284.1424257769145,0,735,65,800,1156.3056699371336,0.3184004841576333,2.3964797694853104,11.307692307518344,1.4453820874196104,0.2457329693731564
105,3.6635616461296463,0.0,5.793013608384144,2.833213344056216,5.5254529391317835,1.0986122886681098,353.6568237304688,166.72742353820803,136.27309570312502,455.5046997070313,261.77353207223257,0,615,18,633,1112.1620426788331,0.2991694614577481,2.121167689293189,34.16666666476852,1.7569700516225533,0.2353735535169593
106,3.6635616461296463,1.0986122886681098,6.248042874508429,3.6635616461296463,5.5909869805108565,2.1972245773362196,388.91337890625,170.01324563598635,167.89449462890624,483.8923095703125,278.1645150712017,0,821,48,869,1210.7134287414551,0.3469666521000231,2.2875475228363147,17.10416666631033,1.3932260399770562,0.2297525644529489
107,0.0,0.0,6.133398042996649,4.060443010546419,3.912023005428146,2.1972245773362196,422.472216796875,164.55507595825196,72.16051025390624,458.75947265625,263.2562454923717,0,509,65,574,1117.947275665283,0.1572948670376972,2.5673605893596982,7.830769230648757,1.9476433373925703,0.2354818077940877
108,0.0,0.0,5.908082938168931,3.970291913552122,5.111987788356544,2.833213344056216,407.3213012695312,165.0700101470947,124.23306884765624,478.484326171875,276.665029153105,0,532,68,600,1175.1087064361573,0.2596387426968113,2.4675669487394933,7.823529411649654,1.9585145107236648,0.2354378174866331
109,0.0,5.247024072160486,4.9344739331306915,8.081784206935001,0.0,4.8283137373023015,409.4118896484375,114.93737649536136,20.80162353515625,43991.97418212891,14608.679910239343,0,138,3547,3685,44537.125071807866,0.0004728504215117,3.5620431066773,0.0389061178460561,12.086058364123684,0.328011291404311
110,3.912023005428146,1.6094379124341003,5.926926025970411,4.897839799950911,1.6094379124341003,3.5553480614894135,398.76679687500007,110.8020559387207,54.40314331054688,372.10609130859376,318.19546846407604,0,427,171,598,936.0780874328614,0.1462033129290626,3.5989115318576754,2.4970760233772102,1.5653479722931372,0.3399240648142596
111,0.0,1.6094379124341003,6.124683390894205,4.653960350157523,1.6094379124341003,1.3862943611198906,382.06928100585935,110.86474058532716,61.04443359374999,345.8045654296875,306.9245184878673,0,460,111,571,899.783020614624,0.1765287092659441,3.44626505221787,4.144144144106809,1.5758021376760911,0.3411094802365487
112,0.0,1.0986122886681098,5.739792912179234,4.276666119016055,6.021023349349527,2.6390573296152584,318.03920288085936,110.62293841552736,141.81998291015623,356.1953979492188,321.82045515341,0,721,86,807,926.6775221557616,0.3981522044537384,2.8749842250921755,8.383720930135073,1.1482992839586288,0.3472841926762189
113,3.7612001156935624,1.0986122886681098,6.342121418721152,3.6888794541139363,4.060443010546419,3.6109179126442243,111.77396850585936,116.31614433288576,94.72241821289064,328.6563354492188,227.68787202555544,1,666,77,743,651.4688665008546,0.2882111433608379,0.9609497387139306,8.64935064923832,0.8768087032301182,0.3494992373897383
114,4.174387269895637,1.0986122886681098,6.018593214496234,4.23410650459726,1.791759469228055,2.0794415416798357,322.0928283691406,112.51875604248046,65.37266235351562,331.6219482421876,284.03539538665194,0,479,77,556,831.6061950073242,0.1971300835178015,2.862570114485399,6.220779220698431,1.495694595334224,0.3415503601242518
115,0.0,1.0986122886681098,5.808142489980444,4.174387269895637,6.021023349349527,2.833213344056216,317.0402160644531,110.87889115905762,133.979150390625,359.928662109375,319.5398811553881,0,743,82,825,921.8269197235106,0.3722380696359747,2.859337902349639,9.060975609645595,1.1173659632998707,0.3466376109420661
116,0.0,1.3862943611198906,5.978885764901122,3.871201010907891,5.631211781821365,0.6931471805599453,291.8262634277343,113.26256428527832,130.4936279296875,341.7993530273438,300.1268057843475,0,672,51,723,877.3818086700439,0.3817843034912541,2.5765464985423154,13.176470587976931,1.2135294725709964,0.3420709237623067
117,3.6109179126442243,3.713572066704308,5.7899601708972535,4.605170185988092,1.6094379124341003,1.3862943611198906,357.5860290527344,108.9895001678467,44.24924926757812,333.36207275390626,294.242381201336,0,366,142,508,844.1868512420655,0.1327363035089806,3.280921818145432,2.5774647887142432,1.6617851402370152,0.348551248776339
118,3.871201010907891,0.6931471805599453,6.55250788703459,4.143134726391533,3.7376696182833684,3.713572066704308,150.69424438476562,117.20300010681152,102.08215942382812,349.2693237304688,247.1408739933308,1,788,103,891,719.2487276458739,0.2922734763340185,1.2857541551508622,7.650485436818927,0.8072376292312757,0.343609747912781
119,0.0,1.6094379124341003,5.820082930352362,4.442651256490317,1.6094379124341003,3.58351893845611,343.5085876464844,114.26123254394533,48.17285156249999,465.1399291992188,325.2791685969844,0,340,123,463,971.0826009521484,0.1035663647395965,3.0063441466147607,2.764227642253949,2.0973706284018383,0.3349654996163174
120,0.0,0.6931471805599453,5.755742213586912,3.2188758248682006,5.762051382780177,0.0,259.9679443359375,112.30618309020998,122.25772705078126,323.9402709960937,284.450444472138,0,632,25,657,818.4721254730225,0.3774082384831928,2.3148141730077616,25.2799999989888,1.245771880474546,0.3475383407924821
121,3.828641396489095,2.3978952727983707,5.8971538676367405,4.007333185232471,1.6094379124341003,1.3862943611198906,332.8129028320312,117.1846233215332,55.387628173828126,331.46015625,274.61566408292026,0,412,67,479,836.8453105773926,0.1671019189766071,2.840073154615289,6.149253731251504,1.7470674542289053,0.3281558259472319
122,0.0,0.6931471805599453,5.926926025970411,3.9318256327243257,1.6094379124341003,1.6094379124341003,298.2662841796875,109.29175163269042,65.88720703125,308.24644775390624,275.89910940866,0,378,55,433,781.6916905975341,0.2137484714297127,2.7290832082129746,6.872727272602314,1.805292587980898,0.3529513140883033
123,0.0,1.6094379124341003,5.8289456176102075,4.356708826689592,3.091042453358316,2.5649493574615367,336.18345336914064,111.68330836486815,52.11397705078125,334.68222656250003,286.0095584772083,0,360,93,453,834.6629653472901,0.1557118153117508,3.0101494868671224,3.870967741893861,1.8425231023078312,0.3426647285804295
124,0.0,5.117993812416755,5.099866427824199,8.111928063310739,0.0,5.905361848054571,420.3078002929687,118.13534129333496,26.007604980468745,45205.51567382813,14608.441545044125,0,163,3865,4028,45769.9664203949,0.0005753192855518,3.557849799119546,0.0421733505821365,11.362950948456689,0.31917090370716
125,3.912023005428146,1.6094379124341003,6.016157159698354,5.043425116919247,1.6094379124341003,3.7612001156935624,403.5784790039062,112.07247409057616,56.12200927734374,382.7034667968749,320.7429201636721,0,462,200,662,954.4764291687012,0.1466462003778623,3.6010490736033534,2.30999999998845,1.441807294814591,0.3360406924272466
126,0.0,1.791759469228055,5.849324779946859,4.77912349311153,1.791759469228055,2.5649493574615367,404.2668273925781,118.22352291870116,47.6694580078125,375.3212768554688,302.6633080214531,0,351,135,486,945.4810851745606,0.1270097405803145,3.419512609746547,2.599999999980741,1.9454343316308955,0.3201156667933271
127,0.0,0.6931471805599453,5.8664680569332965,4.110873864173311,5.793013608384144,2.1972245773362196,325.1430175781249,114.74853419494627,128.677587890625,359.7582641601563,311.1675893626162,0,679,69,748,928.3274038238524,0.3576779207300793,2.833526544425447,9.84057971000231,1.2410794168751489,0.3351916447586892
128,3.7376696182833684,1.0986122886681098,6.349138991379798,3.7612001156935624,4.605170185988092,3.784189633918261,114.90902709960938,117.01665261840822,100.80774536132812,346.73056640625,235.90709875078144,1,711,87,798,679.4639914855957,0.2907379825374988,0.9819886702224015,8.172413793009513,0.8514586359457947,0.3471958804389936
129,3.828641396489095,1.0986122886681098,6.289715570908998,4.23410650459726,5.955837369464831,2.8903717578961645,328.9219299316406,109.68178555297852,155.0436218261719,352.9079223632813,330.40450331824235,0,968,87,1055,946.5552596740724,0.4393316556553003,2.9988746834337934,11.126436781481305,0.8972087769413982,0.3490599201061558
130,0.0,1.0986122886681098,5.762051382780177,4.174387269895637,6.0330862217988015,2.302585092994046,342.00615234375,120.61363265991211,141.08878784179686,382.03564453125,314.3330723530557,0,733,75,808,985.744217376709,0.3693079163190143,2.8355513783856514,9.773333333203022,1.2199804670488723,0.318878941221942
131,0.0,1.3862943611198906,5.955837369464831,3.828641396489095,6.035481432524756,2.4849066497880004,285.76213989257815,109.37446463012697,144.99168090820314,345.429345703125,313.3755854014126,0,802,59,861,885.5576311340333,0.4197433793954341,2.6126952104984555,13.593220338752658,1.028522219666672,0.353873733773548
132,3.912023005428146,1.0986122886681098,5.659482215759621,4.624972813284271,1.791759469228055,2.6390573296152584,382.5471862792969,117.90144767761232,41.72431640625,357.3417114257812,290.1283189706085,0,340,116,456,899.5146617889404,0.1167630731930359,3.244635191605812,2.931034482733353,1.9726198723398416,0.3225387326019605
133,0.0,1.3862943611198906,6.4692503167957724,4.1588830833596715,4.2626798770413155,3.6888794541139363,145.574560546875,113.56985527038574,92.14810180664062,340.43100585937503,245.3152853177052,1,714,105,819,691.7235234832765,0.2706806965885898,1.2818063402388868,6.799999999935238,0.8445952667673161,0.3546435490324646
134,0.0,1.0986122886681098,6.0330862217988015,4.406719247264253,1.791759469228055,2.5649493574615367,338.9437683105469,112.7107667541504,59.96436767578124,338.6220336914063,288.7178491264068,0,421,95,516,850.2409364318848,0.1770834786558839,3.007199561039794,4.431578947321773,1.6477537527717774,0.3395718045965871
135,0.0,0.6931471805599453,5.713732805509369,3.4339872044851463,6.021023349349527,0.6931471805599453,279.1380432128906,120.00046774291992,135.12453002929686,350.1849975585938,287.5757184234811,0,713,32,745,884.4480385437012,0.385866130676548,2.326141293120365,22.281249999303714,1.187178575224851,0.3251471040590098
136,3.8066624897703196,1.3862943611198906,5.961005339623274,4.1588830833596715,4.442651256490317,3.091042453358316,347.3479797363281,120.2024327545166,75.45805664062499,358.1885375976563,287.91068867970523,0,515,87,602,901.197006729126,0.2106657492350421,2.8896917622525145,5.9195402298170166,1.4970049945641677,0.3194758599169687
137,0.0,1.0986122886681098,5.8998973535824915,3.8918202981106265,3.6375861597263857,1.9459101490553132,294.8385498046875,109.39602479553224,59.36220703125,309.59758300781255,272.89996704545456,0,401,56,457,773.1943646392823,0.191739891682424,2.695148661508161,7.160714285586416,1.691891388703699,0.3529513140882983
138,0.0,1.9459101490553132,5.916202062607435,4.356708826689592,2.1972245773362196,2.6390573296152584,338.5001403808594,112.48926237487792,53.35493774414062,338.4722900390625,286.7435196285068,0,378,96,474,842.8166305389404,0.1576345813650665,3.0091773492991365,3.937499999958984,1.7780941572513973,0.3402205286870146
139,0.0,4.59511985013459,4.653960350157523,7.959625305098115,0.0,4.382026634673881,408.99413452148434,117.27685153198244,15.6052001953125,44803.08563232423,14606.384822819904,0,104,3039,3143,45344.96181857301,0.0003483063716498,3.487424237394884,0.034221783481397,14.427286611059047,0.3221170387409368
140,3.9318256327243257,1.0986122886681098,5.840641657373398,4.867534450455582,1.3862943611198906,1.0986122886681098,383.43147583007806,106.97407626342776,47.268017578125,338.5153198242188,308.61046651188286,0,396,133,529,876.1888894958497,0.13963331881857,3.584340143141587,2.97744360900017,1.6563117003670953,0.3522191050483441
141,0.0,1.0986122886681098,5.929589143389895,4.564348191467836,3.7376696182833684,2.70805020110221,397.7287536621093,117.19424830627442,56.02005615234375,359.3296875,300.63194501316605,0,416,111,527,930.2727456207274,0.1559015525322767,3.3937565998912738,3.747747747713984,1.7652234262219395,0.3231653796459933
142,0.0,0.0,5.659482215759621,4.02535169073515,5.84354441703136,2.70805020110221,331.8615417480469,118.87101644897464,123.90172119140624,367.3865844726562,305.1658856671149,0,630,69,699,942.020863861084,0.3372516211197982,2.791778447420836,9.13043478247637,1.34766933313267,0.3239481176839333
143,3.6888794541139363,0.6931471805599453,6.0063531596017325,3.58351893845611,4.127134385045092,3.2188758248682006,110.28850708007812,120.98407232666015,71.634814453125,330.67701416015626,213.20312475097043,1,505,60,565,633.5844080200195,0.2166307647202039,0.9115952617414356,8.416666666526389,1.1213883327768108,0.336503111585248
144,3.7612001156935624,1.0986122886681098,5.762051382780177,4.04305126783455,1.3862943611198906,1.6094379124341003,324.28987426757817,115.4667207183838,50.18483276367188,325.4531982421875,271.79544381771024,0,362,62,424,815.3946259918214,0.1541998451223466,2.808513762642421,5.838709677325182,1.9231005329950432,0.3333299425254037
145,0.0,0.6931471805599453,5.666426688112432,4.060443010546419,5.8805329864007,2.302585092994046,330.4546875,117.04030842590332,127.43981323242188,362.70322265625,308.2192029463103,0,645,67,712,937.6380318145752,0.3513611274219389,2.823426321594009,9.626865671498106,1.316907348052329,0.3287187512536119
146,0.0,1.3862943611198906,5.572154032177765,3.5553480614894135,5.602118820879701,0.0,279.2865234375,110.85070477294924,106.9934326171875,321.621826171875,286.6333492948718,0,532,37,569,818.7524869995118,0.3326684444596041,2.519483516203448,14.378378377989774,1.438932314583608,0.3500854700850424
147,3.7612001156935624,1.0986122886681098,5.820082930352362,4.5217885770490405,1.3862943611198906,3.1354942159291497,381.72551879882815,118.04841705322266,49.82481079101562,361.7686157226563,293.66799482751844,0,381,115,496,911.3673623657228,0.1377256307636017,3.2336352178571937,3.3130434782320606,1.837434198314285,0.3222279038662239
148,0.0,1.0986122886681098,6.111467339502679,4.30406509320417,3.258096538021482,3.295836866004329,141.57630615234373,116.0884478302002,62.67568359375,336.4688232421875,228.2906132897025,1,475,101,576,656.8092608184814,0.1862748619311165,1.21955550959045,4.702970296983139,1.1402938555856617,0.3475752047175326
149,0.0,1.0986122886681098,6.061456918928017,4.248495242049359,1.3862943611198906,2.8903717578961645,327.5847839355469,109.3458191986084,60.690783691406246,325.917919921875,288.34611278689573,0,431,88,519,823.5393067474365,0.1862149332131479,2.9958601648733185,4.897727272671617,1.5867809378532751,0.3501303585925568
150,0.0,0.0,5.799092654460526,3.4011973816621555,5.455321115357702,0.0,275.4510864257812,121.03965174865722,110.275048828125,338.6994873046875,272.9317095393376,0,562,29,591,845.465274307251,0.3255837489018638,2.2757095087772448,19.37931034415933,1.4305673000098484,0.3228183555648065
151,3.713572066704308,1.3862943611198906,5.783825182329737,4.143134726391533,1.3862943611198906,1.6094379124341003,323.0611633300781,114.40727883911134,53.93479614257812,324.5306396484376,274.37832306760805,0,367,69,436,815.9338779602051,0.1661932327894809,2.8237815513606326,5.31884057963306,1.871407976968656,0.3362751939571429
152,0.0,0.6931471805599453,5.988961416889864,3.8918202981106265,1.3862943611198906,2.302585092994046,315.93065185546874,118.54798320007323,54.39836425781249,329.5565185546875,266.79695098985275,0,401,58,459,818.4335178680419,0.1650653566077783,2.665002333440022,6.913793103329073,1.783079559621479,0.3259848786307199
153,0.0,1.6094379124341003,5.8805329864007,4.1588830833596715,4.31748811353631,1.0986122886681098,347.9516235351562,116.67631036376956,58.76641845703125,339.58073730468755,283.2810849002735,0,431,69,500,862.9750896606446,0.1730558067671849,2.9821959783210654,6.246376811503676,1.7259501793178371,0.3282610220085755
154,0.0,4.844187086458591,4.189654742026425,9.20833836930551,0.0,5.981414211254481,424.1274169921875,89.24893588256836,10.403997802734374,35286.09854736328,14646.671805916494,0,65,10500,10565,35809.87889804077,0.0002948469292735,4.752184581175198,0.0061904761904756,3.3894821484181143,0.4090120451850351
155,3.6635616461296463,1.0986122886681098,5.676753802268282,3.295836866004329,2.0794415416798357,2.6390573296152584,226.31748046875,91.10451219177249,61.48410644531249,265.62286376953125,274.823680926232,0,336,41,377,644.5289628753662,0.2314714387629972,2.4841522666832767,8.195121951019631,1.7096258962165958,0.426394618016489
156,0.0,1.6094379124341003,8.234299635696253,5.493061443340548,4.700480365792417,4.59511985013459,169.41478271484377,89.5169535369873,509.4119750976562,379.605322265625,507.4054271117166,1,3876,344,4220,1147.949033615112,1.341951614524146,1.8925441049884604,11.267441860432362,0.2720258373494881,0.4420104135750325
157,0.0,0.6931471805599453,5.579729825986222,3.4657359027997265,5.424950017481403,2.0794415416798357,221.60912475585937,91.36005578613282,102.42625122070312,270.54719238281257,292.1325159277888,0,490,39,529,685.9426241455078,0.3785892225242383,2.4256675726228143,12.56410256378041,1.2966779284389625,0.4258847688482373
158,3.6888794541139363,0.6931471805599453,6.030685260261263,3.1354942159291497,5.187385805840755,1.0986122886681098,232.6569763183593,94.96550820922852,116.88766479492186,279.2013427734375,296.3099992877938,0,632,25,657,723.7114920959473,0.4186500810970441,2.449910295886779,25.2799999989888,1.1015395617881976,0.4094311096666965
159,3.6888794541139363,0.6931471805599453,5.58724865840025,3.4011973816621555,5.402677381872279,2.0794415416798357,227.4792846679688,92.8189020996094,130.65611572265627,286.261669921875,308.8352465354129,0,526,37,563,737.2159724121095,0.4564219714007042,2.4507862032390406,14.216216215831995,1.3094422245307284,0.4189209920730701
160,0.0,0.0,5.7430031878094825,3.2188758248682006,3.7376696182833684,1.791759469228055,203.34655151367187,85.71144712829592,73.69777221679686,244.38336181640628,276.02823585848074,0,352,29,381,607.1391326751709,0.3015662427618987,2.3724550025030275,12.13793103406421,1.5935410306393107,0.4546375303495807
161,0.0,1.9459101490553132,5.288267030694535,5.802118375377063,2.302585092994046,4.31748811353631,308.9613098144532,91.70177517700196,30.442565917968743,418.76759033203126,351.17648414269684,0,206,410,616,849.8732412414552,0.0726956111712437,3.36919660731463,0.5024390243890184,1.3796643526624603,0.4132104260975453
162,3.6635616461296463,1.9459101490553132,4.852030263919617,5.780743515792329,7.618742377670413,3.5553480614894135,328.8457946777344,88.5122777709961,297.8751708984375,529.9668823242188,528.0743100935716,0,2200,363,2563,1245.2001256713866,0.5620637455523944,3.7152562667614006,6.060606060589365,0.48583695890398,0.4240879029854101
163,3.8501476017100584,1.6094379124341003,8.230577217146454,5.602118820879701,4.543294782270004,4.997212273764115,190.2143737792969,87.38884895324708,459.4246765136718,394.6605834960938,508.3298131965292,1,3892,421,4313,1131.6884827423096,1.1641007380131614,2.176643542689121,9.244655581925786,0.2623900956972054,0.4491782155141265
164,0.0,0.6931471805599453,5.707110264748875,3.258096538021482,2.0794415416798357,2.1972245773362196,222.7094604492188,89.60242080688477,59.37813720703125,259.177001953125,273.49311413489266,0,307,34,341,630.8670204162598,0.2291026470687447,2.485529502899557,9.029411764440312,1.8500499132387385,0.4335194348152839
165,0.0,1.0986122886681098,5.808142489980444,1.6094379124341003,3.367295829986474,0.0,189.8958251953125,89.89944813537598,83.19215698242186,240.546826171875,263.5510936513013,0,360,6,366,603.5342564849853,0.3458459972472625,2.1123135806934394,59.99999999,1.6490007007741432,0.4366795932774384
166,3.7612001156935624,1.791759469228055,5.703782474656201,5.5053315359323625,3.9889840465642745,4.356708826689592,300.60422973632814,89.89897412109376,59.177416992187496,403.7966674804687,359.9879490268768,0,394,327,721,853.4772883300782,0.1465525145645321,3.3438004456877444,1.2048929663571717,1.1837410379041533,0.4217897229940481
167,3.6635616461296463,1.791759469228055,5.2574953720277815,5.863631175598097,7.538494999413465,4.1588830833596715,328.6739135742187,89.43902558898925,297.0675109863281,526.4797485351563,521.7182749531967,0,2107,419,2526,1241.6601986846922,0.5642524936852853,3.674837817229156,5.028639618126423,0.4915519393049092,0.4201779806628575
168,0.0,0.0,5.749392985908253,3.295836866004329,4.6913478822291435,1.9459101490553132,214.998046875,89.512842086792,93.62801513671874,258.8981689453125,285.7949478913624,0,421,32,453,657.0370730438233,0.361640314096367,2.401868177351973,13.15624999958887,1.45041296477345,0.434975375996577
169,3.6635616461296463,1.3862943611198906,8.229777750081887,5.44673737166631,4.890349128221754,5.056245805348308,199.37515869140623,91.2186099243164,489.1041870117186,422.60068359375,517.2303930732975,1,3920,390,4310,1202.298639221191,1.1573672405147877,2.185685123404545,10.05128205125628,0.2789556007473113,0.430201262980645
170,3.828641396489095,1.6094379124341003,5.3612921657094255,5.968707559985366,1.3862943611198906,3.9318256327243257,257.3907165527344,80.3974825744629,35.79032592773437,362.7015014648438,348.6678985635008,0,260,444,704,736.2800265197754,0.0986770823475755,3.2014773138094417,0.5855855855842668,1.0458523103959227,0.4735533845880613
171,0.0,5.236441962829949,4.174387269895637,9.261603665913725,0.0,6.270988431858299,430.24575805664057,89.31091200256348,10.403997802734374,35481.09404296875,14694.655684347836,0,64,11240,11304,36011.054710830686,0.0002932265219932,4.817392952380487,0.0056939501779354,3.1856913226138976,0.4080595751039712
172,3.713572066704308,1.0986122886681098,5.955837369464831,3.1780538303479458,4.248495242049359,2.6390573296152584,228.28974609375,91.04494606018068,75.13148803710936,265.4541870117188,281.386492895158,0,494,38,532,659.9203672027588,0.2830299603958011,2.507440071855753,12.999999999657897,1.240451818047967,0.4263946180165043
173,0.0,1.0986122886681098,8.23880116587155,5.44673737166631,2.772588722239781,3.8066624897703196,175.60629272460938,93.28550679016116,526.4811584472657,374.9667114257813,496.5453923387672,1,3799,277,4076,1170.3396693878176,1.4040743948815049,1.882460617572033,13.71480144399381,0.287129457651504,0.4242745976457214
174,0.0,0.6931471805599453,5.849324779946859,3.258096538021482,5.293304824724492,0.6931471805599453,227.25368041992184,93.84658502197269,118.69892578125,282.440625,299.490702563843,0,544,27,571,722.2398162231445,0.4202615179060368,2.4215444852286576,20.14814814740192,1.264868329635516,0.4146693325903499
175,3.7376696182833684,1.0986122886681098,5.863631175598097,3.332204510175204,5.765191102784844,1.9459101490553132,226.76588745117184,90.81206034851076,123.6882568359375,274.8983642578125,306.2134555567155,0,710,35,745,716.1645688934325,0.4499417709138747,2.497089996399289,20.28571428513469,0.961294723345599,0.4275741482567722
176,3.6635616461296463,1.0986122886681098,5.69035945432406,3.4339872044851463,5.572154032177765,2.4849066497880004,211.0838378906249,86.23904498291016,107.0013977050781,260.48338623046874,299.76356266512545,0,595,43,638,664.8076668090819,0.4107801240344571,2.4476597338248283,13.837209302003789,1.042018286532978,0.4509026860407132
177,0.0,0.6931471805599453,5.762051382780177,3.367295829986474,4.564348191467836,1.0986122886681098,224.90601196289063,94.35077156066896,90.11859741210937,272.4491088867188,281.51688926199864,0,412,31,443,681.8244898223877,0.3307722230401894,2.383722021985681,13.290322580216442,1.5391072004985296,0.412887617654977
178,0.0,1.6094379124341003,5.5093883366279774,5.953243334287785,0.6931471805599453,4.143134726391533,288.5498107910156,85.5596128692627,31.669189453125,388.362744140625,351.6781403405636,0,247,450,697,794.1413572540283,0.0815453849032855,3.372500191516232,0.5488888888876692,1.1393706703771722,0.4428407324813668
179,3.6635616461296463,1.0986122886681098,4.997212273764115,6.028278520230698,7.546974117516527,4.543294782270004,336.7121154785156,90.4069378051758,296.74412841796874,546.326806640625,527.2559607043324,0,2079,509,2588,1270.1899883422852,0.5431623065361033,3.724405710990848,4.084479371308282,0.4907998409357784,0.4151000760067672
180,0.0,1.3862943611198906,8.289790583181643,5.602118820879701,5.631211781821365,5.327876168789581,220.9402221679688,91.73393829345704,529.890216064453,474.7527832031251,559.9918099970162,1,4260,478,4738,1317.3171597290038,1.116139251439883,2.4084894454086565,8.912133891194745,0.2780323258186419,0.4251002166492628
181,0.0,1.0986122886681098,5.680172609017068,3.4011973816621555,3.871201010907891,2.9444389791664403,222.3327392578125,88.23771871948243,61.30409545898437,258.6726928710938,277.3020019728896,0,339,49,388,630.5472463073731,0.2369948477294334,2.519701806458907,6.918367346797585,1.6251217688292474,0.4397798953153676
182,0.0,0.6931471805599453,5.572154032177765,2.1972245773362196,5.375278407684165,0.6931471805599453,192.5383117675781,88.48622694396974,97.5771057128906,247.1665283203125,277.1118909738364,0,477,10,487,625.7681727447509,0.3947828469154283,2.1759127766552773,47.69999999523,1.2849449132309363,0.4428347478234991
183,3.828641396489095,1.0986122886681098,5.3981627015177525,5.7899601708972535,2.833213344056216,4.499809670330265,309.78709716796874,92.879705657959,46.24052124023437,424.5335815429688,356.6646511352591,0,281,417,698,873.4409056091309,0.1089207621033514,3.335358299965578,0.6738609112693672,1.2513480023035524,0.4083443411504932
184,0.0,1.3862943611198906,5.170483995038151,5.840641657373398,7.60489448081162,4.1588830833596715,308.3438232421875,83.10935321044923,281.02263793945315,496.4484008789062,528.0374513847723,0,2182,409,2591,1168.9242152709962,0.5660661560020498,3.710097736625265,5.33496332517033,0.4511479024587206,0.4517294145214569
185,0.0,0.6931471805599453,5.780743515792329,3.1780538303479458,5.438079308923196,0.6931471805599453,203.70629882812503,84.3909930267334,93.05452880859374,245.9840698242188,289.2490620091209,0,552,25,577,627.1358904876711,0.3782949394841405,2.413839339006013,22.0799999991168,1.0868906247601111,0.4612223066738134
186,3.828641396489095,1.3862943611198906,8.300776960851454,5.488937726156687,0.6931471805599453,4.394449154672439,185.27349243164065,89.20680349731447,482.5600708007812,361.6791137695313,493.6599415147189,1,4072,324,4396,1118.7194804992675,1.334221558358892,2.076898679988476,12.567901234529112,0.254485778093497,0.4412723208269911
187,3.8501476017100584,0.6931471805599453,5.703782474656201,5.937536205082426,5.093750200806762,3.828641396489095,297.03427734375,90.11477536010744,74.6870361328125,438.6266967773438,379.4445173606646,0,507,424,931,900.4627856140137,0.1702747157922194,3.29617730448171,1.195754716978312,0.9671995549012314,0.4213883387768268
188,0.0,4.394449154672439,4.204692619390966,9.204825191288073,0.0,7.835974581721566,416.1155822753906,87.57644384765625,10.39603271484375,34622.291821289065,14646.52769927108,0,66,12553,12619,35136.37988012696,0.0003002699176734,4.751455573995373,0.0052577073209587,2.7844028750395573,0.4168479436196755
189,3.6888794541139363,0.6931471805599453,5.84354441703136,3.4657359027997265,2.6390573296152584,2.9444389791664403,213.3486145019531,83.50424203491211,71.93908081054687,250.7207885742188,287.61147322263463,0,396,50,446,619.5127259216308,0.2869290624816474,2.554943429223628,7.9199999998416,1.389041986368255,0.4642543424661685
190,0.0,1.0986122886681098,8.229777750081887,5.3981627015177525,7.886457270977689,4.736198448394496,218.200341796875,91.88231973266602,781.1967041015624,514.2902709960937,681.9971462478774,1,6410,335,6745,1605.5696366271973,1.5189801327312626,2.374780506514852,19.13432835815184,0.2380384931989561,0.4247695837597655
191,0.0,0.0,5.762051382780177,3.332204510175204,5.111987788356544,1.0986122886681098,220.01011962890627,91.41110961914065,98.82603149414062,266.61082763671874,288.26355051273055,0,482,29,511,676.8580883789064,0.3706752361476831,2.4068203585227166,16.620689654599285,1.3245755154160113,0.4258847688482289
192,3.7376696182833684,0.0,6.1224928095143865,3.332204510175204,5.963579343618446,2.302585092994046,211.61233520507807,83.40891027832032,148.05664672851563,261.6090454101563,327.70647818003783,0,884,36,920,704.6869376220702,0.5659462060871149,2.537047115187445,24.555555554873457,0.7659640626318525,0.4650383889410543
193,3.6635616461296463,0.6931471805599453,5.634789603169249,3.6375861597263857,5.857933154483459,2.0794415416798357,214.66647949218748,86.13056057739259,127.27732543945312,270.87421875,315.1577940472259,0,666,45,711,698.9485842590332,0.469876114553568,2.492338120762684,14.799999999671112,0.9830500481829116,0.4509026860407463
194,0.0,0.0,5.953243334287785,3.367295829986474,5.288267030694535,2.4849066497880004,201.4697021484375,82.2999813079834,122.611376953125,258.05478515625003,313.9426077129385,0,581,39,620,664.435845565796,0.4751370019292985,2.447992076596574,14.897435897053914,1.0716707186527812,0.4724949892568338
195,0.0,1.3862943611198906,5.220355825078324,5.971261839790462,1.0986122886681098,5.4116460518550396,278.97951049804686,82.71227893066407,26.1318603515625,429.3098876953125,374.3039317257287,0,186,617,803,817.133537475586,0.0608694584040137,3.372891112437326,0.3014586709881662,1.0176009183992134,0.4580694764794842
196,3.6888794541139363,0.6931471805599453,5.332718793265369,5.780743515792329,7.608374474380783,4.90527477843843,333.1265075683594,89.30726458740234,307.80922851562497,548.7192626953125,537.3573289994998,0,2259,458,2717,1278.962263366699,0.5609594002643594,3.730116571184512,4.93231441046958,0.4707258974480045,0.4201510430687435
197,0.0,1.0986122886681098,8.257385655730436,5.568344503761097,5.986452005284438,5.564520407322694,221.87807006835936,92.49104388427736,542.6152404785156,496.52585449218753,570.8232197225154,1,4252,523,4775,1353.51020892334,1.0928237383174584,2.398914108306196,8.130019120443347,0.2834576353765562,0.4217354372052793
198,0.0,1.0986122886681098,5.762051382780177,3.258096538021482,3.970291913552122,2.70805020110221,218.0179138183593,88.37175,66.34281005859374,264.6486694335938,280.3074124815461,0,369,41,410,637.3811433105468,0.2506825755078656,2.4670543902988484,8.999999999780488,1.5545881544121762,0.4397798953153751
199,0.0,0.6931471805599453,6.023447592961033,1.9459101490553132,6.126869184114185,0.0,208.22102050781248,91.98979623413086,154.67244873046874,274.9947509765625,310.1385295269464,0,869,7,876,729.8780164489746,0.5624560039078305,2.2635230104824706,124.14285712512245,0.8331940827033577,0.4249183048907504
200,3.6635616461296463,0.6931471805599453,4.990432586778736,5.634789603169249,4.04305126783455,4.189654742026425,279.91192016601565,83.99764599609375,40.75416870117187,375.7946044921876,352.42481139927787,0,240,345,585,780.4583393554689,0.1084479878473366,3.332378149926968,0.6956521739110271,1.3341168194087774,0.4515613372648073
201,0.0,1.6094379124341003,4.736198448394496,5.8916442118257715,7.571473648851271,4.653960350157523,328.44567260742184,89.1333861694336,285.7634582519531,542.2751220703125,525.0102747221649,0,2054,469,2523,1245.6176390991209,0.5269713594096495,3.6848782113965104,4.379530916835011,0.4937049699162216,0.4214859024487252
202,0.0,0.0,6.037870919922137,3.044522437723423,4.174387269895637,2.302585092994046,217.99253540039064,91.2705718688965,97.3588623046875,260.1253784179688,284.54185300131536,0,482,29,511,666.7473479919435,0.3742766772562931,2.388420834166926,16.620689654599285,1.3047893307057508,0.4267611320207708
203,3.6635616461296463,1.0986122886681098,8.23323750070527,5.476463551931511,3.4339872044851463,5.442417710521793,185.41768798828124,90.03788525390625,477.12947387695306,407.1099609375001,507.2736814395558,1,3831,470,4301,1159.6950080566407,1.1719916476055727,2.0593296639891667,8.15106382976989,0.2696338079647456,0.4374199060226899
204,3.8501476017100584,0.0,5.3471075307174685,5.849324779946859,1.791759469228055,5.209486152841421,293.89114379882807,91.33041242980956,37.57928466796875,463.8610839843751,369.45280393814926,0,260,528,788,886.6619248809815,0.0810140922905133,3.217889156270648,0.4924242424233098,1.1252054884262137,0.4166783230116992
205,0.0,5.517452896464707,3.5553480614894135,8.717027173294824,0.0,5.707110264748875,312.79905395507814,59.09216720581055,5.198016357421875,23697.83660888672,14662.512687675408,0,34,6653,6687,24074.92584640503,0.0002193456070784,5.29340974854324,0.0051104764767766,3.6002580897863656,0.6090366708175871
206,3.871201010907891,1.3862943611198906,5.556828061699537,4.836281906951478,3.58351893845611,3.332204510175204,190.56588134765624,54.87286628723145,42.770928955078126,206.5739501953125,340.7395629124459,0,340,155,495,494.78362678527833,0.2070489958411107,3.472861802893041,2.1935483870826222,0.9995628823924824,0.6886637804197758
207,0.0,2.0794415416798357,5.820082930352362,3.9512437185814275,0.6931471805599453,2.302585092994046,193.6767150878906,61.47136463928224,46.08121948242187,190.9403686523437,305.2064812645484,0,337,67,404,492.1696678619385,0.2413382764861175,3.150681886130996,5.029850746193584,1.2182417521304956,0.6201245245156872
208,0.0,1.791759469228055,5.749392985908253,4.882801922586371,2.302585092994046,3.7376696182833684,223.3836364746093,61.240629455566406,44.497760009765614,235.7860107421876,346.9320516155634,0,322,177,499,564.9080366821289,0.1887209502782228,3.6476378256862847,1.8192090395377447,1.132080233829653,0.6141389909277681
209,3.8066624897703196,2.0794415416798357,5.683579767338681,4.276666119016055,2.1972245773362196,2.1972245773362196,186.4550720214844,53.31808946228029,43.63115844726562,178.51164550781252,327.18132280273227,0,345,86,431,461.9159654388428,0.2444163142572774,3.497032131091164,4.011627906930097,1.071730778277891,0.7083135186530859
210,3.970291913552122,1.9459101490553132,5.384495062789089,5.493061443340548,0.6931471805599453,3.4339872044851463,264.5866516113281,58.49722938537598,33.454962158203124,274.433642578125,396.27611715380925,0,270,278,548,630.9724857330322,0.121905469911756,4.523062961900729,0.9712230215792402,1.151409645496133,0.6280402491604805
211,0.0,0.6931471805599453,7.6544432264701125,5.087596335232384,6.8308742346461795,4.07753744390572,118.898876953125,57.38882432556153,411.4318359375,287.17218017578125,600.0973728989179,1,3034,220,3254,874.8917173919679,1.4327008823912726,2.07181238417694,13.790909090846403,0.268866538841948,0.6859104515094834
212,0.0,1.9459101490553132,5.3612921657094255,5.429345628954441,0.6931471805599453,2.9444389791664403,235.9762756347656,54.37153381347656,23.653125,246.27150878906247,380.41083732206135,0,213,251,464,560.2724432373046,0.096044910416996,4.340070236752018,0.8486055776858622,1.2074837138708991,0.678974741508496
213,3.6888794541139363,1.0986122886681098,5.799092654460526,3.332204510175204,4.543294782270004,3.4657359027997265,167.517333984375,61.79253176879884,78.04193115234375,193.0815307617188,312.55502298675304,0,461,60,521,500.4333276672363,0.404191591210507,2.710964079096841,7.683333333205278,0.9605246212404526,0.6245687601245501
214,3.8501476017100584,1.3862943611198906,5.84354441703136,3.7376696182833684,0.6931471805599453,2.0794415416798357,172.91552124023437,56.94969250488281,41.431201171875,171.69056396484376,297.4487679350833,0,391,51,442,442.986978881836,0.2413132103178213,3.036285423707468,7.66666666651634,1.002232983893289,0.6714616503745011
215,0.0,0.6931471805599453,7.872073979866873,5.236441962829949,0.6931471805599453,2.6390573296152584,118.09747924804688,55.75303596496583,282.2078430175781,211.823583984375,470.9928868957948,1,2623,201,2824,667.8819422149659,1.3322777270970103,2.118225083206929,13.049751243716171,0.236502104183686,0.7052038049315831
216,0.0,0.6931471805599453,5.768320995793772,4.477336814478207,7.0909098220799835,1.791759469228055,173.53597412109374,55.7112179260254,187.1174377441406,246.47805175781247,454.1089063140288,0,1519,93,1612,662.8426815490723,0.7591647061834198,3.1149197698101627,16.333333333157704,0.4111927304892438,0.6850930378413247
217,3.6888794541139363,1.0986122886681098,5.153291594497779,5.087596335232384,7.266128779556451,1.3862943611198906,203.9281127929688,57.095983291625984,195.95231323242183,297.4167114257812,497.9143509275484,0,1641,166,1807,754.3931207427978,0.6588476898032741,3.571671789025942,9.885542168615148,0.4174837414180301,0.6600197393590058
218,0.0,1.0986122886681098,5.332718793265369,5.529429087511423,1.0986122886681098,4.343805421853684,189.62885742187493,53.29580081176759,28.774676513671874,263.1546752929688,378.3127809053036,0,208,329,537,534.8540100402831,0.1093451084672078,3.5580449966040715,0.6322188449828808,0.99600374308992,0.7073197055699428
219,0.0,1.791759469228055,5.799092654460526,3.7612001156935624,0.6931471805599453,1.3862943611198906,182.73268432617184,58.218134765625,44.67777099609375,176.8661865234375,302.93093547613336,0,330,50,380,462.4947766113281,0.252607758860231,3.1387588258998624,6.599999999868,1.217091517395029,0.6549932038044525
220,3.8918202981106265,1.3862943611198906,5.429345628954441,4.867534450455582,0.6931471805599453,0.0,195.54993896484373,57.43588146972656,34.78194580078125,202.31572265625,323.0808305637146,0,276,132,408,490.0834888916015,0.1719191437222431,3.4046650622835832,2.090909090893251,1.201185021790197,0.659236309498514
221,3.828641396489095,1.0986122886681098,5.855071922202427,3.5263605246161616,5.225746673713202,0.6931471805599453,175.16909179687502,63.30887850952149,100.98138427734374,200.0489135742188,328.3789087413627,0,578,36,614,539.508268157959,0.5047834675661687,2.766896143449503,16.05555555510957,0.8786779611678833,0.6086633479444844
222,0.0,1.3862943611198906,7.952615111651,5.327876168789581,4.74493212836325,4.795790545596741,170.03391723632814,64.72497372436524,339.75878906249994,330.3861328125,541.8443121665083,1,2956,328,3284,904.9038128356932,1.0283687943231283,2.627021803945408,9.012195121923744,0.2755492730923927,0.5987866384029638
223,0.0,1.6094379124341003,5.25227342804663,4.762173934797756,1.6094379124341003,2.70805020110221,196.1960998535156,56.493171844482426,28.48156127929688,210.09722900390625,328.58835000306175,0,194,134,328,491.26806198120113,0.1355637169238046,3.472917052527026,1.447761194019047,1.497768481645437,0.6688575452620542
224,3.7612001156935624,1.3862943611198906,5.247024072160486,5.71042701737487,0.6931471805599453,1.6094379124341003,247.14805297851564,59.23369290161133,29.682696533203124,396.4643920898437,458.6160386900781,0,232,308,540,732.5288345031738,0.0748685055337877,4.172423512153166,0.7532467532443077,1.356534878707069,0.6260723361156167
225,0.0,5.099866427824199,3.6109179126442243,8.804024902413179,0.0,6.520621127558696,344.7938232421875,64.05735205078125,5.201202392578125,25750.698156738283,14665.364604563649,0,36,7501,7537,26164.75053442383,0.0002019829660896,5.3825800192844495,0.0047993600853213,3.471507301900008,0.5605008381512563
226,3.7376696182833684,1.3862943611198906,5.645446897643238,4.912654885736052,3.367295829986474,4.143134726391533,219.49431152343752,63.7343637084961,43.21219482421874,249.12696533203123,341.5342948462569,0,351,200,551,575.5678353881835,0.1734545064860922,3.443892725185142,1.7549999999912251,1.0445877230256606,0.593386693707998
227,0.0,1.0986122886681098,5.659482215759621,4.127134385045092,1.0986122886681098,2.302585092994046,186.49742431640627,58.4369647064209,35.91139526367188,185.02291259765624,303.5450768427751,0,288,72,360,465.86869688415527,0.1940916114620319,3.1914290081654944,3.999999999944445,1.2940797135635034,0.6515678749662895
228,0.0,1.3862943611198906,5.337538079701318,4.941642422609304,0.6931471805599453,2.9444389791664403,214.4548828125,59.80414164733887,29.180895996093746,227.2144775390625,334.27819819101074,0,208,160,368,530.6543979949952,0.1284288585481907,3.585953696543971,1.299999999991875,1.441995646721612,0.6299357914556162
229,3.784189633918261,1.3862943611198906,5.831882477283517,4.204692619390966,0.6931471805599453,3.295836866004329,230.29118041992183,66.0685397644043,47.09278564453125,216.70316162109376,320.24532261497666,0,384,95,479,560.1556674499511,0.2173147142479436,3.4856405368975625,4.042105263115346,1.169427280686392,0.5717077255904374
230,3.970291913552122,0.6931471805599453,5.488937726156687,5.634789603169249,1.0986122886681098,4.0943445622221,243.53492431640623,52.897788482666016,32.07062988281249,262.55742187500005,409.6074598807208,0,295,339,634,591.0607645568848,0.1221471084445623,4.60387723754474,0.8702064896729492,0.9322724992996096,0.6930039759737874
231,0.0,0.6931471805599453,7.706162970199576,5.087596335232384,6.796823718274855,4.330733340286331,140.80061645507814,67.54763397216797,469.8302673339844,341.57731933593755,594.06139255809,1,3115,237,3352,1019.755837097168,1.375472669690156,2.084464076284427,13.143459915556358,0.3042231017592076,0.5825525787119392
232,0.0,1.791759469228055,5.198497031265826,5.5093883366279774,1.791759469228055,2.4849066497880004,282.78643798828125,64.7036979675293,22.512524414062497,294.0930908203125,378.5788273516467,0,185,262,447,664.0957511901856,0.076548974174102,4.370483401517846,0.7061068702263126,1.4856728214512305,0.5700666307118989
233,3.6635616461296463,0.6931471805599453,5.43372200355424,3.2188758248682006,4.584967478670572,4.1588830833596715,188.1135681152344,68.72195695495606,96.4301330566406,229.58800048828127,327.0871998338785,0,363,88,451,582.8536586151123,0.4200138197603346,2.7373139015205354,4.124999999953125,1.2923584448199998,0.5611823739950298
234,0.0,1.0986122886681098,5.7745515455444085,3.9889840465642745,2.9444389791664403,1.0986122886681098,192.7667175292969,63.44907696533203,52.77030029296875,193.1073486328125,302.5987742362657,0,339,57,396,502.09344342041015,0.2732692498048664,3.038132731727282,5.947368420948292,1.2679127359069249,0.6026742197115142
235,0.0,1.3862943611198906,7.957877358489813,5.198497031265826,0.6931471805599453,3.4657359027997265,150.37503662109376,70.1062682647705,362.2203369140624,277.07567138671874,481.81524803755576,1,2858,214,3072,859.7773131866454,1.307297515873195,2.1449585085748257,13.35514018685348,0.27987542746952,0.5603953961650999
236,0.0,0.6931471805599453,5.393627546352362,4.653960350157523,7.410347097821024,1.9459101490553132,217.90601806640623,67.80014886474609,261.85545043945314,324.10378417968747,489.330864264789,0,1871,111,1982,871.6654015502929,0.8079370350500723,3.21394601209344,16.855855855704,0.4397908181381701,0.5613746552219837
237,3.6635616461296463,1.0986122886681098,5.1298987149230735,5.176149732573829,7.484930283289661,1.0986122886681098,203.078759765625,54.037518402099614,225.7767883300781,302.4081665039062,544.8852497141404,0,1986,180,2166,785.3012330017089,0.74659620121871,3.758106696364804,11.033333333272038,0.3625582793173344,0.6938550798280242
238,0.0,1.0986122886681098,5.476463551931511,5.697093486505405,0.6931471805599453,4.1588830833596715,228.1346740722656,64.51796420288086,33.39920654296875,311.762841796875,372.8864324251994,0,239,362,601,637.8146866149903,0.1071301709670148,3.535986866407401,0.6602209944733143,1.0612557181596156,0.5846313047502832
239,0.0,1.0986122886681098,5.713732805509369,3.970291913552122,1.6094379124341003,1.791759469228055,198.31783447265624,65.94183325195313,41.62395629882812,202.5067749023437,295.06777767544014,0,306,59,365,508.39039892578126,0.2055435247472347,3.0074661969422087,5.186440677878196,1.392850408012023,0.5803960466175838
240,3.6888794541139363,1.6094379124341003,5.723585101952381,4.976733742420574,3.6888794541139363,2.772588722239781,214.2233459472656,63.18672752380372,58.37931518554687,241.39365234375,345.93821128731344,0,383,163,546,577.1830410003662,0.2418427933729242,3.390321897318912,2.3496932515193274,1.0571117967020314,0.5993561603735592
241,3.713572066704308,0.6931471805599453,6.023447592961033,3.5263605246161616,5.68697535633982,1.0986122886681098,185.47174072265625,66.46522485351564,113.72871093749998,214.77026367187503,336.2930298283148,0,746,36,782,580.4359401855469,0.5295365801232363,2.7905079856215265,20.722222221646607,0.7422454478066556,0.5793800944170225
242,0.0,0.6931471805599453,8.023552392404348,5.3706380281276624,5.220355825078324,5.049856007249537,172.58856811523438,63.63125312805176,352.6765686035156,342.35357666015625,565.8612365327201,1,3235,370,3605,931.249966506958,1.0301530132766117,2.712323891613516,8.743243243219613,0.2583217660212759,0.6076362490026297
243,0.0,1.3862943611198906,5.43372200355424,4.882801922586371,3.7612001156935624,3.6888794541139363,228.76583862304685,66.12872959899903,37.684423828125,260.9911376953125,339.3486288558169,0,270,173,443,593.5701297454834,0.1443896684031254,3.4594016852706964,1.560693641609476,1.3398874260590148,0.5717077255904948
244,3.9318256327243257,0.6931471805599453,5.953243334287785,5.777652323222656,6.274762021241939,4.23410650459726,223.75607299804688,52.50389758300781,58.31240844726562,284.4337646484375,436.187547116253,0,964,391,1355,619.0061436767578,0.2050122583693087,4.261704050447501,2.4654731457737458,0.4568311023441335,0.7046578641767464
245,0.0,5.0369526024136295,3.5553480614894135,8.763428073953845,0.0,5.3706380281276624,336.28480224609376,63.41057702636719,5.201202392578125,25436.13493652344,14662.999944379026,0,34,6762,6796,25841.03151818848,0.0002044808460702,5.303291942934971,0.0050280981957993,3.802388392905337,0.5674309066980455
246,3.828641396489095,1.6094379124341003,5.6131281063880705,4.844187086458591,3.4339872044851463,1.3862943611198906,225.123046875,66.03552342224121,45.83111572265624,239.940966796875,330.7127498338115,0,348,133,481,576.9306528167724,0.1910099652189204,3.409120352270395,2.6165413533637856,1.199440026643603,0.5732279056739067
247,0.0,1.3862943611198906,5.7430031878094825,4.04305126783455,0.6931471805599453,2.3978952727983707,209.40062255859377,64.23567622375488,45.765802001953126,201.3776733398437,308.16996186907454,0,312,69,381,520.7797741241455,0.2272635354391635,3.2598804101621,4.52173913036925,1.3668760475663482,0.5917471783284349
248,0.0,1.6094379124341003,5.564520407322694,5.030437921392435,3.58351893845611,1.6094379124341003,225.17281494140624,64.57416732788086,45.5794189453125,243.548583984375,338.59758867210513,0,295,160,455,578.8749851989746,0.1871471317938335,3.487041711193657,1.8437499999884768,1.272252714720225,0.5849235108252869
249,3.8918202981106265,1.6094379124341003,6.131226489483141,4.04305126783455,0.6931471805599453,1.0986122886681098,213.14789428710927,60.99522976684571,72.6607177734375,201.9129638671875,339.7647824829932,0,508,62,570,548.71680569458,0.359861577886954,3.494501047022411,8.19354838696462,0.9626610626203812,0.6191987906262337
250,3.9889840465642745,1.3862943611198906,5.313205979041787,5.541263545158426,0.6931471805599453,3.8066624897703196,286.5302490234375,63.10720788574218,31.594317626953124,292.1309326171875,391.8094501997692,0,256,301,557,673.3627071533203,0.1081512229594892,4.540372781785406,0.8504983388676064,1.2089097076339523,0.5818698392959485
251,0.0,0.6931471805599453,7.716460800176355,5.062595033026967,3.4339872044851463,2.302585092994046,93.03233642578124,57.2049017944336,308.9068176269531,227.89262695312505,478.863676472465,1,2274,167,2441,687.036682800293,1.3554928114858946,1.6263000810396913,13.616766466984332,0.2814570597296237,0.6969987024855316
252,0.0,1.3862943611198906,5.5093883366279774,5.480638923341991,1.791759469228055,4.07753744390572,270.8572631835938,61.77333668518067,29.48834838867187,288.1446533203125,388.1421151702279,0,251,300,551,650.2636015777588,0.1023386970702842,4.384695367187238,0.8366666666638778,1.1801517269992352,0.5968996484316011
253,3.6635616461296463,0.6931471805599453,5.3612921657094255,3.2188758248682006,5.442417710521793,4.060443010546419,166.881884765625,61.81207612609864,77.09249267578124,201.64617919921875,316.926570294482,0,480,82,562,507.4326327667236,0.3823156629178403,2.69982655852686,5.853658536513979,0.9029050405085778,0.6245687601245673
254,0.0,1.3862943611198906,5.723585101952381,3.7376696182833684,3.091042453358316,2.0794415416798357,192.2303100585937,63.464874114990245,50.58308715820313,195.49464111328123,302.4055984808077,0,326,51,377,501.7729124450683,0.2587441111934804,3.0289244678444964,6.392156862619762,1.330962632476757,0.6026742197115134
255,0.0,1.0986122886681098,7.947678571301568,5.3471075307174685,4.248495242049359,4.2626798770413155,123.2789611816406,57.96454211425782,293.4449890136719,255.37316894531253,495.08817293046354,1,2897,281,3178,730.0616612548828,1.149083085840405,2.126799534386217,10.30960854088858,0.2297236190228612,0.6781456953633095
256,0.0,0.0,5.53338948872752,4.5217885770490405,5.093750200806762,1.0986122886681098,162.84506835937498,60.01752790832519,98.58070678710936,220.26086425781253,348.3507762481357,0,414,93,507,541.7041673126221,0.4475634249363261,2.713291833768998,4.45161290317794,1.0684500341450762,0.6430646047558582
257,3.6635616461296463,1.3862943611198906,5.288267030694535,5.220355825078324,7.537430036586509,1.791759469228055,237.9375,63.407792816162114,273.8174194335937,354.8993408203125,550.0536648557917,0,2111,192,2303,930.0620530700684,0.7715354410067994,3.752496174817163,10.994791666609403,0.4038480473598195,0.5914160921193511
258,0.0,1.3862943611198906,5.043425116919247,5.720311776607412,3.1354942159291497,1.791759469228055,226.32604980468747,64.08884156799316,27.40786743164062,291.35983886718753,358.5718584605712,0,176,312,488,609.1825976715088,0.0940687897759308,3.5314423581996266,0.5641025641007561,1.2483249952259436,0.5886114603906271
259,0.0,1.3862943611198906,5.823045895483019,3.9512437185814275,0.6931471805599453,1.3862943611198906,211.517578125,67.26114472961427,47.707690429687496,204.3759887695313,300.90987892023736,0,338,57,395,530.8624020538331,0.2334309950825613,3.144721651291293,5.929824561299477,1.3439554482341498,0.5668321541617788
260,3.828641396489095,1.6094379124341003,5.3612921657094255,4.795790545596741,1.0986122886681098,0.6931471805599453,208.2536499023437,64.698309173584,37.85169067382813,224.08018798828127,314.57882107473614,0,259,125,384,534.8838377380371,0.1689202914968937,3.218842231879436,2.071999999983424,1.3929266607725108,0.5881254935734571
261,3.713572066704308,0.6931471805599453,5.860786223465865,3.5263605246161616,5.356586274672012,0.0,164.63474121093748,61.31799856567383,89.53236694335936,189.81298828125,318.2869990388497,0,601,34,635,505.29809500122064,0.4716872525615878,2.684933381051612,17.6764705877154,0.7957450314967321,0.6298994636768834
262,0.0,1.0986122886681098,8.031060180240619,5.384495062789089,1.791759469228055,4.110873864173311,154.37559814453124,64.55163917541505,340.4788330078125,275.5661865234375,504.65491575365206,1,3079,279,3358,834.9722568511963,1.2355610000707342,2.3915054693287288,11.035842293867256,0.2486516548096926,0.6043972259104463
263,0.0,1.3862943611198906,5.560681631015528,4.770684624465665,3.8501476017100584,3.4011973816621555,191.7225769042969,55.27907157897949,36.137603759765625,213.39503173828123,339.4766194604406,0,305,149,454,496.53428398132326,0.1693460408390262,3.4682669484943625,2.046979865758074,1.093687850176717,0.6836922049727507
264,3.8501476017100584,1.6094379124341003,5.159055299214529,5.648974238161206,0.6931471805599453,1.0986122886681098,214.1401245117187,54.78555285644532,24.038635253906246,251.81546630859376,371.36142700228834,0,220,289,509,544.7797789306641,0.0954613138191917,3.9086969710595376,0.7612456747378504,1.0702942611583377,0.6816725608475109
265,0.0,5.424950017481403,3.6375861597263857,8.635864721133736,0.0,6.401917196727186,255.81708984375,40.4243321685791,5.198016357421875,16648.889978027342,14691.92948859939,0,37,6457,6494,16950.329416397093,0.0003122139892978,6.328294769858003,0.0057302152702484,2.6101523585455007,0.8667636556010597
266,3.6635616461296463,1.0986122886681098,7.335633981927201,4.382026634673881,6.892641641172089,3.9889840465642745,102.03409423828124,41.50930595397949,347.4084594726562,216.35892333984376,663.4746439612973,1,2555,134,2689,707.3107830047607,1.605704327366068,2.4581016687907584,19.067164178962187,0.2630385953902929,0.9380242177870116
267,0.0,1.3862943611198906,5.043425116919247,5.318119993844216,6.984716320118266,4.248495242049359,177.08466796875,41.45048826599122,151.84324951171874,275.2632568359375,575.9974407704873,0,1233,275,1508,645.6416625823974,0.5516291976508466,4.272197394349394,4.48363636362006,0.4281443385822077,0.8921317723917573
268,0.0,1.791759469228055,4.919980925828125,5.645446897643238,0.6931471805599453,4.948759890378168,166.18414306640625,35.151217666625975,14.606378173828125,223.8891357421876,457.201982695175,0,137,427,564,439.8308746490479,0.0652393343041995,4.72769235586,0.3208430913341432,0.7798419763267165,1.0394949719228974
269,3.784189633918261,1.3862943611198906,5.176149732573829,4.219507705176107,3.091042453358316,0.0,120.33671264648436,40.52265769958496,26.93792724609375,134.9930419921875,305.21407726157844,0,240,70,310,322.7903395843506,0.1995504868128921,2.969615505864198,3.428571428522449,1.0412591599461591,0.9455489828278312
270,3.784189633918261,1.3862943611198906,5.2574953720277815,4.23410650459726,0.6931471805599453,1.0986122886681098,116.34768676757812,39.081070495605466,34.24509887695312,131.74515380859376,315.0635112626761,0,235,73,308,321.4190099487305,0.2599344103878482,2.977085460790639,3.2191780821476823,1.0435682141158666,0.980226749226661
271,0.0,0.6931471805599453,5.564520407322694,4.189654742026425,0.6931471805599453,0.0,125.61015014648436,40.553274032592775,38.32322387695312,140.19448242187502,324.48965103283825,0,261,66,327,344.6811304779053,0.2733575759519339,3.0974108290845703,3.954545454485537,1.0540707354032148,0.9414198293419408
272,0.0,1.6094379124341003,7.791935956938058,5.313205979041787,3.828641396489095,4.962844630259907,138.17526855468748,44.96738983154297,244.18092041015623,266.8793334960937,590.8324726630477,1,2465,348,2813,694.2029122924803,0.9149487793247032,3.0727882821139385,7.08333333331298,0.2467838294675554,0.8510947767578195
273,3.7612001156935624,1.3862943611198906,5.117993812416755,5.455321115357702,0.6931471805599453,2.70805020110221,155.94889526367186,36.009343185424804,24.231390380859377,182.75266113281253,409.10499334981535,0,209,250,459,398.9422899627685,0.1325911766785,4.33078977465113,0.8359999999966561,0.8691553158211316,1.0254741190435583
274,3.912023005428146,1.3862943611198906,5.176149732573829,5.049856007249537,0.6931471805599453,4.23410650459726,156.98133544921873,39.59832984924317,25.38792114257812,188.5014404296875,386.5569499209656,0,226,226,452,410.46902687072753,0.1346829026057937,3.964342335722392,0.9999999999955752,0.9081173160836712,0.9417445035183264
275,0.0,1.9459101490553132,5.749392985908253,5.308267697401205,6.583409222158765,4.418840607796598,206.8337768554688,42.88240557861329,109.67448120117189,269.7674926757813,534.737108108108,0,1035,289,1324,629.1581563110352,0.406551879594244,4.823278313327636,3.5813148788803417,0.4751949821076737,0.8499247808255411
276,0.0,1.9459101490553132,7.701200180857446,5.153291594497779,2.4849066497880004,0.0,93.34182128906252,37.82437380981445,202.24791870117184,158.91932373046876,506.7305990200081,1,2221,178,2399,492.3334375305176,1.2726452262213048,2.467769109831898,12.477528089817543,0.205224442488667,1.0292427050266495
277,4.07753744390572,1.6094379124341003,4.859812404361672,5.583496308781699,0.6931471805599453,4.204692619390966,190.54412841796875,38.92425659179688,17.8991455078125,236.65865478515624,452.3707264481903,0,187,335,522,484.0261853027344,0.0756327526833366,4.895254144769713,0.5582089552222144,0.9272532285475232,0.9345996976678448
278,0.0,1.9459101490553132,5.214935757608986,5.501258210544727,0.6931471805599453,3.1354942159291497,218.91192626953125,40.81251992797852,23.06530151367188,221.76690673828125,444.2528066691746,0,184,272,456,504.5566544494629,0.1040069587153886,5.36384243488222,0.6764705882328071,1.106483891334115,0.880481513325856
279,0.0,1.6094379124341003,5.278114659230517,4.143134726391533,0.6931471805599453,0.0,119.3451416015625,44.59200045776368,31.022424316406248,142.06025390624998,291.9697935437817,0,196,66,262,337.01982028198245,0.2183751152286447,2.67638007655491,2.969696969651974,1.286335191911054,0.8663282571886306
280,3.7376696182833684,1.3862943611198906,5.389071729816501,4.859812404361672,3.6109179126442243,0.0,131.12188110351562,36.40301953125,39.34912719726562,153.1688232421875,372.4902643892274,0,295,131,426,360.0428510742188,0.2569003689137877,3.6019506839907254,2.251908396929375,0.8451710119093276,1.0345720329589552
281,3.6635616461296463,0.6931471805599453,5.267858159063328,4.727387818712341,6.884486652042782,4.634728988229636,129.61038208007812,35.306619506835936,146.20078125,211.1815795898437,555.9791283500634,0,1207,215,1422,522.2993624267579,0.6922989284068167,3.6709938217481417,5.613953488345982,0.3672991296950707,1.0644836435674647
282,0.0,1.3862943611198906,5.19295685089021,4.983606621708336,0.6931471805599453,2.5649493574615367,136.72012939453123,36.25165928649903,21.58857421875,154.11719970703126,360.5044133247089,0,180,160,340,348.67756260681153,0.1400789416083907,3.771417145633321,1.1249999999929687,1.0255222429581945,1.0339191619570889
283,0.0,1.791759469228055,4.927253685157205,5.501258210544727,0.6931471805599453,1.0986122886681098,161.91348266601562,34.42452383422852,18.182702636718748,176.69578857421874,415.5121936017114,0,138,251,389,391.21649771118166,0.1029039955243666,4.7034341982770025,0.5498007968105586,1.005697937558293,1.0621029430803914
284,4.007333185232471,1.6094379124341003,7.725330037917135,5.075173815233827,4.23410650459726,4.290459441148391,126.99656982421877,40.66670315551758,231.701220703125,213.44150390625003,575.9314784890724,1,2386,235,2621,612.8059975891114,1.085549044874654,3.122863668968584,10.153191489318498,0.2338061799270803,0.9398267653285872
285,3.8066624897703196,1.3862943611198906,5.308267697401205,4.976733742420574,3.4657359027997265,3.044522437723423,135.39649658203123,39.16315480041504,34.335900878906244,168.7972412109375,364.5645533315659,0,276,167,443,377.69279347229,0.2034150595849784,3.4572418199858377,1.6526946107685467,0.8525796692357505,0.965240956754838
286,0.0,1.3862943611198906,5.393627546352362,5.726847747587197,0.6931471805599453,4.356708826689592,170.87915039062497,35.779950210571286,24.5260986328125,218.0818359375,458.24510391894415,0,220,386,606,449.2670351715087,0.1124628217075766,4.775835331804415,0.5699481865270208,0.7413647445062168,1.0199838137311543
287,0.0,5.459585514144159,3.5553480614894135,8.736328721332908,0.0,7.010311867307229,293.40087890625,45.54358163452149,5.198016357421875,18812.566992187498,14695.36136068452,0,34,7565,7599,19156.70946908569,0.0002763055334011,6.442200379721859,0.0044943820224713,2.5209513711124054,0.7671130255641514
288,3.6635616461296463,0.6931471805599453,7.365812837209472,4.543294782270004,5.25227342804663,4.442651256490317,90.18880004882811,48.28970603942872,268.990576171875,195.4257934570313,494.3240157012386,1,1808,178,1986,602.8948757171631,1.376433332632942,1.8676609870708465,10.157303370729451,0.3035724449732425,0.8199174277479206
289,0.0,1.0986122886681098,4.736198448394496,5.25227342804663,6.976348070447749,3.9512437185814275,209.55569458007807,46.95705729675292,164.3181701660156,294.91065673828126,560.737819860852,0,1183,243,1426,715.7415787811278,0.5571794928769994,4.462709263301858,4.868312757181612,0.5019225657648148,0.7834361401987812
290,0.0,1.791759469228055,4.59511985013459,5.69035945432406,1.3862943611198906,4.248495242049359,213.21381225585927,47.09739047241212,15.331201171875,273.352734375,428.1780523396963,0,101,369,470,548.9951382751465,0.0560857794485668,4.527083350323301,0.2737127371266295,1.1680747622850605,0.7799304993559365
291,3.7612001156935624,0.6931471805599453,5.5134287461649825,4.430816798843313,7.10085190894405,1.0986122886681098,138.98836669921874,36.27998039245605,149.6863037109375,180.057275390625,520.9251990272925,0,1501,86,1587,505.0119261932373,0.8313260510322031,3.830993434723261,17.453488371890074,0.3182179749167732,1.0315106871890678
292,3.8066624897703196,1.3862943611198906,5.560681631015528,4.23410650459726,0.6931471805599453,2.833213344056216,147.67882690429687,46.95218742370606,42.33762817382812,168.656103515625,329.3728422832928,0,304,87,391,405.624746017456,0.2510293270806814,3.14530238108968,3.4942528735230542,1.0374034424972345,0.812013678939367
293,0.0,1.0986122886681098,5.247024072160486,4.382026634673881,3.332204510175204,1.3862943611198906,134.02062377929684,43.19186206054688,31.98779296875,150.77120361328127,318.1278800366794,0,216,84,300,359.971482421875,0.2121611567855127,3.1029137754774774,2.571428571397959,1.1999049414022505,0.8837585630268345
294,0.0,1.6094379124341003,7.87587915949631,5.455321115357702,4.990432586778736,4.68213122712422,130.70165405273437,39.54021070861816,215.618115234375,239.8755615234376,601.7874566946466,1,2778,344,3122,625.735541519165,0.8988748743894392,3.305537621248467,8.075581395325361,0.200427783958669,0.9617281051874744
295,4.007333185232471,1.6094379124341003,4.948759890378168,5.638354669333745,0.6931471805599453,2.0794415416798357,232.71481933593748,47.47057443237305,20.130963134765626,240.31962890625,414.2246535493827,0,195,291,486,540.6359858093261,0.0837674526475532,4.902296256443295,0.6701030927812024,1.1124197238852134,0.7661803217344602
296,3.9512437185814275,1.6094379124341003,5.846438775057725,5.181783550292085,5.5254529391317835,2.70805020110221,195.86354370117184,45.7186226348877,65.96207885742186,205.27961425781248,414.7242584096349,0,646,195,841,512.8238594512939,0.3213279559959528,4.284108584396089,3.312820512803524,0.609778667598911,0.8087070263317482
297,0.0,1.3862943611198906,5.081404364984463,5.480638923341991,2.833213344056216,4.584967478670572,197.2634765625,44.35482366943359,22.32295532226562,246.28355712890627,423.4492480814528,0,176,339,515,510.2248126831055,0.0906392435711451,4.447396252281656,0.5191740412964037,0.9907277916157567,0.8299268039393101
298,0.0,1.6094379124341003,7.80954132465341,5.062595033026967,0.6931471805599453,1.3862943611198906,111.78006591796876,41.72375500488282,224.79389648437493,171.74392089843752,510.1546675346731,1,2464,164,2628,550.041638305664,1.308889975884504,2.679050960351205,15.024390243810828,0.2093004711969006,0.9274837248780194
299,4.04305126783455,1.9459101490553132,5.3230099791384085,5.645446897643238,0.6931471805599453,2.6390573296152584,191.61397705078124,36.76929286193848,25.94388427734375,207.5429809570313,453.1848301742724,0,261,301,562,461.87013514709474,0.1250048744485849,5.211249989632466,0.8671096345486143,0.8218329806873184,0.9811953527347304
300,0.0,1.791759469228055,5.062595033026967,5.602118820879701,0.6931471805599453,4.174387269895637,218.96449584960936,42.847443283081056,18.537945556640626,244.3265625,442.9369527631071,0,158,339,497,524.676447189331,0.0758736396357426,5.110328156521778,0.4660766961638169,1.055687016475403,0.8442097127383112
301,0.0,0.6931471805599453,5.214935757608986,4.219507705176107,0.6931471805599453,0.0,121.08010253906248,45.59982467651368,33.13317260742187,146.49576416015626,293.5674260768336,0,184,68,252,346.3088639831543,0.2261715401612084,2.655275615539151,2.705882352901384,1.3742415237372223,0.8477040486329165
302,3.8066624897703196,1.0986122886681098,5.424950017481403,5.093750200806762,3.6635616461296463,3.6109179126442243,181.3085266113281,48.06941413879395,41.91707153320312,211.32099609375,376.2994661043164,0,308,200,508,482.6160083770752,0.1983573440776739,3.771806456472558,1.5399999999923,0.9500315125514276,0.7797077999317592
303,3.6635616461296463,1.0986122886681098,4.90527477843843,4.804021044733257,7.035268599281097,2.70805020110221,163.45447998046876,46.2276441192627,158.03212280273434,241.2697265625,496.9415988270744,0,1307,137,1444,608.9839734649659,0.6550018730225639,3.535860048486068,9.540145985331824,0.4217340536458062,0.8160175316253161
304,0.0,2.1972245773362196,5.4638318050256105,5.117993812416755,0.6931471805599453,2.5649493574615367,172.9158508300781,43.77641647338867,31.841235351562496,196.38277587890624,379.16818244473336,0,236,186,422,444.9162785339355,0.1621386356766559,3.949977288141945,1.2688172042942538,1.0543039775660692,0.8522236670982145
305,0.0,1.9459101490553132,5.198497031265826,5.641907070938114,0.6931471805599453,3.8918202981106265,216.76085815429687,46.10345736694336,21.591760253906248,247.31799316406253,421.753623075806,0,181,335,516,531.774068939209,0.087303636818271,4.701618284814686,0.5402985074610738,1.0305699010429814,0.7931067867155189
306,3.713572066704308,1.3862943611198906,7.794823152179389,5.14166355650266,4.430816798843313,4.143134726391533,136.73364257812497,46.83529550170898,253.1193420410156,233.61730957031253,550.1183049815915,1,2550,235,2785,670.305589691162,1.0834785423455535,2.919457240751609,10.85106382974106,0.2406842332821979,0.8206977734352975
307,3.784189633918261,1.6094379124341003,5.3230099791384085,5.075173815233827,0.6931471805599453,2.833213344056216,172.12928466796873,44.156336425781255,33.204858398437494,186.8198364257813,369.1648531295187,0,248,179,427,436.3103159179688,0.177737327221412,3.8981785763270578,1.3854748603274556,1.0218040185408594,0.8461061764078934
308,0.0,1.791759469228055,5.214935757608986,5.82600010738045,0.6931471805599453,4.564348191467836,248.9832092285156,46.42668521118164,20.90994873046875,294.2497192382813,472.6245729235566,0,184,438,622,610.5695624084472,0.0710619156562897,5.362933151281416,0.4200913241999541,0.9816230906872436,0.7740716243018599
309,0.0,5.472270673671475,3.6109179126442243,8.750841375375533,0.0,4.875197323201151,297.6413818359375,46.71921688842775,5.201202392578125,19263.11121826172,14693.586115025835,0,36,6682,6718,19612.673019378664,0.0002700084287343,6.370855541957764,0.0053876085004481,2.919421408064266,0.7491883488042052
310,3.6635616461296463,0.6931471805599453,7.438383530044307,4.356708826689592,3.367295829986474,4.219507705176107,90.31635131835938,45.99111099243164,254.8828125,179.3068359375,489.8089746109103,1,1765,145,1910,570.4971107482911,1.421489655795508,1.9637784208182791,12.1724137930195,0.2986895867790536,0.8585652151114228
311,0.0,1.791759469228055,5.19295685089021,5.393627546352362,6.78897174299217,3.1354942159291497,218.7731689453125,48.93537336730957,150.13872070312502,294.61289062500003,535.6159936334229,0,1066,246,1312,712.4601536407472,0.5096135487626048,4.470654945221885,4.333333333315719,0.54303365368918,0.7517837887432952
312,0.0,2.0794415416798357,5.135798437050262,5.700443573390687,0.6931471805599453,3.8066624897703196,205.1250183105469,43.76419688415528,19.87926635742188,247.8567260742188,431.81243759565353,0,170,349,519,516.6252076263429,0.0802046677215811,4.687050897993855,0.4871060171905814,0.9954242921490316,0.8358330782557026
313,3.8066624897703196,1.0986122886681098,5.111987788356544,4.543294782270004,0.6931471805599453,0.0,153.3517272949219,49.30413153076172,26.601800537109373,164.19477539062498,304.53878308728,0,210,95,305,393.452434753418,0.1620136845015973,3.110322046665252,2.210526315766205,1.2900079827938622,0.7740167709913008
314,3.871201010907891,1.6094379124341003,5.493061443340548,4.290459441148391,3.4339872044851463,2.302585092994046,142.12935791015624,44.881059356689455,45.291082763671874,161.45463867187502,334.2989209503576,0,319,85,404,393.7561387023926,0.2805189317318818,3.166800426376417,3.752941176426436,0.9746439076767772,0.8489998963601614
315,0.0,1.3862943611198906,5.3230099791384085,4.454347296253507,0.6931471805599453,0.0,124.92443847656251,40.45624081420898,27.53052978515625,135.320068359375,309.8223390177157,0,205,88,293,328.2312774353028,0.2034475013110314,3.087890420842039,2.3295454545189824,1.1202432676934555,0.9439147342618512
316,0.0,2.0794415416798357,7.902487437162855,5.43372200355424,4.276666119016055,4.30406509320417,156.80137939453127,48.74349238586426,265.6054138183593,269.63151855468755,579.3302663126492,1,2774,308,3082,740.7818041534424,0.9850681227517668,3.2168679697802536,9.006493506464265,0.2403574964805976,0.7820525059655314
317,3.970291913552122,1.3862943611198906,4.795790545596741,5.521460917862246,0.6931471805599453,0.6931471805599453,221.3556701660156,45.16973405456543,20.64391479492188,222.98551025390623,410.7916018454809,0,173,253,426,510.1548292694092,0.0925796244398246,4.900530737987421,0.6837944664004594,1.1975465475779616,0.8052292721269909
318,3.9889840465642745,1.3862943611198906,5.030437921392435,5.327876168789581,0.6931471805599453,2.0794415416798357,165.61461181640624,39.397208084106445,23.850659179687497,179.92646484375,384.44439670809055,0,206,215,421,408.78894392395017,0.1325578157736111,4.203714422063692,0.9581395348792644,0.9709951162066014,0.9404471486358764
319,0.0,2.0794415416798357,5.176149732573829,5.438079308923196,2.8903717578961645,3.6109179126442243,222.3113159179688,49.088020935058594,26.89810180664062,247.5589599609375,408.4543049941769,0,193,272,465,545.8563986206054,0.1086533156011652,4.528830286467416,0.7095588235268031,1.1738847282138314,0.7482816103751906
320,0.0,1.6094379124341003,7.848153086199526,5.2574953720277815,3.2188758248682006,0.0,125.93347778320312,46.32163865661621,246.95595703125,196.8457763671876,514.0421903058236,1,2584,195,2779,616.0568498382569,1.2545656888737835,2.7186749310410487,13.251282051214096,0.2216829254544927,0.8344070688280616
321,3.784189633918261,1.6094379124341003,5.087596335232384,5.924255797414532,3.8066624897703196,4.2626798770413155,190.28853149414064,34.58442132568359,27.548052978515624,233.7274658203125,503.3052073552179,0,248,447,695,486.1484716186524,0.1178639954945494,5.502145885185699,0.5548098433992062,0.6994942037668387,1.0352911440375532
322,0.0,1.9459101490553132,5.389071729816501,5.659482215759621,0.6931471805599453,2.6390573296152584,251.04841918945309,47.05103686523438,24.449633789062496,254.2492309570312,440.859474155626,0,219,305,524,576.7983208007812,0.0961640422546583,5.335661781549708,0.7180327868828917,1.1007601541978635,0.7643217018087141
323,0.0,1.0986122886681098,5.204006687076795,4.276666119016055,0.6931471805599453,0.6931471805599453,130.34322509765624,48.57958822631836,31.69627075195312,158.6146728515625,293.56654891541706,0,182,74,256,369.23375692749016,0.1998318956368925,2.6830862478237054,2.459459459426224,1.4423193629923745,0.7950696365291225
324,3.713572066704308,1.3862943611198906,4.983606621708336,5.081404364984463,0.6931471805599453,0.0,151.13045654296874,39.918578887939454,22.1684326171875,165.16036376953124,355.14106304422546,0,186,163,349,378.3778318176269,0.1342236848544826,3.785967856306719,1.141104294471527,1.0841771685287758,0.9385884509599391
325,3.6635616461296463,0.6931471805599453,5.181783550292085,4.787491742782046,7.247080584585756,3.6109179126442243,179.21167602539063,47.48874165344238,208.80796508789064,272.0635620117188,558.409419004841,0,1618,156,1774,707.5719447784425,0.7674969905677006,3.773771841112284,10.371794871728389,0.3988567896155826,0.7891910117760577
326,0.0,1.9459101490553132,5.638354669333745,5.1647859739235145,0.6931471805599453,1.3862943611198906,168.47578125,41.993998031616215,40.08032226562499,181.2380126953125,382.9494391290227,0,281,183,464,431.7881142425538,0.22114743849451,4.011901441704764,1.5355191256746694,0.9305778324172914,0.886892034533903
327,0.0,2.0794415416798357,5.262690188904886,5.541263545158426,0.6931471805599453,0.0,210.4228454589844,42.74781546020508,29.72092895507813,210.5946533203125,419.6656601526004,0,193,261,454,493.4862431945801,0.1411286017301291,4.922423361024131,0.7394636015297339,1.0869741039504257,0.8504100487888923
328,3.9889840465642745,1.3862943611198906,7.847762537473608,5.209486152841421,4.624972813284271,3.8918202981106265,121.385302734375,39.80288447570801,224.12642211914064,200.31741943359373,563.4999359418588,1,2713,233,2946,585.6320287628174,1.118856376803121,3.0496609562406887,11.643776823984362,0.1987888760226132,0.9622081926279268
329,3.8501476017100584,1.3862943611198906,5.247024072160486,5.159055299214529,0.6931471805599453,1.9459101490553132,195.4861633300781,48.87091740417481,32.29365234375,208.0197509765625,369.4875281273992,0,236,182,418,484.6704840545655,0.1552432025900909,4.000051026449088,1.296703296696172,1.1594987656780047,0.762347904984119
330,0.0,2.0794415416798357,5.2832037287379885,5.902633333401366,3.713572066704308,3.367295829986474,230.08304443359373,42.19661668395997,29.978997802734373,258.55393066406253,476.5249179416036,0,236,400,636,560.8125895843507,0.1159487218996099,5.452642000930887,0.589999999998525,0.8817808012318694,0.8497043875101536
331,0.0,5.017279836814924,4.219507705176107,8.238536930171769,0.0,8.604654467186231,206.45441894531248,34.01384284973145,10.44700927734375,13909.631066894532,14683.484142985984,0,67,9389,9456,14160.54633796692,0.0007510630028288,6.069717551507792,0.0071360102247303,1.4975197057916054,1.0369292111008417
332,3.713572066704308,1.0986122886681098,5.327876168789581,4.867534450455582,7.191429330036379,4.1588830833596715,164.825244140625,34.542303909301765,182.8099182128906,257.5470336914063,675.8170228415757,0,1572,194,1766,639.7244999542236,0.7098117792000053,4.771692257952376,8.103092783463387,0.3622449037111332,1.056418853567244
333,0.0,1.791759469228055,5.501258210544727,5.272999558563747,7.130098510125578,4.787491742782046,203.2948059082032,32.06245079040527,149.44257202148435,299.53549804687503,747.850591545773,0,1492,318,1810,684.3353267669679,0.4989143957742157,6.340588473127539,4.691823899356315,0.3780858158931435,1.0928130732016714
334,0.0,1.791759469228055,5.308267697401205,4.897839799950911,6.956545443151569,3.6635616461296463,125.93182983398438,27.170758117675785,102.92964477539064,188.1038452148437,598.7103423564258,0,1250,176,1426,444.1360779418945,0.5471958569336095,4.634829447302955,7.102272727232374,0.3114558751343499,1.3480335691922916
335,3.6375861597263857,2.4849066497880004,5.075173815233827,5.135798437050262,6.970730078143525,4.927253685157205,173.85831298828126,33.62397358703613,128.6473205566406,285.0138061523437,667.1351852404208,0,1260,317,1577,621.1434132843017,0.4513722415517847,5.1706652853826425,3.974763406927525,0.3938766095649383,1.074043724800788
336,3.6635616461296463,1.3862943611198906,5.552959584921617,3.58351893845611,4.204692619390966,3.2188758248682006,99.5091064453125,31.68232127380372,44.7383056640625,228.69298095703127,486.96797676938337,0,361,62,423,404.62271434021,0.1956260549696218,3.1408401418001524,5.8225806450673785,0.9565548802346416,1.2035112204766965
337,0.0,0.0,5.41610040220442,3.044522437723423,0.6931471805599453,2.0794415416798357,88.69509887695312,33.80153434753419,29.109210205078124,101.33686523437498,289.5115679031751,0,225,27,252,252.9427086639404,0.2872519308493134,2.6239962352714743,8.333333333024692,1.0037409073926058,1.1445736840221612
338,0.0,1.9459101490553132,5.236441962829949,5.267858159063328,2.0794415416798357,5.793013608384144,170.15965576171874,28.96215289306641,20.55311279296875,286.94326171875,620.2452690453952,0,194,526,720,506.618183166504,0.0716277938355717,5.875241954011645,0.3688212927749642,0.703636365508056,1.2242854474102491
339,3.6888794541139363,1.6094379124341003,5.181783550292085,4.672828834461906,6.335054251498059,3.784189633918261,137.77481689453126,33.85010334777833,117.49460449218748,198.4086181640625,535.4557461538462,0,779,153,932,487.5281428985596,0.5921849845979974,4.070144645496441,5.0915032679405785,0.5230988657704254,1.098307357128634
340,3.6635616461296463,1.0986122886681098,4.997212273764115,4.7535901911063645,6.863803391452954,5.111987788356544,127.5412170410156,26.5221469116211,136.4913391113281,231.05617675781247,717.0426358182657,0,1141,282,1423,521.6108798217772,0.5907279390925105,4.808857196259724,4.046099290765794,0.3665571889117432,1.3746696312429076
341,0.0,0.6931471805599453,5.659482215759621,3.332204510175204,3.367295829986474,2.772588722239781,86.06002807617188,32.78474377441407,31.839642333984376,102.052880859375,298.235286974684,0,314,43,357,252.73729504394527,0.3119916073466481,2.6250023079548974,7.302325581225528,0.7079476051631299,1.1800208865954966
342,0.0,1.791759469228055,5.53338948872752,4.875197323201151,6.53813982376767,5.147494476813453,158.71151733398438,35.55516764831543,135.5912841796875,266.0652099609375,616.7201697091242,0,942,306,1248,595.9231791229248,0.5096167371866648,4.463810124575244,3.07843137253896,0.4775025473737558,1.0348987777514769
343,3.8918202981106265,1.0986122886681098,5.82600010738045,4.653960350157523,6.773080375655535,4.276666119016055,146.1816650390625,35.38245680236817,163.20465087890622,240.2284057617188,613.6299991837127,0,1259,177,1436,584.9971784820557,0.6793728258768392,4.131473002325464,7.1129943502423,0.407379650753237,1.0489452287187166
344,0.0,1.6094379124341003,5.652489180268651,4.709530201312334,6.658011045870748,3.8501476017100584,147.72480468749998,33.67161950683594,143.92276611328126,219.71008300781253,596.7495064153969,0,1062,160,1222,545.0292733154297,0.6550576293192176,4.387220063861853,6.637499999958516,0.4460141352823107,1.0948944132564782
345,0.0,1.791759469228055,5.0369526024136295,4.836281906951478,7.268920128193722,4.5217885770490405,148.28115234375,29.078226516723635,160.7784851074219,233.85999755859376,711.7500541695147,0,1587,221,1808,571.9978615264893,0.6874988744770308,5.0993877585130685,7.180995475080629,0.3163704986317328,1.2443229285312791
346,3.6888794541139363,1.6094379124341003,5.272999558563747,4.983606621708336,1.3862943611198906,4.990432586778736,119.58953247070312,27.093393997192383,27.836389160156248,177.95570068359376,479.3484679186553,0,236,295,531,352.4750163116455,0.1564231381915271,4.413973844645742,0.7999999999972882,0.6637947576477998,1.359950197132477
347,4.07753744390572,1.791759469228055,7.486613313139955,4.927253685157205,5.993961427306569,5.786897381366708,132.4745178222656,27.64742687988281,175.1044921875,332.4601684570313,882.3145817639231,1,2241,467,2708,667.6866053466797,0.5266931464290726,4.791567706934308,4.798715203415849,0.246560784839894,1.3214501754224677
348,0.0,1.6094379124341003,5.093750200806762,4.844187086458591,7.443078374348516,4.897839799950911,175.71588134765625,34.42242320251465,238.8188232421875,311.09674072265625,798.7634754169339,0,1869,263,2132,760.0538685150146,0.7676673908143821,5.104692377662565,7.106463878299976,0.3564980621550929,1.0509300833854038
349,0.0,1.6094379124341003,7.299797366758161,4.7535901911063645,7.425357887027151,4.927253685157205,107.65442504882812,31.407432907104496,335.4194091796875,275.4370971679687,905.0615064454348,1,3156,256,3412,749.9183643035888,1.217771362780237,3.427673486203597,12.328124999951845,0.2197885006750788,1.2068800412491736
350,3.8066624897703196,1.0986122886681098,5.429345628954441,4.31748811353631,3.6375861597263857,3.367295829986474,108.67203369140624,34.69093981933594,44.73511962890624,162.85052490234375,385.8892089527197,0,308,104,412,350.9486180419922,0.2747004939373561,3.1325768126841687,2.961538461509985,0.8518170340804377,1.0995604174325233
351,3.7376696182833684,1.6094379124341003,5.627621113690637,4.804021044733257,1.3862943611198906,5.220355825078324,143.33318481445312,35.87434391784668,45.56348876953124,248.08736572265624,491.1755373581436,0,321,309,630,472.8583832244873,0.1836590454198472,3.995423167562172,1.038834951452949,0.7505688622598996,1.038737082353728
352,0.0,1.0986122886681098,5.3471075307174685,4.948759890378168,7.142827401161621,5.049856007249537,145.68035888671875,27.705820449829105,126.97305908203124,239.7172119140625,702.4102053780512,0,1473,297,1770,540.0764503326416,0.5296785244065862,5.258113873410279,4.959595959579261,0.3051279380408681,1.300575511011682
353,0.0,1.3862943611198906,7.065613363597717,4.174387269895637,6.551080335043404,5.0238805208462765,95.57561645507812,36.73135176086426,269.33466796874995,231.50885009765625,668.5272647580073,1,1869,218,2087,633.1504862823485,1.1633882154136848,2.602017401230193,8.573394495373517,0.3033782876291543,1.055874202485927
354,3.8918202981106265,1.0986122886681098,5.5134287461649825,4.997212273764115,5.4680601411351315,5.056245805348308,144.94257202148435,28.015955520629888,56.58717041015624,211.69105224609376,568.737543485957,0,531,305,836,441.2367501983642,0.2673101664405993,5.173572320586409,1.740983606551669,0.5277951557390388,1.2889623161012405
355,3.6109179126442243,1.0986122886681098,6.97354301952014,3.8918202981106265,5.7745515455444085,3.970291913552122,54.32448120117188,30.171093887329103,184.72472534179684,147.093017578125,547.3999761044902,1,1424,102,1526,416.3133180084228,1.2558361258883606,1.8005472854991804,13.960784313588618,0.2728134456147772,1.3148750050126918
356,0.0,5.420534999272286,3.5553480614894135,8.336869637284956,0.0,6.876264611890766,238.00259399414065,39.891345520019534,5.201202392578125,16277.61522216797,14681.601569449704,0,34,5367,5401,16560.71036407471,0.0003195309829841,5.966271402621214,0.0063350102478095,3.0662303951252805,0.8865321140630381
357,3.871201010907891,1.6094379124341003,5.384495062789089,5.220355825078324,3.332204510175204,3.7612001156935624,171.10607299804687,41.65593603515626,35.075061035156246,205.971533203125,404.702817112998,0,291,230,521,453.80860327148434,0.1702908187822034,4.10760360419056,1.265217391298847,0.871033787467588,0.8917918571719953
358,0.0,2.1972245773362196,5.5909869805108565,5.43372200355424,0.6931471805599453,3.912023005428146,144.57359619140624,25.75513192749024,19.8999755859375,164.4873779296875,491.70170324463817,0,268,285,553,354.7160816345215,0.1209817788835022,5.613389851499049,0.940350877189683,0.6414395689581919,1.3861838487206577
359,0.0,1.791759469228055,4.955827057601261,5.236441962829949,5.5254529391317835,2.833213344056216,150.2275451660156,36.17886067199708,56.25422973632813,186.62706298828124,440.1820980223425,0,391,208,599,429.2876985626221,0.3014258963050768,4.152356994429661,1.8798076922986549,0.7166739541934981,1.0253778514855485
360,3.9318256327243257,1.3862943611198906,4.890349128221754,5.342334251964811,1.6094379124341003,4.110873864173311,193.1890869140625,41.23729660034181,22.88529052734375,221.02335205078128,424.3119148619383,0,186,271,457,478.33502609252935,0.1035424099530541,4.684814544990721,0.6863468634661021,1.0466849586246885,0.8870600974534785
361,3.7612001156935624,1.0986122886681098,5.60947179518496,3.828641396489095,2.6390573296152584,4.465908118654584,126.81661376953124,40.71708338928223,40.95488891601562,157.4649169921875,342.94927611107937,0,327,133,460,365.95350306701664,0.2600889753606987,3.114580004514715,2.458646616522868,0.7955510936222198,0.9371389349628342
362,0.0,1.0986122886681098,5.389071729816501,3.295836866004329,1.6094379124341003,3.4339872044851463,107.58290405273438,40.98526071166993,32.714208984375,127.87935791015626,291.822313783667,0,222,58,280,309.1617316589356,0.2558208730380323,2.624916913593693,3.827586206830559,1.1041490416351123,0.943914734261674
363,0.0,2.1972245773362196,5.365976015021851,5.4638318050256105,4.574710978503383,4.8283137373023015,233.1721252441406,37.654666717529295,30.979412841796872,272.15650634765626,536.1042733880622,0,309,367,676,573.962711151123,0.1138294037406165,6.192383190830372,0.8419618528587413,0.8490572650151982,0.934040248558888
364,3.6635616461296463,1.3862943611198906,5.5093883366279774,4.859812404361672,6.016157159698354,3.9512437185814275,110.58629150390624,28.67627737426758,66.22014770507812,147.010400390625,459.62970382013526,0,693,182,875,352.4931169738769,0.4504453258318627,3.856368455944828,3.8076923076713856,0.4028492765411132,1.3039395145207735
365,3.6888794541139363,1.0986122886681098,5.5909869805108565,4.8283137373023015,6.4692503167957724,4.442651256490317,181.996875,40.97581036376954,132.74934082031248,242.38161621093752,537.4060202912062,0,950,210,1160,598.1036423950195,0.5476873324593933,4.441568656723346,4.523809523787982,0.515606588271124,0.8985165482997948
366,0.0,0.6931471805599453,5.616771097666572,3.4339872044851463,2.995732273553991,3.5553480614894135,95.21619873046876,35.19419329833985,40.13448486328125,115.657177734375,313.8959375439301,0,293,65,358,286.20205462646487,0.3470124868091579,2.7054519454564336,4.507692307622959,0.7994470799599593,1.0967633965888643
367,0.0,1.6094379124341003,5.0689042022202315,4.836281906951478,7.027314514039777,3.9318256327243257,168.1428955078125,36.29402618408204,168.95385131835934,234.8720581054688,613.8263820024022,0,1284,179,1463,608.2628311157226,0.7193441939431197,4.632798098793581,7.173184357501826,0.4157640677479883,1.0091466231389896
368,3.7376696182833684,1.9459101490553132,5.442417710521793,4.812184355372417,0.6931471805599453,1.3862943611198906,150.1288330078125,41.50857746887207,35.3458740234375,178.5254150390625,367.72406438356165,0,272,131,403,405.5086995391846,0.1979879112198429,3.616814696113825,2.076335877846746,1.0062250608887802,0.9068216410659802
369,0.0,1.6094379124341003,5.0238805208462765,5.030437921392435,7.186144304522325,4.1588830833596715,169.0711853027344,35.9302526550293,199.39482421875,255.70708007812505,671.6431088029809,0,1471,219,1690,660.1033422546387,0.7797782687794566,4.705538447538952,6.71689497713828,0.3905936936415669,1.0174817574895314
370,0.0,1.791759469228055,5.552959584921617,5.153291594497779,1.791759469228055,2.4849066497880004,164.369091796875,37.76614489746094,32.23789672851562,175.12261962890625,400.1299190696288,0,262,188,450,409.4957530517578,0.1840875655962963,4.352286743558341,1.393617021269183,0.9099905623352176,0.9771283733388992
371,3.9889840465642745,1.3862943611198906,5.958424693029782,5.099866427824199,7.071573364211532,0.6931471805599453,188.961767578125,36.64978637695312,157.7023681640625,222.44161376953124,597.1719185294384,0,1616,167,1783,605.755535888672,0.7089607267763615,5.15587637072275,9.676646706528883,0.3397395041437646,0.9858298986114477
372,4.07753744390572,1.9459101490553132,7.679713639966372,5.262690188904886,5.351858133476067,5.2832037287379885,165.37384643554688,40.576241271972656,217.8196655273437,325.1210083007813,687.2889644027447,1,2431,394,2825,748.8907615356445,0.6699649052673976,4.075632469824169,6.17005076140566,0.2650940748797803,0.9177426130781752
373,0.0,1.3862943611198906,5.278114659230517,4.875197323201151,7.04141166379481,4.653960350157523,170.58268432617186,39.54981573486328,181.7967590332031,272.9775146484375,621.0496882161791,0,1337,237,1574,664.9067737426757,0.6659770467419989,4.313109458345457,5.641350210946661,0.4224312412593731,0.9340402485591104
374,0.0,1.791759469228055,7.486613313139955,4.948759890378168,3.6888794541139363,3.044522437723423,96.63656616210938,39.87993424987793,196.7281127929688,175.9229736328125,497.6704991946309,1,1822,165,1987,509.16758683776857,1.118262775630786,2.423187700214977,11.04242424235732,0.2562494146137455,0.9774198359414062
375,3.7612001156935624,1.6094379124341003,5.123963979403259,4.624972813284271,0.6931471805599453,3.091042453358316,111.60867919921874,36.00706791687012,26.080883789062497,144.7143310546875,337.6161791839245,0,210,126,336,318.4109619598389,0.1802232273666546,3.099632534750988,1.666666666653439,0.9476516724967002,1.0603158167194244
376,3.9318256327243257,1.0986122886681098,5.062595033026967,4.875197323201151,3.58351893845611,4.6443908991413725,152.79752197265626,39.16596395874024,28.87025756835937,204.10404052734376,405.29634727558505,0,242,235,477,424.9377840270996,0.1414487312138741,3.901283321654511,1.029787234038171,0.890854893136706,0.9537780882501714
377,0.0,1.9459101490553132,4.941642422609304,5.14166355650266,3.5263605246161616,4.836281906951478,156.86663818359375,34.62617449951172,20.392218017578124,198.453369140625,435.3136715229216,0,172,301,473,410.3383998413086,0.1027557158932653,4.53029075392881,0.571428571426673,0.8675230440601291,1.0608650608624757
378,0.0,1.3862943611198906,7.199678345691172,4.584967478670572,4.6913478822291435,4.5217885770490405,93.65707397460938,43.11751167297364,229.66215820312496,197.8664428710938,513.7697430607652,1,1446,191,1637,564.3031867218018,1.1606928131395418,2.1721354117738234,7.570680628232615,0.3447178904834802,0.910449834679279
379,3.6635616461296463,2.0794415416798357,5.375278407684165,5.337538079701318,0.6931471805599453,4.330733340286331,150.8188293457031,29.625797836303708,30.38681030273437,176.15361328125002,472.75570008947545,0,254,289,543,386.9850507659912,0.1725017712469272,5.090793847104351,0.8788927335609727,0.7126796515014338,1.221638146363767
380,3.6635616461296463,1.0986122886681098,7.181591944611865,3.871201010907891,4.983606621708336,3.4657359027997265,76.79278564453124,45.12909356689453,246.37769165039063,165.86949462890627,470.8827057462606,1,1497,80,1577,534.1690654907227,1.4853707259440143,1.7016248183447384,18.71249999976609,0.3387248354409536,0.8815237275352054
381,0.0,5.176149732573829,3.6109179126442243,8.266678443305896,0.0,7.233455418621439,230.72327270507807,38.231746673583984,5.201202392578125,15627.325012207031,14683.115988249216,0,36,5451,5487,15901.481233978271,0.0003328274281436,6.034860888489309,0.0066042927903124,2.898028291229337,0.9233803928198476
382,3.784189633918261,1.0986122886681098,5.560681631015528,4.882801922586371,6.129050210060545,4.820281565605037,126.318603515625,30.88549827575684,35.23595581054687,172.5287841796875,439.1634476902174,0,760,256,1016,364.9688417816162,0.2042323313056251,4.089900133186039,2.9687499999884035,0.3592213009658041,1.203290246765211
383,0.0,2.302585092994046,5.407171771460119,5.3981627015177525,0.6931471805599453,5.049856007249537,199.33857421875,36.42250900268555,25.52969970703125,247.6054321289063,500.6007377442887,0,223,384,607,508.896215057373,0.1031063797244847,5.4729500979347465,0.5807291666651544,0.8383792669794641,0.9836990783805832
384,0.0,1.6094379124341003,5.298317366548036,5.003946305945459,7.329749689041512,3.295836866004329,169.3412841796875,35.45933692932129,185.12457275390625,247.93590087890627,656.3695626334631,0,1723,178,1901,637.8610947418214,0.7466630370870566,4.775647229739475,9.679775280844495,0.335539765776689,1.0290164552175802
385,4.060443010546419,1.0986122886681098,5.003946305945459,5.087596335232384,3.1780538303479458,4.553876891600541,175.90457153320312,38.84783551025392,29.6110107421875,220.50699462890628,439.5450621537397,0,228,257,485,464.87041241455086,0.1342860383720975,4.528040474281892,0.887159533070478,0.9584956956981286,0.945521698982269
386,3.6888794541139363,1.3862943611198906,5.662960480135946,3.4011973816621555,3.7376696182833684,3.828641396489095,127.00662231445312,40.71228337097168,55.04512939453125,148.38046875000003,347.813965037465,0,367,77,444,371.1445038299561,0.3709728770765881,3.119614322636855,4.766233766171867,0.8359110446601806,0.93713893496287
387,0.0,1.0986122886681098,5.438079308923196,3.044522437723423,2.8903717578961645,0.0,102.50079345703124,38.60689654541016,34.7150390625,110.95832519531253,287.13155664874114,0,246,22,268,286.7810542602539,0.3128655646260032,2.65498661188197,11.181818181309918,1.0700785606685963,1.001222195058841
388,0.0,2.3978952727983707,5.062595033026967,5.429345628954441,3.1354942159291497,5.0106352940962555,198.2265380859375,34.60310247802735,17.942156982421874,242.2060546875,507.0593967606253,0,179,386,565,492.9778522338867,0.0740780696233923,5.728577031671682,0.4637305699469852,0.8725271720938305,1.028564253874491
389,3.6888794541139363,1.3862943611198906,5.187385805840755,4.68213122712422,7.0431599159883405,4.07753744390572,156.1957580566406,35.666930236816405,161.32329711914062,217.90627441406247,590.3887172287599,0,1361,168,1529,571.0922598266601,0.7403334188159081,4.3792879570844505,8.101190476142255,0.3735070371656551,1.0337886866246846
390,3.6635616461296463,1.0986122886681098,5.272999558563747,5.0689042022202315,6.672032945461067,4.74493212836325,166.40216674804685,36.16326310729981,133.58886108398434,247.9582763671875,592.1358930051973,0,1021,274,1295,584.1125673065185,0.5387554028873041,4.601414597175994,3.726277372249174,0.4510521755259208,1.013735923770075
391,0.0,0.6931471805599453,5.676753802268282,3.1780538303479458,4.007333185232471,0.0,100.62987670898438,36.58755079650879,59.59638061523437,113.178662109375,326.6289354802405,0,345,24,369,309.9924702301025,0.526569050243007,2.750385705397809,14.37499999940104,0.8400879952012532,1.0536673204892213
392,0.0,1.9459101490553132,5.043425116919247,4.962844630259907,7.21081845347222,3.871201010907891,182.88561401367187,37.41168200683594,193.74279785156244,259.2819946289062,654.8368562015847,0,1507,195,1702,673.3220885009764,0.7472281217525611,4.888462752767069,7.728205128165497,0.3956063974739017,0.9725462262176516
393,3.8066624897703196,1.0986122886681098,5.537334267018537,4.762173934797756,1.3862943611198906,2.3978952727983707,137.87484741210938,38.38595100402832,39.55621948242187,152.37535400390627,361.2686442238592,0,300,128,428,368.1923719024659,0.2595972277849357,3.591804913053962,2.3437499999816898,0.8602625511719758,0.98119535273419
394,0.0,1.3862943611198906,5.14166355650266,4.709530201312334,7.253470382684528,4.553876891600541,167.17208862304685,35.73498371887207,187.79447021484376,251.87398681640627,657.8123323596488,0,1582,207,1789,642.5755293731689,0.7455889851419378,4.678107311689726,7.642512077257766,0.3591814026678646,1.0237120809756322
395,0.0,1.6094379124341003,5.293304824724492,5.030437921392435,0.6931471805599453,0.6931471805599453,163.7329833984375,37.7888526763916,26.62091674804688,166.27397460937502,385.3727919760265,0,199,157,356,394.41672743225104,0.1601027269025528,4.332838173104845,1.2675159235588058,1.1079121557054583,0.9770701016762656
396,3.970291913552122,1.3862943611198906,5.43372200355424,4.969813299576001,0.6931471805599453,0.6931471805599453,169.44971923828123,38.6503561706543,37.880364990234376,172.24134521484373,398.99529714385534,0,281,147,428,418.2217856140136,0.2199260865198463,4.384169669374318,1.9115646258373364,0.9771537047033564,0.9540280082662722
397,3.912023005428146,1.6094379124341003,7.632885505395133,5.111987788356544,5.746203190540153,5.4680601411351315,141.75791015625,33.713392639160155,187.70685424804688,294.73509521484374,724.1930011085358,1,2425,405,2830,657.9132522583009,0.6368663158711496,4.204795158686723,5.987654320972871,0.2324781810099181,1.1007423830142158
398,0.0,1.6094379124341003,4.6443908991413725,4.77912349311153,6.984716320118266,4.5217885770490405,157.52960815429688,35.636752990722655,138.35516967773438,233.8927001953125,584.4266457005867,0,1182,213,1395,565.4142310180664,0.5915326539118542,4.420425401575903,5.549295774621835,0.4053148609445599,1.0336256387591334
399,0.0,1.6094379124341003,7.3833681469923835,4.727387818712341,0.6931471805599453,3.912023005428146,95.25195922851562,42.37223648071289,196.40473022460927,184.2621459960937,479.1604177011624,1,1609,165,1774,518.2910719299316,1.0658984196770789,2.2479804498784173,9.751515151456053,0.292159567040383,0.9245006206956544
400,3.6635616461296463,1.6094379124341003,4.955827057601261,4.406719247264253,0.6931471805599453,1.3862943611198906,113.72250366210938,37.89805558776855,25.206317138671874,139.15144042968748,319.1928443646341,0,180,88,268,315.9783168182373,0.1811430558006142,3.000747713711521,2.045454545431302,1.1790235702129042,1.01017325358827
401,3.871201010907891,1.3862943611198906,5.123963979403259,4.927253685157205,1.9459101490553132,4.394449154672439,157.77828369140624,40.432699768066406,26.452056884765625,208.42939453125,400.1345731525079,0,220,220,440,433.09243487548827,0.126911355013665,3.902244584026435,0.9999999999954546,0.9843009883511454,0.923901091153025
402,0.0,2.0794415416798357,5.676753802268282,4.90527477843843,0.6931471805599453,5.204006687076795,153.5722229003906,33.178794342041016,32.5549072265625,204.63588867187505,468.11313293570566,0,292,322,614,423.9418131408692,0.1590869882975601,4.628625781653852,0.9068322981338296,0.6904589790556657,1.1041919396118989
403,0.0,1.3862943611198906,7.213768308118642,4.31748811353631,5.214935757608986,4.897839799950911,87.75230712890625,38.64293161010742,220.20441284179688,201.34152832031248,555.0898591170469,1,1540,210,1750,547.9411799011231,1.0936860104209696,2.2708501521577875,7.333333333298413,0.3131092456576057,1.0130464354152042
404,3.8501476017100584,1.791759469228055,5.049856007249537,5.170483995038151,3.4011973816621555,4.6913478822291435,185.1525329589844,38.3768349609375,26.88854370117188,222.58619384765623,449.2058465105495,0,230,288,518,473.00410546875,0.1208005907116336,4.824591010244081,0.7986111111083382,0.9131353387409978,0.9496869928104198
405,3.6635616461296463,1.6094379124341003,7.110696122978827,3.912023005428146,5.988961416889864,3.091042453358316,72.0509765625,40.44835221862793,238.93033447265623,183.25352783203124,524.6757944928578,1,1660,74,1734,534.6831910858155,1.3038239279647272,1.7813080782938944,22.43243243212929,0.3083524746744562,0.9812835025286352
406,0.0,5.356586274672012,3.7376696182833684,8.5422759717837,0.0,5.8522024797744745,288.8823669433594,45.96554415893555,5.201202392578125,18909.587109375003,14690.98378402739,0,41,5684,5725,19249.636222869874,0.0002750563702154,6.284758991173977,0.0072132301196327,3.362381872989784,0.7631824110303311
407,3.4011973816621555,2.3978952727983707,7.846980982138788,4.890349128221754,4.990432586778736,4.59511985013459,157.63590087890626,46.81797651672363,239.3349609375,246.05291748046875,559.3985165309708,1,2732,240,2972,689.8417558135986,0.972697106733251,3.3669951715924946,11.383333333285904,0.2321136459668124,0.8109084609852384
408,0.0,1.3862943611198906,5.288267030694535,4.6913478822291435,4.174387269895637,3.7376696182833684,155.55421142578123,44.4408946838379,56.70027465820312,183.7044799804688,374.2388070070797,0,261,152,413,440.3998607482911,0.308649384402181,3.500249320562225,1.7171052631465982,1.0663434884920695,0.8497704935018695
409,0.0,1.3862943611198906,4.9344739331306915,5.3706380281276624,0.6931471805599453,1.6094379124341003,200.51834106445315,47.481626449584965,24.787353515625,217.5310546875,382.405153766512,0,139,221,360,490.3183757171631,0.1139485741524123,4.223072292461094,0.6289592760152536,1.3619954880994476,0.7799119362116665
410,4.143134726391533,1.791759469228055,5.407171771460119,5.3706380281276624,3.1354942159291497,2.5649493574615367,217.0093688964844,38.31428004455567,30.366101074218747,207.68583984375,459.07914949170834,0,306,231,537,493.3755898590088,0.1462117065704533,5.663929183543585,1.32467532466959,0.9187627371659032,0.9304861426605402
411,4.04305126783455,1.3862943611198906,5.4510384535657,4.997212273764115,4.204692619390966,4.6443908991413725,203.1097412109375,41.11234144592286,39.21212768554688,214.081787109375,439.6840229920708,0,354,253,607,497.5159974517823,0.1831642393069623,4.940359368078261,1.3992094861604776,0.8196309677940077,0.8837585630275133
412,0.0,1.791759469228055,5.267858159063328,5.3706380281276624,0.6931471805599453,2.3978952727983707,236.66445922851565,47.55718432617188,26.413824462890624,236.58292236328123,417.6760899117188,0,194,229,423,547.2183903808593,0.1116472152720289,4.976418654232585,0.8471615720487023,1.2936604973512191,0.7632712957988429
413,0.0,1.0986122886681098,5.501258210544727,3.1354942159291497,6.368187186350492,1.6094379124341003,137.37024536132813,46.61675495910645,129.95996704101563,175.35670166015626,402.44735508283134,0,826,28,854,489.3036690216065,0.7411177663009353,2.9467998250604626,29.49999999894643,0.572955115949688,0.8224899598376765
414,3.6888794541139363,1.0986122886681098,5.568344503761097,3.8918202981106265,0.6931471805599453,1.6094379124341003,121.22330932617189,37.055846969604495,29.835626220703123,121.1615478515625,317.1548724259874,0,301,54,355,309.276330368042,0.2462466578671404,3.271367928044808,5.574074073970851,0.8712009306117487,1.0254741190428132
415,3.970291913552122,1.0986122886681098,7.679251425953058,4.919980925828125,3.2188758248682006,1.6094379124341003,112.67160644531248,46.31611514282226,217.55681762695312,178.77498779296877,467.2292471884147,1,2238,142,2380,555.3195270080566,1.216930960597681,2.4326653065664305,15.7605633801707,0.2333275323562282,0.8413701021912646
416,0.0,1.3862943611198906,5.187385805840755,5.298317366548036,3.6375861597263857,1.6094379124341003,203.05189819335936,46.49479357910157,28.06259765625,212.0473388671875,388.4816327538617,0,215,206,421,489.6566282958984,0.1323411923301439,4.367196465633084,1.043689320383283,1.1630798771846445,0.7933756234548708
417,0.0,1.0986122886681098,6.298949246855942,4.897839799950911,4.553876891600541,1.6094379124341003,246.6327392578125,47.18066230773925,73.96380615234374,210.16091308593752,441.67913665834834,0,637,139,776,577.938120803833,0.3519389265393372,5.227411553570516,4.582733812916671,0.7447656195916086,0.7642325722402058
418,3.7376696182833684,1.3862943611198906,5.225746673713202,4.110873864173311,4.454347296253507,1.791759469228055,74.5762939453125,47.95360496520996,44.37031860351562,159.57337646484376,272.0378061665607,1,311,68,379,326.4735939788818,0.2780558987107286,1.55517596639214,4.573529411697447,0.8614078996781541,0.8332612841678229
419,0.0,1.6094379124341003,4.90527477843843,5.5134287461649825,1.0986122886681098,4.143134726391533,232.47965698242183,45.24221832275391,14.593634033203124,250.07706298828128,433.3427563758716,0,136,313,449,542.3925723266601,0.0583565476127997,5.138555658760903,0.4345047923308802,1.2080012746669313,0.7989467011249716
420,0.0,1.6094379124341003,5.181783550292085,5.043425116919247,1.6094379124341003,4.532599493153256,231.3962951660156,46.96747563171387,21.92470092773437,236.93404541015627,415.6915897208841,0,181,250,431,537.2225171356201,0.0925350381355622,4.926734768024089,0.7239999999971041,1.2464559562282451,0.7737791631231464
421,3.912023005428146,1.3862943611198906,5.5053315359323625,5.003946305945459,0.6931471805599453,2.9444389791664403,197.55812988281247,44.311588577270506,34.2881103515625,193.54625244140627,390.0867633439781,0,295,169,464,469.70408125305175,0.1771571906914893,4.458385181426128,1.7455621301671862,1.01229327856043,0.8304947283031792
422,3.6635616461296463,1.6094379124341003,5.60947179518496,4.663439094112067,3.6888794541139363,1.791759469228055,187.3535339355469,47.2167123413086,51.41145629882812,184.83013916015628,371.8291299317925,0,349,114,463,470.81184173584,0.2781551565786664,3.967949580590949,3.061403508745076,1.0168722283689484,0.7897616350517076
423,0.0,1.791759469228055,5.429345628954441,5.6131281063880705,1.791759469228055,1.6094379124341003,203.4549865722656,36.56248791503906,21.596539306640626,199.52222900390623,450.8178412793126,0,232,282,514,461.13624279785154,0.1082412692277489,5.564582668429819,0.8226950354580755,0.8971522233403783,0.9776239632415102
424,0.0,1.791759469228055,5.631211781821365,5.384495062789089,2.995732273553991,1.791759469228055,211.12404785156247,43.86758688354493,34.83132934570312,218.99923095703127,422.8849693610978,0,297,227,524,508.82219503784177,0.1590477244752432,4.812757273547317,1.3083700440470998,0.9710347233528068,0.8311055875398993
425,3.6635616461296463,1.3862943611198906,7.3727463664043285,4.5217885770490405,5.365976015021851,0.0,112.55674438476562,50.89772763061524,299.40446777343743,192.83023681640623,505.163710594376,1,1842,94,1936,655.6891766052245,1.5526842299994057,2.211429657516788,19.5957446806426,0.3386824259322757,0.7704316749729624
426,3.4011973816621555,1.3862943611198906,5.308267697401205,4.499809670330265,7.148345743900068,3.367295829986474,181.4967224121093,45.637331680297855,196.33304443359373,243.3127807617188,544.6058746354594,0,1501,120,1621,666.7798792877197,0.8069162820717576,3.976935454499557,12.508333333229096,0.4113386053592279,0.8167701089247201
427,0.0,1.791759469228055,5.187385805840755,5.44673737166631,2.772588722239781,3.6635616461296463,234.31019897460936,42.06371804809571,20.282299804687497,232.84105224609377,449.86949058805226,0,193,274,467,529.4972690734863,0.0871079202269008,5.570363482874444,0.7043795620412249,1.1338271286345878,0.8496162621846638
428,0.0,1.6094379124341003,5.58724865840025,4.02535169073515,4.060443010546419,2.772588722239781,130.53652954101562,35.7454868774414,34.116064453125,137.96209716796875,356.0039273696378,0,323,74,397,338.3601780395508,0.2472857774214713,3.651832467268589,4.36486486480588,0.8522926398959659,1.0521448754143063
429,3.828641396489095,1.3862943611198906,5.983936280687191,3.6375861597263857,5.60947179518496,1.0986122886681098,146.05081787109376,45.028921875,100.52896728515626,162.39613037109373,383.3641836829356,0,713,42,755,454.0048374023437,0.6190354847422598,3.2434891129147263,16.976190475786282,0.6013309104658839,0.8444055043015984
430,3.871201010907891,1.0986122886681098,5.262690188904886,4.77912349311153,0.6931471805599453,4.189654742026425,147.7636962890625,35.26918235778809,30.668774414062497,156.1774658203125,388.7544974660808,0,240,185,425,369.8791188812256,0.1963713154953583,4.1895980118247325,1.297297297290285,0.8703038091302479,1.0510312089011582
431,0.0,1.6094379124341003,5.58724865840025,3.9512437185814275,0.6931471805599453,1.9459101490553132,161.18525390624998,48.77796569824219,46.364776611328125,163.37376708984374,326.6462575113412,0,267,61,328,419.701763305664,0.2837957245948002,3.3044685565629104,4.377049180256114,1.2795785466597087,0.7782818326466505
432,0.0,1.3862943611198906,5.37989735354046,4.406719247264253,7.142827401161621,3.8918202981106265,194.59775390625,49.06173559570313,195.7292907714844,260.03931884765626,531.538103622617,0,1480,132,1612,699.4280991210937,0.7526911377790506,3.966385443553829,11.212121212036273,0.4338883989582257,0.7599610371527703
433,3.6888794541139363,1.9459101490553132,5.0238805208462765,5.564520407322694,1.0986122886681098,4.61512051684126,192.3896667480469,40.02467825317383,19.970068359375,233.7205810546876,442.8572191114324,0,192,366,558,486.1049944152833,0.085444201230258,4.806776097643814,0.524590163932993,0.8711559039684805,0.9110320284678768
434,0.0,5.4510384535657,3.6109179126442243,8.585038738311304,0.0,7.103322062526113,290.0893249511719,45.3819577331543,5.201202392578125,18720.37998046875,14694.22122032184,0,36,6797,6833,19061.052465545657,0.0002778363685995,6.39217300078819,0.0052964543180807,2.789558388049593,0.7709029313508277
435,3.8066624897703196,1.791759469228055,7.766840537085513,4.919980925828125,5.389071729816501,5.099866427824199,163.5233642578125,44.44963650512695,227.6422119140625,281.1789916992188,606.9855408569362,1,2622,304,2926,716.7942043762207,0.8095989338946242,3.678845927913773,8.624999999971628,0.2449740958222747,0.8468058714067161
436,0.0,1.0986122886681098,5.5093883366279774,4.709530201312334,7.016609683894219,2.833213344056216,185.93843994140624,47.09640252685547,182.83699951171872,248.53831787109377,526.2095064049887,0,1360,128,1488,664.4101598510742,0.7356491388414917,3.9480391274350897,10.624999999916993,0.4465122042006906,0.7919949726869697
437,0.0,1.0986122886681098,5.135798437050262,5.241747015059643,0.6931471805599453,1.9459101490553132,201.5286987304688,47.449987243652345,24.17404174804687,213.5223999023437,379.57277531299087,0,170,196,366,486.6751276245117,0.1132154835229927,4.247181304631041,0.867346938771085,1.3297134634513168,0.7799304993557545
438,4.143134726391533,2.0794415416798357,5.017279836814924,5.4638318050256105,4.127134385045092,4.406719247264253,252.1705078125,43.41472361755371,29.02318725585937,256.0909057617188,475.0675454012084,0,273,323,596,580.6993244476319,0.1133315811017156,5.8084098387472505,0.8452012383874762,0.9743277255816402,0.8180955709777693
439,3.58351893845611,1.0986122886681098,5.44673737166631,4.990432586778736,0.6931471805599453,4.219507705176107,213.17047119140625,45.5735792541504,29.528173828125,213.18676757812503,402.5825226626813,0,267,215,482,501.4589918518067,0.1385084738768578,4.67750118984379,1.241860465110503,1.040371352387482,0.8028224225777796
440,0.0,1.791759469228055,5.135798437050262,5.44673737166631,3.258096538021482,4.1588830833596715,237.58994750976564,45.52687637329102,25.84671020507812,251.71047363281247,444.2120429652555,0,194,299,493,560.6740077209472,0.1026842857666694,5.218674471678282,0.6488294314359571,1.1372697925351114,0.7922822118509046
441,0.0,0.6931471805599453,5.673323267171493,3.4011973816621555,6.1779441140506,3.9889840465642745,137.67132568359375,46.60739442443848,126.01724853515624,188.32587890625,410.1114633659639,0,771,83,854,498.6218475494385,0.6691446192438555,2.9538515804361776,9.289156626394108,0.58386633202442,0.822489959837708
442,3.828641396489095,1.0986122886681098,5.926926025970411,3.7612001156935624,4.174387269895637,2.1972245773362196,167.17357177734374,49.78197784423829,61.831384277343744,163.05018310546876,336.4500522866704,0,483,52,535,441.83711700439454,0.3792168956778723,3.35811430186746,9.288461538282917,0.8258637701001283,0.7614798289627682
443,3.9512437185814275,1.6094379124341003,7.666690200080086,5.049856007249537,3.6888794541139363,2.0794415416798357,124.47784423828124,50.40837524414063,242.12274169921872,208.16605224609376,482.8011321910867,1,2225,166,2391,625.1750134277344,1.1631230889262305,2.4693881449845168,13.403614457750582,0.2614701018099008,0.7722655605559046
444,0.0,1.6094379124341003,5.384495062789089,5.41610040220442,0.6931471805599453,2.6390573296152584,182.0987182617188,41.42479170227051,28.7698974609375,201.42242431640628,403.7410486231806,0,218,241,459,453.7158317413331,0.1428336371108373,4.395887360547476,0.9045643153489438,0.988487650850424,0.8898544427527638
445,0.0,1.3862943611198906,5.863631175598097,5.241747015059643,0.6931471805599453,4.394449154672439,195.38530883789065,40.59201347351074,17.8099365234375,216.9062622070313,422.728863057063,0,352,271,623,470.6935210418702,0.0821089088998098,4.813392884799383,1.2988929889250964,0.755527321093282,0.8980979005626919
446,3.912023005428146,1.3862943611198906,5.393627546352362,4.127134385045092,3.1354942159291497,3.295836866004329,63.37304077148437,40.721643905639645,35.61828002929687,140.9173828125,275.35319282249367,1,290,90,380,280.63034751892087,0.2527600166718723,1.5562495688233111,3.2222222221864194,0.7385009145215325,0.9811953527333585
447,0.0,1.791759469228055,5.5093883366279774,5.5053315359323625,1.791759469228055,3.9512437185814275,221.3889587402344,42.56431704711915,23.970135498046872,238.48311767578124,446.3293176960696,0,251,301,552,526.4065289611816,0.1005108274814398,5.201280652288,0.8338870431865985,0.9536350162322972,0.8478795249291733
448,0.0,1.6094379124341003,4.983606621708336,5.135798437050262,1.0986122886681098,4.672828834461906,230.0649169921875,46.23129652404785,19.837847900390624,239.6948364257813,420.6627213038166,0,147,279,426,535.8288978424073,0.0827629338876076,4.976389032644579,0.5268817204282191,1.257814314181102,0.7850691200062015
449,3.912023005428146,1.3862943611198906,6.0867747269123065,5.153291594497779,6.853299093186078,3.871201010907891,229.24736938476565,45.21750970458985,153.14474487304685,258.3904174804688,549.3499195483761,0,1434,222,1656,686.0000414428712,0.592687400584544,5.069880470582965,6.459459459430363,0.4142512327551068,0.8008015836152454
450,3.6888794541139363,1.9459101490553132,5.720311776607412,4.852030263919617,1.791759469228055,1.6094379124341003,185.39675903320312,47.27267596435547,40.66177368164063,190.8921752929688,366.6258187558748,0,348,137,485,464.223383972168,0.2130091168955595,3.921858774592623,2.5401459853829187,0.9571616164354864,0.7897616350516838
451,0.0,2.0794415416798357,5.579729825986222,5.645446897643238,3.295836866004329,3.4011973816621555,265.0141296386719,45.58283001708985,31.12119140625,256.32154541015626,465.9414326406391,0,290,318,608,598.039696472168,0.1214146526634333,5.813902505252511,0.9119496855317236,0.983617921827606,0.7791145560879074
452,0.0,1.3862943611198906,5.598421958998375,5.634789603169249,0.6931471805599453,2.4849066497880004,228.49508056640624,45.74266264343262,27.74558715820312,237.985693359375,428.3049301517756,0,270,293,563,539.969023727417,0.1165851054592124,4.995229122155543,0.9215017064814968,0.959092404487492,0.7932027789193995
453,3.6635616461296463,0.6931471805599453,7.409136443920128,4.574710978503383,5.8289456176102075,1.0986122886681098,88.00296020507812,37.42849703979492,239.5946228027344,154.6146240234375,542.2625582306296,1,2027,99,2126,519.6407040710449,1.5496245863836622,2.3512288005890256,20.47474747454066,0.2444217799015994,1.0435336454232969
454,3.58351893845611,1.6094379124341003,5.19295685089021,4.3694478524670215,6.7464121285733745,2.8903717578961645,130.48016967773438,35.24662426757813,121.14420776367189,175.6131591796875,492.72298936827394,0,1064,99,1163,462.4841608886719,0.6898355927816732,3.701919613165782,10.747474747366187,0.3976647987001498,1.0653834899349466
455,0.0,1.791759469228055,5.497168225293202,5.541263545158426,1.0986122886681098,3.9318256327243257,259.736572265625,46.08504565429688,33.83887939453125,272.84498291015626,474.19032216604455,0,245,309,554,612.5054802246094,0.1240223625645697,5.6360272312277,0.7928802588971104,1.1056055599702237,0.7741813542490786
456,0.0,1.0986122886681098,5.602118820879701,4.127134385045092,1.9459101490553132,3.4657359027997265,168.88809814453126,47.874983459472666,38.3407470703125,181.13818359375,343.7897608946609,0,276,94,370,436.2420122680665,0.2116657366736659,3.5276899528116066,2.9361702127347216,1.179032465586182,0.7880711880693815
457,3.6635616461296463,1.791759469228055,5.730099782973574,3.8501476017100584,5.921578419643816,2.8903717578961645,159.2316101074219,49.25853135681152,105.23314819335938,185.2587158203125,385.29213553031553,0,717,68,785,498.98200547790526,0.5680334537936659,3.232569175698143,10.544117646903764,0.635645866850025,0.7721563729748647
458,3.8066624897703196,1.3862943611198906,6.126869184114185,4.634728988229636,6.582025138892826,3.8066624897703196,214.64093627929688,48.2292018585205,139.76339721679688,238.96333007812504,489.7010641596012,0,1222,149,1371,641.5968654327393,0.5848738263335999,4.450435172128533,8.201342281824152,0.4679772906143481,0.7632535171887851
459,0.0,1.6094379124341003,5.6240175061873385,4.04305126783455,0.6931471805599453,3.258096538021482,161.69117431640626,49.31988377380372,37.1045654296875,170.1397705078125,322.1917521157554,0,277,85,362,418.25539402771,0.218082846348765,3.2784175861949256,3.2588235293734256,1.155401640957333,0.770323005311055
460,0.0,1.0986122886681098,5.236441962829949,4.3694478524670215,6.999422467507961,3.044522437723423,182.4182556152344,47.24364134216309,155.53267822265627,233.1370971679688,489.3252889487285,0,1282,100,1382,618.3316723480225,0.6671296851137002,3.861223445716325,12.8199999998718,0.4474179973571455,0.7913637790698916
461,3.713572066704308,1.791759469228055,5.713732805509369,5.480638923341991,4.912654885736052,3.1780538303479458,168.71638183593748,35.83430218505859,36.98986816406249,192.5238647460937,442.8213827521793,0,477,267,744,434.0644169311523,0.1921313402504864,4.708236844125765,1.786516853925893,0.5834199152292593,1.0201743461993933
462,0.0,5.236441962829949,3.6635616461296463,8.598957493218878,0.0,6.829793737512425,304.8592346191406,48.10016519165039,5.201202392578125,19816.229846191407,14692.828355810903,0,38,6536,6574,20174.390448394777,0.0002624718441877,6.338008058769048,0.0058139534883712,3.068815097108565,0.7282910674993526
463,3.58351893845611,1.0986122886681098,7.891330757661889,4.867534450455582,5.583496308781699,4.969813299576001,164.7468017578125,46.99710900878906,247.54855957031248,270.0497680664063,586.9415606856919,1,2973,274,3247,729.3422384033204,0.9166775492601892,3.505466723995667,10.85036496346405,0.224620338282444,0.8047546539602897
464,0.0,1.0986122886681098,5.730099782973574,4.61512051684126,6.133398042996649,3.1354942159291497,180.45192260742184,48.76775692749023,115.49696044921876,212.93203125,429.4383600620432,0,767,124,891,557.6486712341308,0.5424123358550658,3.70023011048108,6.185483870917859,0.6258683178827216,0.7700876595130842
465,0.0,1.6094379124341003,5.062595033026967,5.2832037287379885,3.295836866004329,3.6375861597263857,211.2361083984375,50.3807576751709,26.9602294921875,244.18714599609376,391.9273211840245,0,183,237,420,532.7642415618897,0.1104080617433825,4.192793402516612,0.7721518987309193,1.2684862894300504,0.7356486990085648
466,4.110873864173311,1.791759469228055,5.71042701737487,5.424950017481403,1.0986122886681098,3.6375861597263857,247.50598754882813,42.788625595092775,24.67265625,238.45385742187503,459.6599281025043,0,363,268,631,553.4211268157959,0.1034693106526073,5.78438741840376,1.3544776119352446,0.8770540837003469,0.8305789313581261
467,3.7376696182833684,1.3862943611198906,5.786897381366708,5.14166355650266,0.6931471805599453,3.091042453358316,240.67622680664064,49.420783950805664,45.87572021484375,219.8408935546876,409.3798657758098,0,367,194,561,555.8136245269776,0.2086769184424873,4.869939478122083,1.8917525773098365,0.9907551239322404,0.7365416170276033
468,0.0,1.791759469228055,5.365976015021851,5.568344503761097,0.6931471805599453,3.6635616461296463,224.88541259765623,43.8537855834961,25.72723388671875,236.10615234375,437.43370099383577,0,214,304,518,530.5725844116212,0.108964690802098,5.128072972499811,0.7039473684187371,1.024271398476056,0.8244559064017674
469,0.0,0.0,6.035481432524756,3.4339872044851463,5.955837369464831,2.3978952727983707,116.24765625,38.47250102233887,116.25205078124998,145.28404541015627,413.9821814222411,0,802,40,842,416.2562534637451,0.8001707995689048,3.021577832423211,20.049999999498752,0.494366096749704,0.9945368459366664
470,3.6888794541139363,1.6094379124341003,5.634789603169249,3.912023005428146,3.6888794541139363,0.6931471805599453,166.70950927734373,49.79413256835938,57.004541015624994,164.06568603515626,333.2114181868885,0,357,54,411,437.5738688964844,0.3474495026526297,3.347974965627331,6.611111110988683,1.064656615317323,0.7614975250383471
471,3.9318256327243257,1.0986122886681098,7.673223121121708,5.19295685089021,3.7376696182833684,2.6390573296152584,134.42684326171874,54.28745365905762,258.11504516601565,223.21959228515627,480.3886551033804,1,2240,194,2434,670.0489343719482,1.1563279124492136,2.476204614485801,11.546391752517804,0.2752871546309256,0.7169456295799387
472,0.0,1.3862943611198906,5.910796644040527,5.241747015059643,6.968850378341948,2.0794415416798357,219.9026733398437,43.91340660095215,138.3264953613281,249.558984375,538.2336099279161,0,1430,198,1628,651.701559677124,0.5542837726608048,5.007643231442401,7.222222222185747,0.4003080833395109,0.8258897066223843
473,0.0,1.3862943611198906,5.7745515455444085,5.081404364984463,3.6888794541139363,2.70805020110221,212.4784973144531,42.74565495300293,39.74100952148437,199.437890625,419.86780410781387,0,360,177,537,494.4030524139404,0.1992650914865998,4.970762467977005,2.033898305073255,0.92067607525702,0.8492419333920882
474,3.8918202981106265,1.3862943611198906,5.5053315359323625,3.9889840465642745,1.791759469228055,1.9459101490553132,60.30769042968749,38.57962825012207,37.17147216796874,127.3234130859375,272.7289637699478,1,298,62,360,263.3822039337158,0.29194530107819,1.56320040299853,4.806451612825703,0.7316172331471783,1.0354874387699664
475,0.0,1.6094379124341003,5.093750200806762,5.6937321388027,0.6931471805599453,4.532599493153256,230.46405029296875,44.89442655944825,19.019036865234373,259.32330322265625,445.87801950014745,0,163,392,555,553.7008169403076,0.0733410250016412,5.133466845437032,0.4158163265295515,0.9976591296203784,0.8052688489123371
476,0.0,1.0986122886681098,5.204006687076795,5.209486152841421,1.791759469228055,3.784189633918261,248.8963623046875,49.774169082641606,23.6467529296875,236.24556884765624,407.040598952542,0,186,227,413,558.5628531646729,0.1000939532746796,5.000512653188376,0.8193832599082846,1.3524524289668776,0.7287283725468429
477,3.6888794541139363,1.3862943611198906,5.43372200355424,5.111987788356544,2.302585092994046,3.1780538303479458,217.4534912109375,48.39096546936035,32.29046630859375,214.10416259765623,389.1914848010573,0,276,191,467,512.2390855865478,0.1508166208291945,4.493679534956346,1.4450261780029057,1.096871703609103,0.7597848265613065
478,4.04305126783455,1.3862943611198906,5.545177444479562,4.700480365792417,0.6931471805599453,2.0794415416798357,190.5129821777344,46.94262231445312,33.78153076171875,181.12613525390623,358.4513734916451,0,312,119,431,452.3632705078125,0.1865083176106894,4.058422235074395,2.6218487394737657,1.0495667529159232,0.7923971658628773
479,0.0,1.9459101490553132,5.472270673671475,5.560681631015528,0.6931471805599453,2.4849066497880004,266.7944091796875,47.813995285034174,25.187200927734374,255.98419189453125,445.2010763152494,0,238,276,514,595.7797972869873,0.098393579467647,5.57983928311497,0.8623188405765858,1.1591046639802105,0.747257759228866
480,0.0,1.791759469228055,5.288267030694535,5.602118820879701,0.6931471805599453,3.091042453358316,215.3302734375,43.732203414917,21.67141113281249,228.2712890625,423.1121674657535,0,198,296,494,509.0051770477296,0.0949370865767704,4.923837735537636,0.6689189189166591,1.0303748523212537,0.8312531709775653
481,3.6888794541139363,0.6931471805599453,7.367708572374371,4.30406509320417,5.14166355650266,2.8903717578961645,107.91348266601562,50.02126025390625,275.01536865234374,192.80958251953123,491.29992466935016,1,1792,91,1883,625.7596940917969,1.4263573680164932,2.157352336108548,19.69230769209129,0.3323206022790571,0.7851255510817432
482,3.6375861597263857,0.6931471805599453,5.288267030694535,4.61512051684126,7.2115567333138015,3.044522437723423,184.49994506835927,46.80606129455567,193.18524169921875,246.20954589843748,534.6028610192167,0,1588,121,1709,670.7007939605712,0.7846374964605307,3.941795997388868,13.123966942040298,0.3924521907315265,0.7970810021880599
483,0.0,1.791759469228055,5.293304824724492,5.568344503761097,0.6931471805599453,4.2626798770413155,255.2917236328125,45.00655339050293,21.763806152343747,261.72092285156253,462.3420312145016,0,199,336,535,583.7830060272217,0.0831565390918483,5.672323348381764,0.5922619047601421,1.091183188833889,0.7919758308143534
484,0.0,1.0986122886681098,5.627621113690637,4.23410650459726,3.6109179126442243,2.6390573296152584,186.03533935546872,51.8335865020752,36.79233398437499,183.472119140625,332.9735957081069,0,313,83,396,458.133378982544,0.2005336514153107,3.589088695308236,3.771084337303962,1.15690247217522,0.7268049240307969
485,3.713572066704308,1.6094379124341003,5.631211781821365,3.8066624897703196,5.948034989180646,0.0,152.28121948242188,46.83500111389161,101.38919677734374,168.78175048828126,380.926005511655,0,700,48,748,469.2871678619385,0.6007118452286856,3.251440500852315,14.583333333029517,0.6273892618466727,0.8117119571931476
486,3.6635616461296463,0.6931471805599453,5.802118375377063,4.8283137373023015,4.23410650459726,4.6913478822291435,192.8828979492188,45.39321432495117,34.45697021484374,214.25046386718748,397.02129343418005,0,436,233,669,486.9835463562012,0.1608256504688016,4.2491570780646,1.871244635185102,0.7279275730276132,0.8152663399082605
487,0.0,1.791759469228055,5.834810737062605,3.871201010907891,0.6931471805599453,1.3862943611198906,161.75247802734376,48.7615747833252,44.81636352539062,157.11551513671876,320.9991754150535,0,342,55,397,412.4459314727783,0.285244671642435,3.317211938760854,6.218181818068761,1.0389066283922908,0.7782818326466179
488,0.0,1.0986122886681098,5.4510384535657,4.465908118654584,6.9874902470009905,1.6094379124341003,178.88900756835938,47.35072865295411,154.38251953124998,221.31423339843752,476.3507348153694,0,1314,92,1406,601.936489151001,0.6975715802815706,3.777956805600729,14.282608695496927,0.4281198358112182,0.7913637790698569
489,3.713572066704308,1.0986122886681098,4.912654885736052,5.645446897643238,3.332204510175204,4.219507705176107,174.61735839843752,35.53994430541992,21.666632080078124,202.36391601562497,444.2335371717614,0,202,351,553,434.1878507995606,0.1070676655530728,4.913270456839031,0.575498575496936,0.7851498206126138,1.0231367283830684
490,0.0,5.407171771460119,4.406719247264253,8.734077192559303,0.0,6.761572768804055,226.6581115722656,27.98086349487305,10.40240478515625,12032.720031738285,14738.243213188503,0,81,7295,7376,12297.76141159058,0.0008645098329984,8.100468793813166,0.0111034955448922,1.6672670026557634,1.1984492721818931
491,3.9318256327243257,1.0986122886681098,5.0238805208462765,5.375278407684165,4.31748811353631,3.1780538303479458,167.83060913085936,29.62984442138672,29.89456787109375,199.11947021484377,513.1725962837838,0,275,240,515,426.4744916381836,0.1501338258819607,5.664241996628762,1.145833333328559,0.8281058090045739,1.2032902467656863
492,0.0,1.791759469228055,5.2574953720277815,5.3230099791384085,1.0986122886681098,2.5649493574615367,111.56138305664062,19.70283773803711,15.25155029296875,128.24080810546874,497.2508332596929,0,193,221,414,274.7565791931152,0.1189289939619417,5.662198741839341,0.8733031674168629,0.6636632347643757,1.809786810995291
493,0.0,1.791759469228055,5.0689042022202315,5.262690188904886,1.3862943611198906,1.0986122886681098,175.3574523925781,28.662331375122072,17.786041259765625,169.5270263671875,481.1163799384684,0,161,199,360,391.3328513946533,0.1049156682612776,6.118045670864874,0.8090452261265878,1.087035698315462,1.2294300829143536
494,3.6635616461296463,1.0986122886681098,7.241366283322318,4.532599493153256,2.833213344056216,3.044522437723423,87.471826171875,30.74658714294433,148.72093505859374,134.90181884765624,503.3844853390932,1,1449,114,1563,401.8411672210693,1.1024383238704951,2.844927983790973,12.710526315677978,0.2570960762769112,1.2526951601773246
495,3.6635616461296463,1.0986122886681098,5.707110264748875,3.044522437723423,4.77912349311153,1.3862943611198906,92.2673583984375,31.98212283325196,77.573583984375,108.63299560546876,372.8294437073958,0,456,25,481,310.45606082153324,0.7140886021903619,2.8849666695552094,18.2399999992704,0.6454387958854216,1.2009088910025087
496,0.0,0.6931471805599453,5.459585514144159,3.1780538303479458,3.8501476017100584,2.833213344056216,76.50060424804687,29.61093873596192,46.61010131835937,105.92384033203126,338.3621542837751,0,280,40,320,258.6454846343994,0.4400340959298139,2.5835251265625976,6.999999999825,0.8082671394799723,1.3082082401737989
497,0.0,1.3862943611198906,5.236441962829949,5.111987788356544,3.7612001156935624,2.3978952727983707,101.89945678710936,20.572344589233403,24.07208862304688,117.51090087890626,466.1932859644396,0,229,178,407,264.0547908782959,0.2048498347199981,4.9532252553987215,1.2865168539253566,0.6487832699696489,1.765517241372624
498,4.02535169073515,1.3862943611198906,5.37989735354046,4.820281565605037,4.248495242049359,2.772588722239781,143.40882568359376,30.48226181030273,38.30570068359375,154.79879150390627,440.16365268474806,0,340,141,481,366.9955796813965,0.2474547786271294,4.704664849719853,2.411347517713395,0.7629845731406103,1.1993704476377407
499,0.0,1.3862943611198906,5.438079308923196,5.4510384535657,4.330733340286331,2.1972245773362196,132.87200317382812,20.80965609741211,29.18726806640625,140.08260498046877,543.1645953395268,0,304,243,547,322.95153231811526,0.2083575478216397,6.385112879590883,1.251028806579214,0.5904049950960235,1.6818765077194755
500,0.0,1.3862943611198906,5.424950017481403,4.430816798843313,3.871201010907891,2.3978952727983707,123.59124755859374,30.000837936401368,39.17548828125,133.76927490234374,404.19913332955576,0,273,96,369,326.53684867858885,0.2928586426857484,4.119593186579476,2.843749999970377,0.8849237091536692,1.237836204287536
501,0.0,1.3862943611198906,5.700443573390687,4.248495242049359,6.660575149839686,3.2188758248682006,124.03042602539062,28.901853286743165,124.65999755859374,161.76961669921874,561.8345572097562,0,1078,96,1174,439.3618935699464,0.7706020456833115,4.291435043647877,11.229166666549697,0.3742435209280852,1.2787512195092847
502,3.7612001156935624,1.3862943611198906,5.087596335232384,5.056245805348308,1.0986122886681098,2.6390573296152584,82.4192138671875,17.669890274047855,23.17044067382812,97.109619140625,456.4799775270245,0,205,172,377,220.3691639556885,0.2386008809285542,4.664387417480117,1.1918604651093496,0.5845335913928487,2.0714330867849617
503,0.0,2.302585092994046,7.504391559161238,5.407171771460119,0.6931471805599453,1.3862943611198906,106.5320068359375,30.851788375854493,157.94132080078123,176.17082519531252,578.8026449443674,1,1816,234,2050,471.4959412078857,0.8965237043351668,3.4530253330746787,7.760683760650596,0.2299980201012954,1.2275877570872702
504,0.0,1.0986122886681098,5.634789603169249,3.970291913552122,6.26530121273771,1.6094379124341003,109.87239990234374,30.4579423828125,115.14171752929686,139.44576416015624,488.1428614107882,0,804,58,862,394.9178239746093,0.8257096816238074,3.60734807748332,13.86206896527824,0.4581413271161846,1.2360618634446254
505,3.6888794541139363,1.3862943611198906,5.093750200806762,3.8918202981106265,6.854354502255021,1.6094379124341003,102.16395263671876,27.613986419677737,148.56800537109373,150.06207275390625,582.6619311418254,0,1148,55,1203,428.4080171813965,0.9900436708864288,3.699717638747623,20.87272727234777,0.3561163900091773,1.3600630888608107
506,4.02535169073515,1.0986122886681098,5.241747015059643,5.170483995038151,1.791759469228055,2.9444389791664403,91.77659912109377,17.9126604309082,24.741156005859377,110.15280761718748,493.7775280019715,0,248,195,443,244.58322317504883,0.22460758414454,5.123560482261484,1.2717948717883498,0.5521065985880287,2.0188528125109992
507,0.0,1.9459101490553132,5.579729825986222,4.882801922586371,1.0986122886681098,2.302585092994046,141.38399047851564,30.384734619140627,29.094873046875,150.29443359375,423.1043677011325,0,266,146,412,351.15803173828124,0.1935858324954712,4.653125730602852,1.8219178082067,0.8523253197510411,1.2048830710364276
508,0.0,1.3862943611198906,7.363913501405819,4.875197323201151,4.07753744390572,4.1588830833596715,96.61415405273438,31.171214126586914,169.08766479492186,179.25520019531248,584.1609234873446,1,1635,196,1831,476.1282331695557,0.9432789933555312,3.0994671448241613,8.341836734651318,0.2600372655211882,1.2268983076206073
509,4.127134385045092,1.6094379124341003,5.017279836814924,5.420534999272286,3.713572066704308,3.4657359027997265,181.1076416015625,28.671342636108403,24.393878173828124,191.176171875,520.1461843372145,0,251,260,511,425.349034286499,0.1275989467434801,6.316678081449896,0.9653846153809024,0.832385585686236,1.2228690849351758
510,3.6635616461296463,0.6931471805599453,5.605802066295998,3.1780538303479458,5.720311776607412,0.0,72.55343627929688,23.220617477417,87.30214233398436,88.365966796875,446.00194521887374,0,613,24,637,271.4421628875732,0.9879611517596588,3.124526569835344,25.54166666560243,0.4261258444068243,1.6430827859338757
511,0.0,0.6931471805599453,5.455321115357702,4.04305126783455,5.117993812416755,2.772588722239781,92.33822021484376,26.77531045532227,53.329449462890615,112.08226318359377,401.79810261161873,0,399,72,471,284.5252433166504,0.4758063224960022,3.448633036971587,5.541666666589699,0.6040875654268499,1.4121703154578882
512,0.0,1.791759469228055,7.385230923066573,5.117993812416755,3.6888794541139363,1.0986122886681098,60.14503784179688,20.16208772277832,100.63092041015624,109.32147216796876,552.3038087509436,1,1650,173,1823,290.2595181427002,0.9205046219522154,2.9830758930219483,9.53757225428013,0.1592207998587718,1.902793101439353
513,3.8501476017100584,1.6094379124341003,5.332718793265369,5.332718793265369,3.7612001156935624,2.5649493574615367,111.54045410156247,20.63856188964844,26.447277832031247,128.67110595703127,499.6900847133758,0,294,222,516,287.29739978027345,0.2055416997865672,5.404468329360811,1.324324324318359,0.5567779065498385,1.7392781316287658
514,3.7376696182833684,1.3862943611198906,4.912654885736052,5.225746673713202,3.6635616461296463,3.1354942159291497,107.2098083496094,21.22646932983399,21.907177734375,127.388818359375,474.04579367642464,0,214,210,424,277.73227377319336,0.171970962729248,5.050760287952095,1.0190476190427664,0.6550289475767413,1.7068444629587467
515,0.0,1.6094379124341003,5.159055299214529,5.37989735354046,1.0986122886681098,2.5649493574615367,129.65916137695314,25.99245840454102,17.62355346679687,152.03111572265627,454.18135820196005,0,175,232,407,325.3062889709473,0.1159207007257042,4.988337746048395,0.7543103448243349,0.7992783512780051,1.3961653174222102
516,0.0,1.791759469228055,4.912654885736052,5.0689042022202315,1.0986122886681098,0.6931471805599453,83.837109375,20.827289428710937,15.590863037109372,104.2319091796875,401.2653076587388,0,137,164,301,224.48717102050784,0.1495785998708168,4.0253490334370206,0.835365853653443,0.7458045548829303,1.787475452752238
517,3.713572066704308,1.791759469228055,5.384495062789089,5.442417710521793,1.0986122886681098,1.3862943611198906,119.2976806640625,20.04549517822265,24.134216308593743,127.45250244140628,513.6417449353448,0,259,238,497,290.9298945922852,0.1893585127486971,5.951346155205768,1.0882352941130746,0.5853720213112672,1.7655172413732418
518,3.8501476017100584,1.0986122886681098,7.237778191923443,4.543294782270004,5.10594547390058,0.0,40.374755859375,20.077882827758792,124.80018310546872,85.95113525390626,532.6227908001198,1,1600,95,1695,271.2039570465088,1.451989932830409,2.010907036549877,16.84210526298061,0.1600023345406187,1.9639196883355807
519,0.0,2.1972245773362196,5.0689042022202315,5.402677381872279,3.8918202981106265,2.1972245773362196,164.89544677734375,27.393924041748047,28.242608642578126,183.7716064453125,521.398713172498,0,206,237,443,404.3035859069825,0.1536832005156846,6.019416806443116,0.8691983122326195,0.9126491781175392,1.289621787552401
520,0.0,5.652489180268651,3.713572066704308,8.715552125907816,0.0,7.147559271189454,222.33224487304688,27.831883300781257,5.201202392578125,11944.102770996094,14735.777453258626,0,40,7650,7690,12199.4681015625,0.000435461959119,7.988401017002593,0.0052287581699339,1.5864067752354896,1.207903273370588
521,3.871201010907891,2.0794415416798357,5.093750200806762,5.25227342804663,2.9444389791664403,3.5263605246161616,146.53531494140626,29.269329116821293,23.549578857421874,181.7147827148437,472.2004680267736,0,227,230,457,381.0690056304932,0.1295963845398726,5.006445974608448,0.9869565217348394,0.833849027636016,1.2391468764148394
522,0.0,1.3862943611198906,4.406719247264253,5.288267030694535,0.6931471805599453,2.3978952727983707,120.20487670898436,22.769141326904297,15.170306396484374,138.20478515625,468.73425800067577,0,82,210,292,296.34910958862304,0.1097668679070955,5.279288971765901,0.3904761904743311,1.0148942109164665,1.581696191528186
523,0.0,2.3978952727983707,5.327876168789581,5.375278407684165,1.3862943611198906,2.833213344056216,99.5486572265625,17.163792709350584,16.234442138671874,114.09261474609374,511.4348344389689,0,208,241,449,247.0395068206787,0.1422917879010692,5.799921899926577,0.8630705394155059,0.5501993470381481,2.07025524386324
524,3.9512437185814275,1.6094379124341003,7.445417556701687,4.418840607796598,1.791759469228055,2.5649493574615367,80.00299072265625,29.682230484008787,162.64072265624998,126.1013671875,519.1532578535072,1,1767,98,1865,398.42731105041497,1.2897617708865112,2.695315999350598,18.03061224471397,0.2136339469438077,1.3030062032733325
525,3.6635616461296463,0.0,5.393627546352362,2.995732273553991,5.459585514144159,2.4849066497880004,81.26993408203124,29.39698365783692,72.06492919921874,103.59851074218751,375.3890197847483,0,491,30,521,286.3303576812744,0.6956174242490992,2.764567107469238,16.366666666121112,0.5495784216520629,1.3110346483110171
526,0.0,0.6931471805599453,5.093750200806762,3.091042453358316,5.407171771460119,2.995732273553991,66.1282470703125,22.667203308105467,72.86940307617188,99.863525390625,442.7673427021441,0,384,41,425,261.52837884521483,0.7296898721570972,2.9173535953484224,9.36585365830815,0.6153608913990576,1.6929992249999848
527,0.0,1.3862943611198906,5.552959584921617,4.997212273764115,5.598421958998375,2.1972245773362196,144.7987060546875,29.89696893310547,47.86062011718749,165.984814453125,473.385948243168,0,526,158,684,388.5411095581055,0.2883433660759083,4.843257066421404,3.329113924029562,0.5680425578326571,1.218367726340051
528,3.6888794541139363,1.791759469228055,4.859812404361672,5.017279836814924,3.332204510175204,2.5649493574615367,100.65888061523437,22.4909149017334,21.16483154296875,124.30100097656248,439.33101569752927,0,194,167,361,268.615628036499,0.1702708053556962,4.475535168335946,1.1616766466996309,0.7440876122874097,1.635537808828451
529,4.0943445622221,1.791759469228055,5.087596335232384,5.472270673671475,0.6931471805599453,3.912023005428146,134.98632202148437,23.12772065734864,21.67141113281249,155.90895996093752,515.2241007259954,0,221,291,512,335.69441377258306,0.1390004213876046,5.836559685909084,0.7594501718186961,0.6556531518982958,1.534800936763578
530,0.0,1.791759469228055,5.2832037287379885,4.418840607796598,4.248495242049359,2.6390573296152584,104.06634521484376,26.699363388061528,34.2116455078125,120.60904541015624,399.59413892565874,0,265,100,365,285.58639952087407,0.2836573773648982,3.897708859136272,2.6499999999735,0.7824284918358675,1.399205773085327
531,0.0,1.791759469228055,5.407171771460119,4.23410650459726,7.257002707092073,3.258096538021482,122.60758666992189,27.477185897827148,194.1537963867187,192.1847900390625,718.2413528173905,0,1639,98,1737,536.4233589935302,1.0102453807413467,4.462159521043068,16.724489795747708,0.3088217380502138,1.338944959749067
532,3.871201010907891,1.791759469228055,5.14166355650266,5.087596335232384,3.5553480614894135,2.70805020110221,105.65447387695312,23.397489669799807,32.271350097656246,122.3663818359375,445.5281064701653,0,251,180,431,283.68969548034664,0.2637272559113521,4.515632888976567,1.3944444444366977,0.6582127505329198,1.5704768751442366
533,0.0,1.9459101490553132,7.599401333415815,5.545177444479562,2.995732273553991,3.044522437723423,81.90686645507812,24.19009643554688,136.7653381347656,147.23587646484376,611.9069928195308,1,2015,281,2296,390.0981774902343,0.9288859578086112,3.38596692534601,7.17081850531256,0.1699033874085646,1.5685974150270945
534,0.0,1.0986122886681098,5.0689042022202315,3.912023005428146,4.653960350157523,2.0794415416798357,67.50444946289062,22.46269857788086,38.670501708984375,89.27303466796874,371.34002324613857,0,262,58,320,217.91068441772453,0.4331711345130986,3.0051798641129177,4.517241379232462,0.6809708888032613,1.704092776527621
535,3.6635616461296463,1.6094379124341003,5.676753802268282,3.784189633918261,6.405228458030842,2.3978952727983707,107.20074462890624,30.16278616333008,129.91376953125,142.55079345703126,512.2929341954681,0,933,57,990,409.8280937805176,0.9113507289561196,3.554073023787164,16.368421052344413,0.4139677714950541,1.2500190737743209
536,3.8066624897703196,1.9459101490553132,5.278114659230517,5.214935757608986,0.6931471805599453,2.4849066497880004,143.9943420410156,27.93758848571777,32.781115722656246,156.29967041015624,466.89287206456953,0,240,200,440,361.0127166595458,0.2097324686381195,5.154143569316089,1.199999999994,0.8204834469516485,1.293286498003285
537,0.0,1.791759469228055,5.472270673671475,4.844187086458591,3.1354942159291497,2.3978952727983707,133.66351318359375,30.613209503173827,46.94941406249999,155.02254638671874,441.367983854952,0,259,141,400,366.2486831359863,0.3028553920477946,4.366203849530052,1.836879432611086,0.9156217078376768,1.2051046302052346
538,0.0,1.3862943611198906,7.3758821482150125,4.90527477843843,4.454347296253507,4.290459441148391,61.44411621093749,20.389809173583984,113.84022216796876,127.29071044921876,607.2013579092318,1,1681,209,1890,322.964858001709,0.8943325225016301,3.0134718615968183,8.043062200918454,0.170880877249491,1.8800849159388688
539,4.060443010546419,2.0794415416798357,5.153291594497779,5.43372200355424,0.6931471805599453,3.295836866004329,146.8599609375,25.159136306762697,20.96251831054688,167.41512451171874,508.50328877454353,0,230,261,491,360.3967400665283,0.1252128107992675,5.837241753493234,0.8812260536364704,0.7340055805820658,1.4109541853216103
540,3.6375861597263857,0.0,5.303304908059076,2.9444389791664403,6.030685260261263,2.302585092994046,62.769561767578125,21.30803970336914,93.42251586914062,95.4469482421875,491.2087788334798,0,652,27,679,272.9470655822754,0.978789972740785,2.9458158816321074,24.14814814725377,0.4019838962914189,1.799648506144549
541,0.0,1.3862943611198906,5.583496308781699,3.912023005428146,5.991464547107982,2.302585092994046,94.48434448242188,28.495643005371097,86.31925048828124,126.17193603515624,446.8040251188879,0,664,61,725,335.47117401123046,0.6841398586730516,3.315747058639699,10.885245901460898,0.4627188607045072,1.3318700971386548
542,0.0,2.302585092994046,7.484930283289661,5.0106352940962555,3.7376696182833684,2.3978952727983707,85.85881347656249,32.13261488342285,186.1122436523437,161.275634765625,560.6039675207705,1,1821,168,1989,465.37930677795407,1.1540009991072655,2.672014518127028,10.839285714221196,0.233976524272358,1.204617307548327
543,3.8918202981106265,2.302585092994046,5.648974238161206,5.308267697401205,6.059123195581797,3.4965075614664802,107.73814086914064,21.478335571289065,48.55995483398437,147.0207275390625,548.379704245672,0,758,242,1000,324.7971588134766,0.3302932562400223,5.016130812675369,3.1322314049457347,0.3247971588131518,1.6883759274473988
544,4.007333185232471,1.0986122886681098,4.90527477843843,5.25227342804663,0.6931471805599453,4.189654742026425,137.17562255859374,29.728254776000973,19.59093017578125,181.998779296875,454.2984255427217,0,189,257,446,368.49358680725095,0.10764319547285,4.614318048186218,0.7354085603084226,0.8262188044987102,1.2328530042481312
545,0.0,2.302585092994046,4.74493212836325,5.204006687076795,0.6931471805599453,3.4339872044851463,100.94611816406248,22.30687261962891,17.36548461914062,132.6935302734375,450.1124693169824,0,115,220,335,273.3120056762695,0.1308691130850557,4.525337095918579,0.5227272727248967,0.8158567333595632,1.6468814394069513
546,0.0,1.0986122886681098,4.795790545596741,5.10594547390058,0.6931471805599453,1.6094379124341003,114.59476318359374,29.56747412109375,18.8677001953125,146.20832519531248,390.9231662358705,0,121,170,291,309.23826269531247,0.1290466884835663,3.875703508199401,0.7117647058781661,1.0626744422482812,1.2641487596888252
547,4.110873864173311,2.0794415416798357,4.48863636973214,5.5909869805108565,3.713572066704308,2.9444389791664403,98.20063476562498,16.90885784912109,18.28624877929688,120.2630859375,532.9502727622468,0,188,292,480,253.6588273315429,0.1520520501914285,5.807644468719792,0.6438356164361513,0.5284558902729468,2.1010515516716355
548,3.784189633918261,0.6931471805599453,7.21890970761906,4.343805421853684,3.1780538303479458,1.9459101490553132,53.797796630859374,30.626641571044924,176.8010559082031,121.00491943359376,495.7225596057944,1,1430,83,1513,382.2304135437012,1.4611063478602502,1.7565685909213231,17.228915662443026,0.2526308086870116,1.296920763077427
549,0.0,2.1972245773362196,4.330733340286331,5.407171771460119,0.6931471805599453,3.8066624897703196,167.06480712890624,29.171692153930668,11.56212158203125,196.897412109375,493.8030016198101,0,76,274,350,404.6960329742432,0.058721551787333,5.726949476966442,0.2773722627727103,1.1562743799231054,1.2201824613635834
550,0.0,5.493061443340548,3.6375861597263857,8.848939995030118,0.0,7.414572881350589,250.32941894531243,30.87861758422852,5.201202392578125,13288.92813720703,14739.45179393638,0,37,8867,8904,13575.33737612915,0.0003913936729039,8.10688555776095,0.0041727754595687,1.5246335777322129,1.0857521537441213
551,4.060443010546419,1.791759469228055,5.3706380281276624,5.5053315359323625,1.3862943611198906,3.044522437723423,163.12373657226564,29.52998208618164,31.38085327148437,191.8835815429688,504.0238924926035,0,274,270,544,415.9181534729005,0.1635411066386295,5.524003912046879,1.0148148148110565,0.7645554291767205,1.2118343195237131
552,0.0,1.791759469228055,5.2574953720277815,5.472270673671475,3.367295829986474,3.6375861597263857,189.39814453125,32.73641427612305,26.209918212890624,222.99583740234377,511.7587615308152,0,219,279,498,471.3403144226074,0.1175354594870012,5.785549477958732,0.7849462365563263,0.9464664948226124,1.0857521537418982
553,0.0,1.791759469228055,5.2832037287379885,5.5093883366279774,1.6094379124341003,2.772588722239781,192.35159912109376,30.26415037536621,23.293103027343747,208.9078857421875,526.3813400028256,0,200,266,466,454.8167382659912,0.1114993957479335,6.35575744664897,0.7518796992452937,0.9760015842596892,1.157348214598522
554,3.970291913552122,1.791759469228055,7.465082736399547,4.624972813284271,5.272999558563747,4.127134385045092,102.66674194335938,33.32170715332031,199.2992431640625,183.0710815429688,595.2542596810935,1,1991,167,2158,518.358773803711,1.0886440473461458,3.0810768928460552,11.922155688551364,0.2402033242833506,1.1483441387747253
555,3.6635616461296463,0.6931471805599453,5.5053315359323625,3.4965075614664802,6.335054251498059,3.258096538021482,99.84825439453124,30.86930195617676,137.88204345703122,149.0999267578125,514.7103672721119,0,846,58,904,417.6995265655517,0.9247626504879,3.234548501713615,14.586206896300238,0.4620569984127098,1.2322503008394086
556,0.0,0.6931471805599453,5.666426688112432,3.5553480614894135,6.184148890937483,3.1354942159291497,92.04537963867188,27.74316778564453,112.365087890625,129.7193115234375,495.0053317470257,0,772,57,829,361.8729468383789,0.8662171157873962,3.317767471491926,13.543859648885196,0.436517426825021,1.36789814234646
557,0.0,1.791759469228055,4.927253685157205,5.1647859739235145,3.1354942159291497,3.2188758248682006,127.9815490722656,25.932333435058595,18.808758544921872,153.2170166015625,456.7392534211426,0,159,203,362,325.9396576538086,0.1227589399793032,4.935211456687072,0.7832512315232353,0.9003857946212934,1.4013000342071271
558,3.828641396489095,1.0986122886681098,5.262690188904886,5.030437921392435,4.499809670330265,3.4965075614664802,152.0152404785156,30.668823852539067,38.194189453125,174.74739990234377,468.4999248310506,0,326,186,512,395.6256536865235,0.2185679985753777,4.956670043966281,1.7526881720335878,0.7727063548549821,1.184200065047059
559,0.0,1.791759469228055,5.093750200806762,5.572154032177765,0.6931471805599453,3.713572066704308,161.50149536132812,24.921964508056643,19.56703491210937,186.14340820312503,549.3797825045962,0,163,307,470,392.1339029846192,0.1051180651567964,6.480287511148588,0.5309446254054366,0.8343274531569891,1.4010004703029817
560,0.0,1.3862943611198906,6.0014148779611505,4.532599493153256,6.4967749901858625,2.995732273553991,143.73495483398438,33.37195765686035,117.51053466796874,173.50469970703125,518.3114211353269,0,1065,114,1179,468.1221468658448,0.6772758021293493,4.307057928923429,9.342105263075949,0.3970501669766307,1.1072140564260855
561,0.0,1.6094379124341003,5.318119993844216,4.382026634673881,6.175867270105761,3.6375861597263857,116.46584472656252,29.131266220092776,103.96829223632812,159.86942138671878,523.6061480505796,0,683,120,803,409.4348245697022,0.6503325735081131,3.997967127231645,5.691666666619236,0.5098814751795671,1.2788510322725664
562,3.9318256327243257,1.0986122886681098,5.225746673713202,5.1298987149230735,4.736198448394496,3.5553480614894135,148.24835815429688,31.78192414855957,45.16045532226562,182.73028564453125,469.75069725882975,0,348,204,552,407.92102326965335,0.2471426953814869,4.664549492241844,1.7058823529328144,0.7389873609944101,1.1515726585809056
563,0.0,2.0794415416798357,7.695757990554761,5.53338948872752,3.367295829986474,3.7376696182833684,116.32873535156249,32.83606704711914,185.2615722656249,207.28824462890628,623.2542623152277,1,2226,300,2526,541.7146192932128,0.8937389218399341,3.5427122006143503,7.419999999975267,0.2144555104089462,1.15052140022961
564,0.0,1.3862943611198906,5.71042701737487,3.970291913552122,7.318539548567902,1.3862943611198906,113.91168823242188,26.379219131469725,215.0589660644531,174.5322509765625,741.8893117629465,0,1808,58,1866,529.8821244049072,1.2322018701981945,4.318235792363162,31.172413792566,0.2839668405169471,1.400102546570593
565,3.6635616461296463,1.0986122886681098,5.293304824724492,3.9889840465642745,6.440946540632921,2.70805020110221,110.12156982421874,33.09622604370117,116.23293457031252,155.48382568359375,475.6708485516373,0,862,69,931,414.9345561218262,0.7475564359092662,3.327315013968174,12.492753623007353,0.4456869560917084,1.1463755947355525
566,3.6635616461296463,1.791759469228055,5.075173815233827,5.351858133476067,0.6931471805599453,3.1780538303479458,137.51279296875,25.970933166503908,23.385498046875,159.53206787109374,480.1758762214983,0,198,238,436,346.4012920532226,0.1465880707170707,5.2948730059808815,0.8319327731057482,0.794498376267037,1.3861838487205635
567,0.0,1.9459101490553132,5.220355825078324,5.049856007249537,4.382026634673881,3.2188758248682006,122.55732421875,26.02623815917969,33.13795166015625,145.798681640625,460.0163639948564,0,263,185,448,327.52019567871093,0.2272856742395637,4.708991113677868,1.4216216216139372,0.7310718653526337,1.4045435062108853
568,0.0,1.6094379124341003,7.499423290592229,4.882801922586371,3.784189633918261,3.2188758248682006,91.99791870117188,32.35077122497559,181.6693176269531,160.57166748046876,555.5470539406272,1,1849,159,2008,466.5896750335693,1.131390864131863,2.84376276715479,11.628930817536926,0.232365376012618,1.1906544093575733
569,4.143134726391533,1.6094379124341003,5.313205979041787,5.7899601708972535,0.6931471805599453,3.9889840465642745,169.06805419921875,26.06288195800781,23.21982421875,202.653076171875,563.931395004701,0,265,383,648,421.0038365478516,0.1145791845712824,6.486928593128425,0.6919060052201256,0.6496972786222251,1.3394922944823682
570,3.6635616461296463,0.6931471805599453,5.7899601708972535,3.4965075614664802,4.976733742420574,3.091042453358316,94.13151855468747,32.3563296661377,79.76398315429687,126.30791015625,394.5015968757919,0,508,54,562,332.559741531372,0.631504258561422,2.909214967304867,9.407407407233196,0.5917433123323492,1.1862578286175098
571,0.0,1.3862943611198906,5.680172609017068,4.189654742026425,5.652489180268651,3.1780538303479458,101.41660766601562,27.6141261291504,93.77457275390624,134.9861572265625,486.9423385388545,0,576,91,667,357.7914637756348,0.694697698489328,3.672635055986226,6.329670329600773,0.5364189861695627,1.360966897865532
572,0.0,1.9459101490553132,7.591357046698551,5.356586274672012,5.638354669333745,3.9889840465642745,110.4579162597656,32.08282342529297,205.2794311523437,207.93541259765627,656.2049206543672,1,2260,270,2530,555.7555834350585,0.9872268921723356,3.442898861863933,8.37037037033937,0.219666238511794,1.180743730179484
573,3.871201010907891,1.791759469228055,5.54907608489522,5.476463551931511,3.784189633918261,3.091042453358316,146.10322265625,26.71428735351563,43.051300048828125,180.59600830078125,531.8224647126249,0,346,264,610,396.46481835937504,0.2383845603989659,5.469104255613001,1.3106060606010963,0.6499423251782379,1.3414114950023477
574,3.6635616461296463,1.6094379124341003,4.890349128221754,5.37989735354046,0.6931471805599453,3.332204510175204,158.151708984375,30.22575521850586,20.80003051757812,178.07618408203123,461.9581545378426,0,171,247,418,387.2536788024902,0.1168041118169947,5.232349294032313,0.6923076923048894,0.9264442076592434,1.192908369431555
575,0.0,1.3862943611198906,5.4116460518550396,5.3981627015177525,6.827629234502852,2.6390573296152584,135.95399780273436,25.44840975952149,94.63958129882812,185.3688720703125,623.6429565386109,0,1145,236,1381,441.4108609313964,0.5105473224351266,5.342337658113392,4.851694915233679,0.3196313258009245,1.4128400810557398
576,0.0,1.6094379124341003,5.746203190540153,5.3981627015177525,6.421622267806518,3.367295829986474,151.90993652343752,32.66978283691407,102.7177734375,215.86666259765627,563.8742491108071,0,926,252,1178,503.1641553955079,0.4758389841254691,4.649860615147476,3.674603174588593,0.4271342575510023,1.120656634744695
577,3.970291913552122,2.0794415416798357,5.771441123130016,5.62040086571715,5.3612921657094255,2.9444389791664403,171.80496826171873,27.244409957885743,28.406689453125,196.952490234375,546.3374435474367,0,584,300,884,424.4085579071045,0.144231176864921,6.306063097750615,1.9466666666601773,0.4801001786274032,1.287291298366639
578,3.828641396489095,1.3862943611198906,7.321188556739478,4.51085950651685,2.833213344056216,2.772588722239781,57.86444091796874,29.45606080627441,171.44851684570312,124.2803466796875,513.448482389757,1,1572,108,1680,383.0493652496338,1.379530403839349,1.9644324234854464,14.55555555542078,0.2280055745532177,1.3404237912097872
579,0.0,2.1972245773362196,5.365976015021851,5.342334251964811,3.8918202981106265,3.091042453358316,164.4686279296875,27.08690748596192,34.62742309570312,181.62872314453128,531.1699334009063,0,261,237,498,407.81168165588383,0.1906494881206518,6.071886501212929,1.1012658227801635,0.8188989591467167,1.302488274104446
580,0.0,4.8283137373023015,3.6635616461296463,8.647519453091812,0.0,6.300785794663244,247.059228515625,32.676399078369144,5.201202392578125,13877.215869140628,14725.223533079488,0,38,6363,6401,14162.1526991272,0.0003748015770327,7.5607850153724705,0.005972025774005,2.212490657573033,1.0397588449943735
581,3.6635616461296463,1.6094379124341003,5.3230099791384085,5.220355825078324,3.6375861597263857,4.454347296253507,134.4113525390625,27.215624816894533,33.51549682617187,173.461669921875,492.1330152793057,0,279,273,552,368.6041441040039,0.1932155780644428,4.938756814823732,1.0219780219742784,0.6677611306219858,1.3351261051994907
582,0.0,1.0986122886681098,5.488937726156687,3.7612001156935624,1.0986122886681098,2.302585092994046,113.38335571289063,36.48183563232423,37.22882080078125,128.8001953125,330.50931990165714,0,243,53,296,315.8942074584961,0.2890432014498597,3.1079399855998733,4.584905660290851,1.0672101603291515,1.0462658450108966
583,0.0,0.6931471805599453,7.374001859350161,4.8283137373023015,4.553876891600541,3.4657359027997265,90.68252563476562,37.22521975708008,203.0348693847656,188.91280517578124,544.1502124580738,1,1687,156,1843,519.8554199523926,1.0747544042595163,2.4360507801994142,10.814102564033243,0.2820702224373904,1.0467337486004462
584,3.6888794541139363,1.6094379124341003,4.990432586778736,5.1298987149230735,7.011213987350367,4.110873864173311,184.002099609375,33.02890603637695,163.95496215820313,253.48330078125,686.5106654669132,0,1293,232,1525,634.4692685852051,0.6468077449371923,5.57094138695209,5.573275862044943,0.4160454220228124,1.082023510763055
585,3.6635616461296463,1.0986122886681098,7.429520842786462,4.804021044733257,5.616771097666572,5.204006687076795,97.66900634765624,30.463156539917,187.2257629394531,229.71364746093747,682.36505495702,1,1996,304,2300,545.0715732879637,0.8150397897907897,3.206135457974317,6.565789473662613,0.2369876405598811,1.251881566377837
586,0.0,0.6931471805599453,5.327876168789581,4.859812404361672,3.713572066704308,0.6931471805599453,132.41024780273435,36.12916900634765,36.78914794921875,159.24635009765626,379.2866244404228,0,245,130,375,364.574914855957,0.2310203525947511,3.664912629897628,1.884615384600888,0.9721997729466262,1.0403530494939237
587,0.0,1.9459101490553132,5.342334251964811,5.081404364984463,6.846943139585379,4.30406509320417,179.94171752929685,32.208462158203126,145.26249389648436,244.15444335937505,667.258523051926,0,1148,239,1387,601.5671169433593,0.5949615001766528,5.586783890514965,4.803347280314631,0.4337181809249644,1.1092004603596752
588,3.6635616461296463,1.0986122886681098,4.875197323201151,5.3981627015177525,4.276666119016055,3.828641396489095,129.32396850585937,28.14059133911133,30.82648315429687,178.66655273437502,478.1290109745915,0,239,267,506,366.9575957336426,0.1725363963335337,4.595637914741408,0.8951310861389696,0.7252126397883744,1.302954391821174
589,3.6888794541139363,0.0,5.2574953720277815,4.852030263919617,6.962243464266207,4.867534450455582,139.74049072265626,29.292900100708007,151.6489013671875,225.0216796875,679.9615084987452,0,1285,256,1541,545.7039718780518,0.6739301812035035,4.770455988907301,5.019531249980393,0.3541232783112898,1.2460263137858374
590,0.0,1.0986122886681098,5.225746673713202,4.8283137373023015,0.6931471805599453,2.0794415416798357,129.42432861328123,35.71888220214844,28.11038818359375,159.9640869140625,372.1739326666452,0,186,133,319,353.2176859130859,0.1757293697961078,3.623414861562301,1.3984962405909889,1.107265473078303,1.0536673204896374
591,0.0,1.3862943611198906,5.66988092298052,4.51085950651685,4.276666119016055,3.713572066704308,118.16076049804688,28.23241040039063,38.79157104492187,137.950048828125,424.3029783209778,0,360,133,493,323.1347907714844,0.2812001255104442,4.185287717843131,2.7067669172728817,0.6554458230645618,1.3130835503866396
592,3.6888794541139363,0.6931471805599453,7.254177846456518,4.59511985013459,3.044522437723423,0.6931471805599453,61.581884765625,27.57628981018067,135.28701782226562,114.76732177734377,482.0589671480614,1,1472,100,1572,339.2125141754151,1.1787938912049605,2.23314612615715,14.7199999998528,0.2157840420961827,1.421111978484838
593,0.0,1.0986122886681098,5.455321115357702,4.532599493153256,1.0986122886681098,2.4849066497880004,124.77365112304686,33.68684783935547,30.60823974609375,143.66956787109376,370.9191641435618,0,235,105,340,332.73830657958985,0.2130460904103482,3.70392776772581,2.2380952380739227,0.978642078172386,1.1147474060180818
594,0.0,0.6931471805599453,4.6913478822291435,5.459585514144159,4.143134726391533,4.31748811353631,154.95600585937498,35.39203189086915,27.54486694335937,227.29365234375004,463.887591852959,0,170,309,479,445.1865570373536,0.121186256893705,4.378273797130424,0.5501618122959542,0.929408261036376,1.0420071866927336
595,3.8501476017100584,0.6931471805599453,5.652489180268651,3.713572066704308,0.6931471805599453,1.6094379124341003,107.18525390625,32.39794812011719,50.17686767578125,117.701953125,360.1914684494655,0,331,45,376,307.4620228271484,0.4263044609129543,3.308396368360932,7.355555555392099,0.8177181458147094,1.1714990525863724
596,3.6635616461296463,1.0986122886681098,5.910796644040527,3.9889840465642745,5.393627546352362,4.2626798770413155,108.93372802734376,28.23024989318848,84.56852416992187,144.284033203125,484.8457706472086,0,625,125,750,366.0165352935791,0.586125313327491,3.85875889996174,4.99999999996,0.4880220470574547,1.3246553745365437
597,0.0,1.0986122886681098,5.921578419643816,3.5263605246161616,1.6094379124341003,2.4849066497880004,104.317822265625,33.44151301574708,57.536608886718746,123.9361083984375,364.2395591246213,0,376,46,422,319.2320525665283,0.4642441144051598,3.11941096126195,8.173913043300567,0.7564740582127295,1.140986803158096
598,0.0,1.791759469228055,5.680172609017068,4.219507705176107,0.6931471805599453,4.3694478524670215,136.16559448242188,34.186448913574225,33.85003051757812,161.49078369140628,398.6898974580784,0,293,150,443,365.6928576049805,0.2096096739616592,3.983028328642006,1.953333333320312,0.8254917778874832,1.0902315677372372
599,3.6635616461296463,1.3862943611198906,5.262690188904886,5.147494476813453,5.117993812416755,4.859812404361672,126.3100341796875,26.226845993041994,41.60802612304687,185.18126220703127,527.2656269406974,0,396,302,698,379.3261685028076,0.2246881008744001,4.816058866109239,1.3112582781413535,0.5434472328112667,1.390005938742412
600,3.6635616461296463,0.6931471805599453,5.0106352940962555,4.836281906951478,3.6635616461296463,2.70805020110221,105.54010620117188,29.73625813293457,31.73768920898437,138.80031738281252,387.8217154882154,0,225,140,365,305.81437092590335,0.2286571803811001,3.5492060139446764,1.6071428571313775,0.8378475915755219,1.2681605325242014
601,0.0,1.3862943611198906,5.14166355650266,5.501258210544727,3.332204510175204,4.23410650459726,138.60933837890627,25.38725193786621,25.776617431640624,181.8989501953125,524.7965386090405,0,197,315,512,371.6721579437256,0.1417084452869106,5.459800797372027,0.62539682539484,0.7259221834824213,1.4119877623092962
602,0.0,1.0986122886681098,5.262690188904886,4.736198448394496,0.6931471805599453,0.6931471805599453,118.82834472656248,35.50232752990723,33.99977416992188,154.7316650390625,366.3861309073724,0,193,116,309,343.0621114654541,0.2197337833928097,3.3470578688992774,1.6637931034339328,1.1102333704347698,1.0679877452546926
603,3.828641396489095,1.0986122886681098,5.472270673671475,4.624972813284271,1.0986122886681098,1.0986122886681098,101.52685546875,29.42113842773438,33.88826293945312,126.72615966796874,374.692809789003,0,284,105,389,291.5624165039062,0.267413318828372,3.450813289046389,2.704761904736145,0.7495177802137705,1.2851204015957178
604,3.6635616461296463,1.0986122886681098,5.66988092298052,4.330733340286331,5.521460917862246,3.5553480614894135,142.28031005859376,35.79186044311523,92.03659057617188,169.01583251953124,457.38190346471714,0,576,111,687,439.1245935974122,0.5445441956746372,3.975214149059049,5.189189189142439,0.6391915481757977,1.0415766052105968
605,0.0,1.0986122886681098,5.5134287461649825,5.093750200806762,7.193685818395112,4.0943445622221,168.463916015625,31.64859141540528,194.33380737304688,249.4866943359375,731.8648969338559,0,1577,223,1800,643.9330091400146,0.7789345555662965,5.322951464067386,7.071748878892056,0.3577405606331427,1.1365544032447406
606,0.0,1.0986122886681098,6.135564891081739,4.143134726391533,6.587550014824796,2.3978952727983707,116.1192810058594,26.79910098266602,152.81976928710938,144.23583984375,606.1921431694908,0,1186,74,1260,439.9739911193848,1.0595131518740335,4.332954343380168,16.027027026810444,0.3491857072373298,1.3777908590138133
607,3.6635616461296463,0.6931471805599453,5.384495062789089,3.367295829986474,3.6888794541139363,1.791759469228055,94.09806518554686,33.70591319274902,39.63905639648437,110.90841064453124,318.0050262708319,0,294,34,328,278.3514454193115,0.3574035203080563,2.791737599413208,8.647058823275087,0.8486324555440942,1.1424586848853735
608,3.9889840465642745,1.3862943611198906,5.605802066295998,4.3694478524670215,2.3978952727983707,4.653960350157523,146.221875,35.652769683837896,37.62229614257812,180.39290771484377,416.74110476099617,0,334,185,519,399.8898485412598,0.2085575127035539,4.101276739298714,1.8054054053956463,0.7705006715616365,1.0421397449326737
609,0.0,0.6931471805599453,7.160845906664299,4.394449154672439,3.8066624897703196,4.74493212836325,82.51990356445313,34.39280479431152,183.2655212402344,170.92979736328124,534.29092955041,1,1331,195,1526,471.1080269622802,1.0721683642417452,2.399336258137992,6.825641025606023,0.3087208564626287,1.134115529710672
610,0.0,1.6094379124341003,5.3706380281276624,5.2574953720277815,1.9459101490553132,4.276666119016055,150.93863525390626,28.44165028381348,24.97214355468749,184.04183349609377,491.4431477198132,0,220,266,486,388.394262588501,0.1356873221711401,5.306957709641078,0.8270676691698231,0.7991651493574112,1.2653203073682526
611,3.6888794541139363,0.6931471805599453,7.269616749608169,4.442651256490317,0.6931471805599453,0.6931471805599453,78.7185791015625,36.88444839477539,181.3236328125,137.20477294921875,462.56157914417633,1,1475,86,1561,434.13143325805663,1.3215548476457788,2.134194288522385,17.15116279049824,0.2781111039447652,1.0654874162686
612,0.0,1.6094379124341003,5.147494476813453,4.709530201312334,7.01211529430638,4.110873864173311,149.7886962890625,31.084743942260744,150.08774414062498,212.31240234375,637.0594363548526,0,1280,174,1454,543.2735867156982,0.7069193437739664,4.818720609778003,7.356321839038182,0.373640706131585,1.1726309762360323
613,0.0,5.429345628954441,3.6635616461296463,8.74623928838306,0.0,7.510430556378006,274.09960327148434,36.34888710021973,5.198016357421875,15314.87197265625,14727.150196460409,0,38,8339,8377,15630.518479385377,0.0003394097166925,7.5407976730678685,0.0045569013071106,1.865884980229618,0.9422048421415236
614,3.912023005428146,1.6094379124341003,5.442417710521793,5.0238805208462765,1.6094379124341003,4.477336814478207,145.3893310546875,30.64944415283203,21.73194580078125,178.01250000000002,447.78590443288846,0,283,242,525,375.7832210083008,0.1220810100451326,4.7436204821518695,1.1694214875984734,0.7157775638239714,1.1916069675229208
615,0.0,1.0986122886681098,5.41610040220442,3.871201010907891,3.367295829986474,0.0,92.69285888671874,27.31779235839844,31.3505859375,94.33505859375,340.5802368966538,0,252,49,301,245.6962957763672,0.3323322888066212,3.393131394632209,5.142857142752187,0.8162667633739233,1.3861838487189233
616,0.0,1.0986122886681098,7.48605261786314,4.9344739331306915,4.812184355372417,4.07753744390572,101.08504028320311,41.30885279846191,223.09096069335936,214.30382080078124,546.7198644172661,1,1904,198,2102,579.7886745758055,1.0410031881778987,2.447055133046925,9.61616161611305,0.2758271525097667,0.942964028775352
617,3.713572066704308,1.6094379124341003,5.5093883366279774,5.153291594497779,7.044905117129371,4.060443010546419,151.4287353515625,27.474875701904296,153.27059326171874,208.23489990234373,704.072423641207,0,1432,233,1665,540.4091042175293,0.736046615302537,5.511534865126082,6.145922746754739,0.3245700325628857,1.3028507812786514
618,3.6635616461296463,1.3862943611198906,7.497207223203318,4.955827057601261,5.1298987149230735,5.056245805348308,98.67755126953124,31.86604920959473,173.13870849609376,214.2177612304688,621.6090802717849,1,2008,300,2308,517.9000702056885,0.8082369431030144,3.0966358778082603,6.693333333311022,0.2243934446297504,1.2002490751231358
619,0.0,1.0986122886681098,5.056245805348308,4.897839799950911,2.772588722239781,3.8066624897703196,137.52713012695312,40.192638977050784,28.046667480468745,189.74586181640623,372.3431204642744,0,171,179,350,395.5122984008789,0.1478117478391083,3.421699436109601,0.9553072625644956,1.130035138284997,0.9414198293422918
620,0.0,1.6094379124341003,5.231108616854587,5.093750200806762,5.384495062789089,3.258096538021482,144.80793457031248,30.539373046875,69.3344970703125,179.93162841796877,507.8190071170481,0,403,191,594,424.6134331054688,0.3853380179990807,4.741680005784813,2.109947643968011,0.7148374294692826,1.195956056787577
621,3.8918202981106265,1.0986122886681098,5.700443573390687,5.438079308923196,6.129050210060545,3.258096538021482,168.64024658203124,35.90300930786133,84.23717651367187,228.3453002929688,526.7057071055576,0,804,256,1060,517.1257326965332,0.3689026067329874,4.697106170997444,3.140624999987732,0.4878544648075899,1.0185254258341612
622,3.713572066704308,1.0986122886681098,5.739792912179234,5.0369526024136295,6.586171654854675,4.6913478822291435,177.28060913085935,37.36025395202637,154.71546020507813,257.855126953125,613.1037766690531,0,1074,263,1337,627.2114502410889,0.600009245628083,4.745166062140719,4.083650190098542,0.4691185117730888,0.977507308631578
623,0.0,1.3862943611198906,5.0369526024136295,4.8283137373023015,0.6931471805599453,3.044522437723423,96.90798339843752,26.914625747680667,20.022637939453123,121.24072265625004,370.9098192279773,0,154,147,301,265.0859697418214,0.1651477944094536,3.6005696049177973,1.047619047611921,0.8806842848536236,1.3992057730849474
624,0.0,1.6094379124341003,5.777652323222656,4.330733340286331,1.6094379124341003,4.343805421853684,130.15898437500002,29.92760522460938,40.52158813476563,145.4165771484375,426.726098679011,0,326,155,481,346.02475488281254,0.2786586572803428,4.349127950392154,2.103225806438044,0.7193861847860564,1.2332241917844755
625,3.8501476017100584,1.3862943611198906,7.395107546562485,4.700480365792417,4.564348191467836,3.58351893845611,89.07676391601562,39.26004331970216,201.9532104492188,171.37730712890627,500.2475548370409,1,1768,147,1915,501.6673248138429,1.1784127889005491,2.2688911264915665,12.027210884271923,0.2619672714431232,0.9971698974448336
626,0.0,1.791759469228055,5.3981627015177525,4.48863636973214,3.6109179126442243,1.3862943611198906,135.16710205078124,35.59376737976074,33.39920654296875,143.07403564453125,365.4461978320218,0,256,96,352,347.234111618042,0.233440025594273,3.7974935500601776,2.6666666666388887,0.9864605443666352,1.052449012362474
627,0.0,1.0986122886681098,4.897839799950911,5.459585514144159,2.0794415416798357,3.8501476017100584,118.13373413085937,29.22648321533203,21.35280761718749,172.284375,434.1364053928045,0,140,282,422,340.99739996337894,0.1239393161281373,4.042009887280764,0.4964539007074594,0.8080507108117794,1.2731369958778425
628,3.7376696182833684,1.0986122886681098,5.43372200355424,3.6109179126442243,3.8066624897703196,0.0,120.94892578125,36.70456745910645,42.81553344726562,118.99112548828126,330.50453908691946,0,313,38,351,319.4601521759033,0.3598212326441307,3.295200955922101,8.2368421050464,0.9101428836894392,1.0345720329585903
629,3.6635616461296463,1.791759469228055,5.480638923341991,4.143134726391533,4.672828834461906,4.174387269895637,114.88463745117186,31.027792373657228,54.77909545898438,146.1739013671875,419.8310604846157,0,383,131,514,346.865426651001,0.374752913798237,3.702636528695059,2.923664122115087,0.6748354604091948,1.2103571824291928
630,0.0,0.6931471805599453,5.521460917862246,3.4339872044851463,0.6931471805599453,2.5649493574615367,106.565625,34.06903308105469,32.67119750976562,112.5521484375,320.05313411008984,0,250,43,293,285.8580040283203,0.290276089466365,3.127932182382121,5.813953488236885,0.9756245871240432,1.1196227833356809
631,0.0,1.9459101490553132,5.823045895483019,4.219507705176107,3.4657359027997265,4.394449154672439,149.49964599609376,34.7962907409668,50.058984375,169.5132568359375,428.9634843278987,0,368,153,521,403.8681779479981,0.2953101445225255,4.296424785754148,2.405228758154214,0.775178844428451,1.0621373699367562
632,3.912023005428146,1.791759469228055,5.575949103146316,5.030437921392435,7.00669522683704,4.31748811353631,143.50391235351563,27.07292156982422,117.02466430664062,192.2415893554688,637.999525015216,0,1415,231,1646,479.8430875854492,0.6087374989895902,5.30064374390114,6.125541125514609,0.2915207093469973,1.3296003246066832
633,3.6635616461296463,1.3862943611198906,4.553876891600541,4.990432586778736,1.9459101490553132,3.6635616461296463,124.86725463867188,36.68401020812989,20.572229003906248,170.43753662109373,363.8308143010109,0,138,187,325,352.5610304718017,0.1207024544688208,3.4038605356072824,0.7379679144345563,1.084803170679129,1.031965483573428
634,0.0,2.1972245773362196,5.267858159063328,5.676753802268282,3.6109179126442243,4.02535169073515,157.37865600585937,29.90937812805176,26.976159667968748,210.38638916015623,511.5790552389705,0,229,354,583,424.6505829620361,0.1282219813531044,5.2618498227147485,0.6468926553654043,0.7283886500193957,1.2047058823501042
635,0.0,1.3862943611198906,5.303304908059076,5.030437921392435,7.095893221097532,0.6931471805599453,168.44117431640626,38.36605238342285,178.20450439453126,241.1096557617188,601.5758863656356,0,1406,156,1562,626.1213868560792,0.7391014840563089,4.390370232221122,9.01282051276274,0.4008459582942883,0.960797537016498
636,3.6888794541139363,1.3862943611198906,5.147494476813453,4.867534450455582,2.5649493574615367,3.7612001156935624,127.98517456054688,39.23249560546875,32.620220947265615,181.7199462890625,369.6345074944567,0,222,174,396,381.55783740234375,0.1795082026669599,3.2622236383923635,1.2758620689581848,0.963529892427728,0.968750923870336
637,3.713572066704308,1.791759469228055,5.2832037287379885,4.127134385045092,4.564348191467836,3.6635616461296463,131.26788940429688,35.440356399536135,58.97669677734374,152.49927978515626,400.7742504608519,0,331,104,435,378.184222366333,0.386734264319441,3.703909969774206,3.182692307661705,0.8693890169321004,1.059732867627611
638,0.0,1.0986122886681098,5.53338948872752,5.14166355650266,6.630683385642372,4.574710978503383,168.54153442382812,36.648543960571295,147.6982177734375,262.9653442382812,616.079255357797,0,1009,268,1277,615.8536403961182,0.5616641926741565,4.598860314902453,3.76492537312028,0.4822659674202317,1.000366345095457
639,0.0,1.0986122886681098,5.659482215759621,3.970291913552122,2.8903717578961645,1.791759469228055,132.14871826171876,36.79679067993164,37.760888671875,133.14276123046875,347.91855901649586,0,303,59,362,339.84915884399413,0.2836120290927997,3.5913109762096505,5.135593220251939,0.938809831058164,1.0237440639809916
640,3.784189633918261,0.6931471805599453,5.631211781821365,3.332204510175204,2.302585092994046,0.6931471805599453,81.668408203125,27.18965881347656,33.254241943359375,87.28505859375001,322.9460792232342,0,330,29,359,229.3973675537109,0.3809843572168895,3.003656969746247,11.379310344435195,0.6389898817634316,1.4078020278336982
641,4.04305126783455,2.0794415416798357,5.717027701406222,4.290459441148391,1.0986122886681098,3.4657359027997265,146.09267578125,34.66454969787598,39.40010375976562,147.258251953125,392.6128734550791,0,361,110,471,367.4155811920166,0.2675578667879328,4.214469163751669,3.281818181788347,0.7800755439304384,1.0685798141174243
642,0.0,1.6094379124341003,7.201916317531627,4.48863636973214,3.912023005428146,4.584967478670572,93.2165771484375,41.11848866271973,224.31280517578125,201.72191162109377,533.5676479485093,1,1390,189,1579,560.3697826080322,1.1119902809369036,2.2670234285796047,7.354497354458442,0.3548890326837728,0.9521706282309969
643,0.0,2.302585092994046,5.2832037287379885,5.231108616854587,5.0689042022202315,4.477336814478207,192.22701416015624,35.33464622497559,45.7578369140625,242.75167236328127,523.7918565123122,0,354,282,636,516.0711696624755,0.1884964847755889,5.440185050412199,1.2553191489317188,0.8114326567007297,1.0149605079738735
644,3.784189633918261,0.6931471805599453,7.407924322559599,4.48863636973214,4.897839799950911,4.02535169073515,78.30148315429688,38.54734538269043,198.97267456054684,169.5476806640625,496.2891195275688,1,1824,144,1968,485.3691837615966,1.173549964116659,2.0313067573111434,12.666666666578704,0.246630682805564,1.0224982057581828
645,3.713572066704308,1.9459101490553132,5.332718793265369,4.61512051684126,4.6913478822291435,3.8066624897703196,149.22262573242188,38.23931094360351,59.45938110351562,187.871484375,424.72173322402745,0,354,150,504,434.79280215454105,0.3164896540898964,3.9023356343579927,2.3599999999842667,0.8626841312572984,0.9768370845110936
646,0.0,4.897839799950911,3.6375861597263857,8.751949058058614,0.0,6.620073206530356,260.5331909179688,34.04436936950683,5.201202392578125,14491.54178466797,14727.946509936492,0,37,7204,7241,14791.320547348025,0.0003589129762632,7.652754206799107,0.0051360355358127,2.042717932239467,0.9957154577774402
647,3.713572066704308,1.0986122886681098,5.3981627015177525,5.147494476813453,3.044522437723423,4.5217885770490405,175.09559326171876,35.771447891235354,36.91181030273437,219.6136962890625,475.3124885016449,0,280,264,544,467.39254774475097,0.1680760850816053,4.894842215758493,1.060606060602043,0.8591774774703893,1.016944944445717
648,0.0,0.0,5.488937726156687,3.970291913552122,2.302585092994046,1.3862943611198906,122.5645751953125,37.625627105712894,36.29849853515624,127.51790771484376,327.3028099451261,0,250,55,305,324.0066085510254,0.2846541257251686,3.2574759444592862,4.545454545371901,1.0623167493441412,1.0101732535883492
649,0.0,1.3862943611198906,7.44600149832412,5.0369526024136295,4.663439094112067,3.9318256327243257,73.12148437500001,29.130632537841795,151.98662109375,150.2014892578125,539.8467296834901,1,1817,206,2023,404.4402272644043,1.0118849143490285,2.510123468053854,8.820388349471747,0.1999210218804767,1.334799788175444
650,3.6635616461296463,1.791759469228055,5.093750200806762,5.075173815233827,6.799055862058796,3.784189633918261,164.22703857421874,30.64197967529297,136.9310119628906,210.82701416015627,636.3468252093622,0,1096,207,1303,542.6270443725585,0.649494622440654,5.359544008224691,5.294685990312586,0.4164443932249747,1.1727149094531393
651,3.6635616461296463,1.0986122886681098,7.459338895220296,4.787491742782046,5.3230099791384085,4.454347296253507,103.271044921875,35.16622146606446,204.01776123046872,204.97668457031253,598.1208477543263,1,1977,206,2183,547.4317121887207,0.9953217930963744,2.9366545683219143,9.597087378594187,0.2507703674706688,1.092594444998171
652,0.0,1.0986122886681098,5.262690188904886,4.990432586778736,4.174387269895637,1.9459101490553132,118.13818359375,33.55259202575684,33.75604248046875,156.01223144531252,384.011055891135,0,256,154,410,341.4590495452881,0.2163679229989412,3.520985308662281,1.662337662326868,0.8328269501084276,1.124618183062911
653,0.0,1.9459101490553132,5.147494476813453,5.123963979403259,5.111987788356544,3.2188758248682006,141.80388793945315,29.986742248535155,48.37357177734375,167.66641845703126,472.5554519763508,0,336,197,533,387.8306204223633,0.288510795555952,4.7288860777016,1.70558375633652,0.7276371865321495,1.2184583348795417
654,3.6635616461296463,1.791759469228055,5.0689042022202315,5.5053315359323625,0.6931471805599453,3.58351893845611,124.44060058593747,27.174660003662108,21.65070190429688,166.2361083984375,458.3012218423004,0,197,285,482,339.502070892334,0.1302406686053662,4.579288225302114,0.6912280701730132,0.7043611429286921,1.3499217269466706
655,3.713572066704308,0.6931471805599453,5.5053315359323625,4.90527477843843,6.111467339502679,3.784189633918261,120.33110961914062,27.43906517028809,79.00252075195311,152.559521484375,509.7378752306746,0,735,178,913,379.3322170257569,0.5178471981476858,4.385393921694303,4.12921348312287,0.4154788795458284,1.3437769120325451
656,0.0,1.3862943611198906,5.288267030694535,4.90527477843843,1.791759469228055,2.5649493574615367,130.336962890625,33.659614471435546,29.666766357421874,160.19816894531252,392.9822424930522,0,202,149,351,353.8615126647949,0.1851879241351638,3.872206052667664,1.3557046979774785,1.008152457731586,1.110553785667573
657,0.0,1.791759469228055,5.805134968916488,4.465908118654584,4.174387269895637,3.044522437723423,158.6783935546875,36.79431083679199,46.67063598632812,158.02602539062502,401.80020767580817,0,395,111,506,400.1693657684326,0.2953351251521229,4.31257957933286,3.5585585585264994,0.7908485489479087,1.0040753791916075
658,3.7376696182833684,0.6931471805599453,7.44600149832412,4.859812404361672,3.6888794541139363,1.3862943611198906,81.947900390625,33.811139373779305,187.38825073242188,139.12734375000002,509.8668454475092,1,1792,132,1924,442.27463424682617,1.3468829755550835,2.4236953236705263,13.57575757565473,0.2298724710221394,1.1528285955504474
659,0.0,1.6094379124341003,5.384495062789089,4.762173934797756,0.6931471805599453,1.791759469228055,107.32120971679689,27.5035311126709,32.14072265625,117.28370361328123,386.0520042897998,0,218,125,343,284.249167098999,0.2740425282096594,3.9020883999673712,1.743999999986048,0.828714772880963,1.358146474898857
660,0.0,1.9459101490553132,4.787491742782046,5.4116460518550396,3.091042453358316,3.6375861597263857,152.70803833007812,34.85882569885254,18.848583984375,207.08686523437504,437.4380565133173,0,140,266,406,413.5023132476807,0.0910177666891219,4.38075681736818,0.5263157894717057,1.0184786040558182,1.057885391442155
661,3.6635616461296463,0.0,6.003887067106539,3.6888794541139363,3.1780538303479458,1.3862943611198906,121.8869384765625,36.81087638854981,67.36871337890625,133.76066894531252,371.0721509834776,0,465,42,507,359.82719718933106,0.5036511398275528,3.311166438600871,11.071428571164969,0.7097183376501407,1.031250983474711
662,3.713572066704308,1.0986122886681098,5.786897381366708,4.04305126783455,6.173786103901937,3.6375861597263857,145.83641967773437,37.48427604675293,117.8068359375,173.99696044921876,473.5924851706516,0,844,95,939,475.12449211120605,0.6770626086379539,3.8906025420351376,8.88421052622227,0.5059898744522897,0.9967755673155392
663,0.0,0.0,5.857933154483459,3.7612001156935624,5.521460917862246,2.6390573296152584,103.88490600585936,30.874820480346685,83.84210815429687,120.64002685546876,416.4023568137548,0,598,55,653,339.24186149597165,0.6949775322418309,3.3647128756140434,10.872727272529588,0.5195128047403555,1.2274498052106462
664,0.0,1.3862943611198906,5.5053315359323625,4.2626798770413155,2.1972245773362196,3.6109179126442243,105.70506591796877,26.336672607421875,31.95115356445312,119.11849365234376,400.37088981917054,0,253,109,362,283.1113857421875,0.2682300000992014,4.013607470070713,2.321100917409898,0.7820756512193521,1.4141815199984575
665,3.970291913552122,1.6094379124341003,5.402677381872279,5.0238805208462765,1.0986122886681098,4.61512051684126,122.4353759765625,27.855070083618163,28.601037597656248,164.79202880859376,454.8760536594232,0,275,255,530,343.68351246643067,0.1735583802460666,4.395443113394731,1.0784313725447905,0.6484594574826079,1.3235317877011332
666,3.7612001156935624,0.6931471805599453,4.727387818712341,4.8283137373023015,3.5553480614894135,3.4011973816621555,103.96944580078124,29.77989239501953,24.33971557617188,140.10325927734377,378.1557225124812,0,188,154,342,298.1923130493164,0.1737269760999354,3.4912633134523383,1.2207792207712935,0.8719073480948669,1.268160532524096
667,0.0,1.9459101490553132,5.241747015059643,5.713732805509369,5.003946305945459,3.8918202981106265,198.32706298828128,35.150459243774414,43.27113647460938,254.9204956054688,539.6566257318093,0,336,356,692,531.6691543121339,0.1697436542780334,5.642232484281561,0.94382022471645,0.768308026461511,1.01502338692
668,0.0,1.0986122886681098,5.564520407322694,4.890349128221754,6.461468176353717,1.0986122886681098,121.23237304687498,31.839943496704105,93.25365600585936,168.06229248046876,487.3021592858424,0,899,136,1035,414.3882650299072,0.5548755442339447,3.80755616151193,6.610294117598454,0.4003751352942095,1.1759554997280073
669,3.7612001156935624,1.3862943611198906,4.852030263919617,4.859812404361672,0.6931471805599453,2.6390573296152584,113.76007690429688,31.074624984741213,22.009130859374995,139.55247802734374,370.643617524365,0,170,144,314,306.39631077575683,0.1577122181585686,3.660867249612712,1.1805555555473572,0.975784429219048,1.2096869462453137
670,3.713572066704308,1.3862943611198906,5.337538079701318,4.174387269895637,4.955827057601261,3.1354942159291497,139.29043579101562,35.95808976745606,80.96671142578124,154.07072753906252,426.54432201211966,0,388,89,477,410.2859645233154,0.525516512568734,3.8736884158181017,4.359550561748769,0.8601382904034702,1.0396268917135738
671,0.0,1.791759469228055,5.030437921392435,5.099866427824199,6.677083461247136,3.6375861597263857,170.511328125,34.34875140380859,130.24193115234374,227.961474609375,595.2530741385984,0,945,205,1150,563.0634852905273,0.5713330788675999,4.964120125226141,4.609756097538489,0.4896204219913371,1.0571686669228868
672,0.0,1.0986122886681098,5.627621113690637,4.174387269895637,4.060443010546419,2.772588722239781,135.61468505859375,36.69159942626954,41.21773681640624,143.8399658203125,365.8492604973756,0,334,81,415,357.363987121582,0.2865527433982405,3.69606905055776,4.12345679007255,0.8611180412547491,1.0237440639811393
673,3.6635616461296463,0.0,5.472270673671475,3.5553480614894135,3.6109179126442243,3.367295829986474,113.96079711914062,37.48076335144043,43.07519531249999,129.3131103515625,330.37320755627513,0,311,62,373,323.8298661346436,0.33310771966631,3.0405143045657974,5.01612903217716,0.8681765848090494,1.0202061085307392
674,0.0,0.6931471805599453,5.823045895483019,4.2626798770413155,1.6094379124341003,3.6635616461296463,137.7294982910156,33.561428649902346,43.322113037109375,146.9759765625,400.2617692723464,0,341,109,450,361.5890165405273,0.2947564224442648,4.103803199906764,3.128440366943776,0.8035311478660528,1.1069522329541712
675,0.0,0.6931471805599453,7.126890808898808,4.48863636973214,4.248495242049359,3.8918202981106265,84.153515625,35.33196180725098,193.9562622070312,158.87457275390625,521.6684955002022,1,1313,137,1450,472.3163123931884,1.220813745357761,2.381795725969224,9.58394160576946,0.3257353878571467,1.104489685854477
676,0.0,1.9459101490553132,5.44673737166631,5.099866427824199,0.6931471805599453,3.9318256327243257,173.763720703125,34.24453811645508,27.540087890625,190.22607421875003,450.1879973218032,0,232,219,451,425.7744209289551,0.1447755677216498,5.074202493464334,1.05936073058877,0.9440674521685388,1.0573392275151832
677,3.8918202981106265,0.0,7.397561535524052,4.442651256490317,0.6931471805599453,1.791759469228055,63.97190551757812,30.8949635925293,161.9286437988281,118.80695800781253,478.6397202691141,1,1680,89,1769,375.602470916748,1.3629558951153098,2.070625696771383,18.87640449416993,0.2123247433106476,1.2743252702773882
678,0.0,1.791759469228055,5.420534999272286,4.48863636973214,4.919980925828125,3.4339872044851463,106.9275146484375,26.635566055297858,54.968664550781256,129.80709228515624,445.0794482442292,0,361,123,484,318.33883753967285,0.4234642621036785,4.014463759562376,2.9349593495696342,0.6577248709483784,1.398131160127024
679,0.0,5.442417710521793,3.6635616461296463,8.604654467186231,0.0,7.939871576361883,219.0073425292969,27.262701919555663,5.201202392578125,11711.003540039062,14737.43792076472,0,38,8492,8530,11962.474786880492,0.0004441295209923,8.03322220840366,0.0044747998115868,1.4024003267150165,1.2319723287464193
680,4.143134726391533,2.0794415416798357,5.062595033026967,5.209486152841421,4.418840607796598,4.3694478524670215,144.282568359375,25.4842202911377,35.61828002929687,192.0866821289063,556.0972772511849,0,301,267,568,397.4717508087159,0.1854281600075146,5.66164342896881,1.1273408239658151,0.6997742091690424,1.3990862900780308
681,0.0,2.0794415416798357,4.7535901911063645,5.4638318050256105,0.6931471805599453,4.624972813284271,166.37398681640624,24.776736511230467,15.802734374999998,236.6620971679688,621.4524604335,0,116,343,459,443.6155548706055,0.066773406320816,6.714927397087972,0.3381924198240869,0.9664826903477974,1.400880680600493
682,0.0,1.9459101490553132,5.6937321388027,4.976733742420574,7.226936018493289,3.8918202981106265,100.45717163085938,16.93941929626465,163.18075561523438,173.62690429687498,949.5575406086512,0,1671,198,1869,454.2042508392334,0.9398356566634446,5.930378714167672,8.439393939351316,0.2430199308929857,2.090595891280328
683,3.6888794541139363,1.791759469228055,4.882801922586371,5.087596335232384,6.769641976852503,4.143134726391533,121.91577758789062,27.005556655883787,107.33911743164064,220.9906494140625,649.2802491281242,0,1040,228,1268,477.2511010894775,0.485717914833751,4.514470082467786,4.561403508751924,0.3763809945497643,1.3604583575492544
684,3.6635616461296463,0.0,5.814130531825066,3.091042453358316,4.709530201312334,3.784189633918261,64.701123046875,22.95519442749024,64.59049072265624,90.80489501953126,407.4445291349057,0,482,64,546,243.0517032165528,0.7113106700696271,2.818583098846372,7.5312499998823235,0.4451496395899407,1.67636977540621
685,0.0,2.0794415416798357,5.153291594497779,5.41610040220442,0.6931471805599453,4.663439094112067,161.7659912109375,25.467350372314453,17.840203857421876,229.7084838867188,598.007787819006,0,173,336,509,434.7820293273926,0.0776645405319123,6.351897187562996,0.51488095237942,0.854188662724044,1.375419744792001
686,0.0,1.9459101490553132,5.627621113690637,4.948759890378168,7.253470382684528,4.1588830833596715,99.06844482421876,17.51028717041016,188.9366638183594,183.06591796875,995.0175568676198,0,1689,209,1898,488.5813137817384,1.032069026904175,5.6577281602766805,8.081339712879995,0.257419027282129,2.036544437534676
687,4.1588830833596715,2.1972245773362196,7.406103381237015,5.236441962829949,2.5649493574615367,4.532599493153256,75.35989379882812,22.22545692443848,118.38032226562498,181.13302001953124,677.8210122675418,1,1720,287,2007,397.09869300842286,0.65355462108569,3.390701664836138,5.993031358864136,0.1978568475377304,1.706933375002213
688,0.0,2.1972245773362196,5.4116460518550396,5.356586274672012,2.6390573296152584,4.6443908991413725,155.18474121093752,26.19247247314453,30.38681030273437,224.16796875,589.3967460802113,0,236,322,558,435.9319927368164,0.1355537567300137,5.924783976164358,0.732919254656109,0.7812401303513176,1.3520382901437875
689,0.0,1.3862943611198906,5.556828061699537,4.394449154672439,3.871201010907891,4.48863636973214,105.92984619140624,25.07984120178223,34.85044555664062,152.7901611328125,470.4876689271392,0,305,171,476,318.6502940826416,0.2280935192294146,4.223704820732873,1.7836257309837216,0.669433390928513,1.476501599598845
690,0.0,2.4849066497880004,4.997212273764115,5.3706380281276624,3.8918202981106265,4.762173934797756,178.5289306640625,28.46457261657715,24.503796386718747,247.5262573242188,590.6989769879201,0,195,341,536,479.0235569915772,0.0989947355545549,6.271969478080944,0.5718475073297014,0.8937006660273945,1.2331313739484286
691,4.0943445622221,1.791759469228055,5.003946305945459,5.153291594497779,3.6888794541139363,4.430816798843313,102.64152832031247,20.55447175598145,25.008782958984376,150.45966796875,527.1836204751131,0,246,260,506,298.6644510040283,0.1662158590168656,4.993634939095414,0.9461538461502071,0.59024595059968,1.7651368239544434
692,0.0,1.3862943611198906,4.90527477843843,5.062595033026967,4.189654742026425,3.6888794541139363,80.40443115234375,17.294944976806644,27.02554321289062,109.0443603515625,494.937762938554,0,199,199,398,233.76927969360352,0.2478398986019228,4.649013411463347,0.9999999999949748,0.5873599992286839,2.117206176898613
693,0.0,1.0986122886681098,5.204006687076795,4.820281565605037,0.6931471805599453,3.2188758248682006,77.50387573242188,21.086350708007817,21.910363769531248,117.71400146484376,424.48288324541846,0,182,149,331,238.2145916748047,0.1861321805111588,3.675547125340812,1.2214765100589164,0.7196815458431571,1.7819348523499072
694,3.6635616461296463,1.0986122886681098,6.126869184114185,4.912654885736052,7.709756864454165,1.9459101490553132,107.52637939453123,17.331249481201173,186.5375793457031,164.958984375,966.5123333126934,0,2724,143,2867,476.3541925964355,1.130811880609775,6.204190846422155,19.04895104881784,0.1661507473304043,2.0289783281691154
695,3.6635616461296463,1.3862943611198906,5.8522024797744745,4.543294782270004,7.583247524303362,3.784189633918261,110.09273071289064,19.60090969848633,204.73302612304687,183.1382080078125,942.6170414072922,0,2349,139,2488,517.5648745422363,1.1179154167173857,5.616715366826866,16.899280575417993,0.2080244672596576,1.8212538906145337
696,0.0,1.0986122886681098,5.631211781821365,4.343805421853684,6.536691597591305,4.343805421853684,91.7004638671875,18.61337828063965,138.73749389648438,151.513037109375,782.1758762588643,0,967,154,1121,400.5643731536866,0.9156802381000136,4.926588955517086,6.279220779180005,0.357327719137671,1.9526845837505629
697,0.0,1.791759469228055,5.204006687076795,5.14166355650266,1.6094379124341003,4.3694478524670215,150.20842895507812,28.7616498413086,28.78104858398437,207.59805908203128,520.8435246259232,0,185,253,438,415.3491864624024,0.1386383317412088,5.222524777911746,0.7312252964397976,0.9482858138389364,1.2539895143668862
698,3.7376696182833684,1.3862943611198906,5.19295685089021,5.093750200806762,0.6931471805599453,4.795790545596741,131.44323120117184,24.219051223754885,21.33209838867188,184.34304199218752,535.2033933236902,0,221,285,506,361.3374228057861,0.115719574538974,5.42726591481092,0.7754385964885072,0.7141055786661502,1.4811734394028528
699,3.6635616461296463,2.3978952727983707,5.030437921392435,5.4680601411351315,1.791759469228055,4.6913478822291435,123.52005615234376,19.960197555541992,19.273919677734373,191.83366699218752,624.9198275426236,0,195,354,549,354.58784037780765,0.1004720390317036,6.1883183171130405,0.5508474576255626,0.6458794906687828,1.762383692782638
700,0.0,2.0794415416798357,4.867534450455582,5.049856007249537,6.96979066990159,4.02535169073515,151.66966552734374,28.89933352661133,157.925390625,248.1235107421875,731.6090188399177,0,1192,217,1409,586.6179004211425,0.6364789461183135,5.248206342974442,5.493087557578373,0.4163363381268461,1.2471644972194618
701,0.0,2.0794415416798357,4.727387818712341,5.298317366548036,0.6931471805599453,4.51085950651685,151.60341796875,27.33719700622559,15.272259521484372,212.7702392578125,532.4186630269883,0,113,296,409,406.9831137542725,0.0717781752499102,5.5456826070602325,0.381756756755467,0.9950687377830744,1.3082082401756423
702,3.6635616461296463,0.0,5.293304824724492,3.8501476017100584,3.091042453358316,3.8066624897703196,56.95856323242188,18.47468669128418,30.829669189453124,74.85633544921876,374.4662586598524,0,257,90,347,181.119254562378,0.4118511680277962,3.083059766107439,2.8555555555238272,0.5219575059419481,2.0675121458652965
703,4.204692619390966,2.1972245773362196,5.645446897643238,5.351858133476067,6.198478716492308,4.382026634673881,153.33755493164065,23.73502276611329,58.98784790039062,210.72374267578127,657.5738243801654,0,839,297,1136,446.7841682739258,0.2799297656309624,6.460392157032253,2.8249158249063133,0.3932959227759969,1.471793029101988
704,0.0,1.791759469228055,7.284134806195205,4.795790545596741,5.579729825986222,4.653960350157523,78.28731079101561,23.49359481811524,135.40012207031248,180.8524658203125,676.1165604639683,1,1720,229,1949,418.0334934997558,0.7486772240312817,3.332283177341521,7.510917030534888,0.21448614340664,1.6173741362251537
705,0.0,2.1972245773362196,5.700443573390687,5.303304908059076,2.302585092994046,3.6888794541139363,144.35145263671876,22.97620573425293,35.11010742187499,194.53421630859376,606.3194700055935,0,307,247,554,396.9719821014404,0.1804829406771228,6.282649724677428,1.2429149797520531,0.7165559243695376,1.527360865102893
706,4.189654742026425,1.791759469228055,7.591861714889934,5.262690188904886,4.499809670330265,4.77912349311153,114.16250610351564,29.62280905151368,175.27335205078123,252.3593627929688,722.6361779553085,1,2135,315,2450,571.4180299987793,0.6945387328223597,3.853871720981446,6.777777777756262,0.2332318489789983,1.2646366408067098
707,3.713572066704308,0.6931471805599453,5.966146739123692,4.418840607796598,6.778784897685177,4.290459441148391,120.913330078125,25.434952743530275,146.45566406249998,184.298291015625,684.8769497305822,0,1307,155,1462,477.1022378997803,0.7946664250364028,4.753825623054366,8.432258064461728,0.3263353200406662,1.4354930564652086
708,0.0,1.9459101490553132,5.771441123130016,4.23410650459726,7.189922170745808,3.6635616461296463,150.8255859375,29.03822969055176,234.5989196777344,228.99763183593748,799.8220662506639,0,1645,112,1757,643.4603671417236,1.0244600251795857,5.19403515777618,14.68749999986886,0.366226731440727,1.2430012897332932
709,0.0,1.6094379124341003,7.172424577124845,4.736198448394496,4.90527477843843,4.624972813284271,75.86103515625,30.03489212036133,174.99457397460935,202.10401611328123,625.0203121791327,1,1436,218,1654,482.9945173645019,0.8658639117574851,2.525763530287373,6.5871559632725365,0.2920160322637303,1.2940526024773775
710,3.9318256327243257,2.302585092994046,4.804021044733257,5.384495062789089,3.6375861597263857,4.442651256490317,156.18966064453124,26.11868591308594,28.763525390625,214.32103271484377,575.9792859799182,0,208,310,518,425.392904663086,0.134207665137378,5.979996894112401,0.6709677419333194,0.8212218236723258,1.3539936366234029
711,3.6635616461296463,0.6931471805599453,6.90975328164481,4.110873864173311,5.25227342804663,3.295836866004329,36.80348510742187,23.140319458007816,140.66185913085937,94.33333740234374,508.6611151578948,1,1229,87,1316,294.93900109863284,1.4911150501272676,1.5904484453042156,14.126436781446822,0.2241177819896722,1.7246315789415212
712,0.0,1.9459101490553132,7.470793774195062,4.653960350157523,4.2626798770413155,4.700480365792417,58.79981689453125,19.469098800659182,108.96240234375,130.69178466796873,625.9134961247296,1,1825,219,2044,317.9231027069092,0.8337356676224338,3.0201612048689306,8.333333333295283,0.1555396784279616,1.9687575102076984
713,3.713572066704308,1.791759469228055,5.356586274672012,4.983606621708336,3.2188758248682006,4.04305126783455,133.54453124999998,30.018346527099613,39.524359130859374,198.8440795898437,492.8704954344735,0,275,206,481,401.9313164978027,0.1987706106824383,4.448763729374349,1.334951456304199,0.8356160426132372,1.2262555197933718
714,0.0,5.659482215759621,4.248495242049359,8.569595870209286,0.0,8.328209491748732,214.8866455078125,27.04523414611817,10.397625732421874,11586.940063476562,14734.112618021269,0,69,9692,9761,11839.269568862916,0.0008973573415811,7.945453322344778,0.0071192736277334,1.2129156406988733,1.2445119635395834
715,3.6635616461296463,3.295836866004329,4.9344739331306915,5.153291594497779,4.430816798843313,4.543294782270004,144.2777893066406,28.049286209106448,28.40828247070312,212.7444213867188,532.7712402382919,0,259,291,550,413.479779373169,0.1335324436965145,5.143724094292846,0.8900343642581099,0.7517814170407585,1.288506153903533
716,0.0,2.0794415416798357,5.631211781821365,5.5093883366279774,1.6094379124341003,4.543294782270004,181.00892944335936,27.68847152709961,28.65997924804687,276.05844726562503,646.4900217115629,0,282,346,628,513.4158274841309,0.1038185193455292,6.537339168746194,0.8150289017317485,0.8175411265657856,1.2591937901062975
717,0.0,1.9459101490553132,5.58724865840025,5.030437921392435,7.367708572374371,3.713572066704308,131.1245178222656,22.25657221984864,154.00497436523435,207.72198486328125,820.4073373432487,0,1849,198,2047,515.1080492706299,0.7413994934905719,5.891496521617822,9.338383838336677,0.2516404735077568,1.592689802660464
718,3.713572066704308,1.0986122886681098,5.342334251964811,5.0106352940962555,7.121252453244542,4.248495242049359,151.3324951171875,28.88419500732422,199.8886596679688,276.45432128906253,819.3680657348517,0,1485,220,1705,656.559671081543,0.723044077354974,5.239283804640377,6.749999999969319,0.3850789859713536,1.2479719693776932
719,3.6635616461296463,0.6931471805599453,5.351858133476067,2.4849066497880004,5.159055299214529,3.4657359027997265,72.22961425781249,28.71066087341309,69.5893798828125,112.531494140625,382.6463587252475,0,421,43,464,283.0611491546631,0.6183991460668932,2.515776790153355,9.790697674190914,0.6100455800733903,1.351815181513376
720,0.0,2.3978952727983707,4.795790545596741,5.41610040220442,1.0986122886681098,4.804021044733257,172.37384033203125,27.92437596130372,14.5984130859375,251.7655517578125,588.0474677549608,0,122,355,477,466.662181137085,0.0579841562277056,6.172880660421057,0.3436619718300178,0.9783274237654228,1.2601138286390472
721,0.0,1.9459101490553132,5.123963979403259,5.056245805348308,6.3578422665081,4.343805421853684,129.29875488281252,26.38431852722168,114.11262817382811,225.0320068359375,682.170657137448,0,743,238,981,494.8277084197998,0.5070951007272326,4.900591036471516,3.1218487394826813,0.5044115274406681,1.3786023812501065
722,3.6635616461296463,2.1972245773362196,7.451241684987676,4.969813299576001,5.713732805509369,4.844187086458591,117.005712890625,29.592457168579102,194.27645874023435,266.72614746093745,767.0620371590384,1,2061,277,2338,607.6007762603759,0.7283742542262683,3.9539032605547297,7.44043321296953,0.2598805715398272,1.2624441362284664
723,4.174387269895637,2.302585092994046,5.0369526024136295,5.288267030694535,7.138866999945524,4.653960350157523,165.54688110351563,23.79318681335449,124.10244140624998,263.0789428710937,835.8681007698773,0,1476,310,1786,576.5214521942138,0.4717308046451567,6.957743088186941,4.761290322565286,0.3228003651701517,1.4498473518845698
724,0.0,1.791759469228055,5.3471075307174685,4.499809670330265,7.2640301428995295,4.330733340286331,136.90469970703123,25.99765759277344,180.3375549316406,238.5622924804688,806.246073077899,0,1636,169,1805,581.8022047119141,0.7559348673917065,5.266039804286851,9.680473372723783,0.3223280912529594,1.3857734923430465
725,0.0,1.9459101490553132,5.2832037287379885,5.247024072160486,3.4339872044851463,4.394449154672439,130.94423217773436,21.82780883789063,28.535723876953124,185.028076171875,593.204825064242,0,226,275,501,366.3358410644531,0.1542237506176721,5.99896366805407,0.8218181818151934,0.7312092636002433,1.619292350262431
726,3.828641396489095,2.302585092994046,4.875197323201151,5.1647859739235145,0.6931471805599453,4.382026634673881,134.50693359374998,23.57255062866212,21.48024902343749,181.2311279296875,545.0871381345382,0,176,262,438,360.7908611755371,0.1185240596839009,5.706083134868548,0.6717557251882758,0.8237234273395283,1.510811932311733
727,0.0,2.1972245773362196,5.3230099791384085,5.030437921392435,3.332204510175204,4.605170185988092,96.62437133789062,20.93632269287109,24.917980957031247,162.501123046875,533.8449798076923,0,231,259,490,304.979798034668,0.1533403615290097,4.615154855545692,0.8918918918884483,0.6224077510898889,1.750427350421611
728,0.0,1.6094379124341003,5.389071729816501,4.727387818712341,7.650168700845001,3.912023005428146,147.69036254882812,25.73498881530762,251.54703369140623,265.98603515625,955.41081582834,0,2318,165,2483,690.9584202117919,0.9457151896816408,5.738893597468378,14.048484848399706,0.2782756424532878,1.3827327200587636
729,3.9318256327243257,1.6094379124341003,4.882801922586371,4.976733742420574,0.6931471805599453,4.532599493153256,120.69530639648436,26.931839950561525,24.384320068359376,187.91279296875,491.53947368092025,0,182,240,422,359.9242593841553,0.1297640234227413,4.481509863921732,0.7583333333301736,0.8529010885860246,1.3656747520175443
730,3.8501476017100584,1.6094379124341003,5.950642552587727,4.406719247264253,6.522092798170152,4.290459441148391,132.88699951171873,28.697408432006835,134.65458984375002,200.4516723632813,634.0550812069033,0,1108,157,1265,496.6906701507569,0.6717558813829296,4.630627180915625,7.057324840719381,0.3926408459686674,1.276559273829679
731,0.0,2.0794415416798357,5.529429087511423,4.219507705176107,6.736966958001855,4.04305126783455,85.52296142578125,18.282361633300784,134.67370605468747,161.43742675781252,800.1747832936435,0,1093,130,1223,399.916455871582,0.8342161341303462,4.677894636179047,8.407692307627634,0.326996284440928,2.000854857416991
732,0.0,2.1972245773362196,5.480638923341991,5.187385805840755,3.9889840465642745,4.672828834461906,119.8368896484375,21.56358828735352,32.706243896484374,182.90928955078127,591.9196853369764,0,292,292,584,357.0160113830567,0.178811278402704,5.55737236520887,0.9999999999965754,0.6113287866137763,1.6579639748992216
733,4.02535169073515,2.1972245773362196,5.8998973535824915,4.912654885736052,6.369900982828227,4.276666119016055,113.84840698242188,19.085391723632814,82.12642822265624,173.971142578125,721.1506429824066,0,1002,214,1216,389.031369506836,0.4720692581834586,5.965211960280696,4.682242990632326,0.3199271130810165,1.853708208401639
734,3.970291913552122,2.4849066497880004,5.099866427824199,5.3471075307174685,1.6094379124341003,4.61512051684126,150.4478759765625,24.42388526916504,20.98641357421875,233.26962890625003,618.5027434572246,0,219,320,539,429.1278037261964,0.0899663349769511,6.159866635155786,0.6843749999978613,0.7961554800100189,1.4413019573311474
735,0.0,1.791759469228055,5.493061443340548,5.017279836814924,7.140453043101158,3.8501476017100584,147.92865600585935,26.3264588470459,186.22056884765624,249.26638183593752,826.8168013035381,0,1503,201,1704,609.742065536499,0.7470745452127439,5.619010777700529,7.477611940261306,0.3578298506667495,1.3560107593604906
736,0.0,2.0794415416798357,5.0106352940962555,5.181783550292085,6.670766320845874,4.68213122712422,168.07071533203126,26.14852885437012,89.71715698242186,246.867041015625,709.7305746725426,0,937,291,1228,530.8034421844483,0.3634229851541014,6.4275400066155,3.2199312714665984,0.4322503600847036,1.3370873627917848
737,3.6635616461296463,0.0,5.811140992976701,3.828641396489095,6.736966958001855,3.58351893845611,111.00470581054688,29.19481407165528,168.11433105468748,174.68543701171873,619.5944514367364,0,1213,80,1293,482.9992879486084,0.9623832068064564,3.802206293703277,15.162499999810468,0.3735493332932984,1.2828061384251546
738,4.1588830833596715,1.9459101490553132,5.2574953720277815,5.2832037287379885,2.302585092994046,4.51085950651685,166.10125122070312,27.07454319763184,29.86907958984375,235.2696533203125,596.2856520090526,0,263,292,555,458.3145273284912,0.1269567883837995,6.134960431358145,0.9006849315037648,0.8257919411309287,1.3010402604593228
739,0.0,1.9459101490553132,7.340186835320115,4.624972813284271,6.198478716492308,4.804021044733257,85.76471557617188,21.63567338562012,156.79434814453126,197.4309814453125,796.9312230915126,1,2031,228,2259,461.62571855163577,0.7941729661469996,3.964041887839289,8.907894736803035,0.2043495876721697,1.7263579368805129
740,0.0,2.5649493574615367,5.1298987149230735,5.298317366548036,3.5263605246161616,4.77912349311153,140.4580078125,23.391192764282227,26.909252929687497,222.80478515625,624.873897012035,0,201,329,530,413.56323866271975,0.1207750224515852,6.004739015317387,0.6109422492382647,0.7803079974753575,1.5109512611205225
741,4.23410650459726,1.9459101490553132,7.4999765409521215,5.181783550292085,4.634728988229636,5.0238805208462765,72.73240356445312,20.20453944396973,120.08166503906249,190.1296875,752.7272563247863,1,1977,334,2311,403.1482955474853,0.6315776700491916,3.599805071654881,5.919161676628985,0.1744475532441847,1.867122507117876
742,3.6888794541139363,1.6094379124341003,5.564520407322694,4.290459441148391,6.842683282238422,3.9318256327243257,113.06727905273438,22.27031863403321,161.19266967773436,187.37578125,786.6954455745187,0,1235,126,1361,483.9060486145019,0.8602641632848381,5.077039125738839,9.80158730150951,0.3555518358663823,1.625719388764253
743,0.0,2.0794415416798357,5.66988092298052,4.356708826689592,6.710523109452428,4.356708826689592,131.28173217773437,29.45594604492188,154.9002502441406,218.20231933593752,666.9034403354938,0,1109,161,1270,533.8402478027344,0.7098927761851656,4.456883916512676,6.888198757721192,0.4203466518128457,1.2492565764368515
744,0.0,1.3862943611198906,7.123672785204607,4.51085950651685,5.802118375377063,4.532599493153256,54.24356689453125,19.45422972106934,135.91944580078123,147.66617431640626,708.5555286267627,1,1570,185,1755,357.28341673278806,0.920450783187654,2.7882659796597373,8.486486486440613,0.203580294434521,1.9831749682205584
745,4.0943445622221,2.302585092994046,5.003946305945459,5.272999558563747,0.6931471805599453,4.74493212836325,103.83958740234374,17.43995343017578,20.63594970703125,168.27744140625,629.4526872677731,0,208,317,525,310.19293194580075,0.1226305174030426,5.954120681120592,0.6561514195562898,0.5908436798956379,2.0292296259533296
746,0.0,0.6931471805599453,7.074116816197362,4.127134385045092,7.049254841255837,3.58351893845611,58.16749877929688,23.6671988067627,265.14503173828126,165.069140625,842.3523957276971,1,2331,97,2428,512.0488699493408,1.6062665058578391,2.457726376989671,24.030927834803805,0.2108932742788838,1.645062503134495
747,0.0,1.9459101490553132,7.23561914106675,4.653960350157523,5.934894195619588,4.02535169073515,81.88709106445312,25.99959356689453,169.95426635742186,176.42728271484376,667.3299328431813,1,1764,165,1929,454.2682337036133,0.963310570458383,3.1495527363001163,10.6909090908443,0.2354941595144519,1.469021787856535
748,3.58351893845611,1.791759469228055,5.153291594497779,4.927253685157205,3.091042453358316,4.3694478524670215,92.43544921875,21.13329309082032,28.789013671875,150.01387939453124,510.27609842876166,0,228,220,448,292.3716353759765,0.1919090006063305,4.373925484170156,1.0363636363589257,0.6526152575342052,1.745299600526654
749,0.0,5.564520407322694,3.58351893845611,8.275121630216509,0.0,8.45553053102413,225.8197998046875,32.62600387573242,5.201202392578125,13636.386767578126,14707.966503971844,0,35,8884,8919,13900.033773651125,0.0003814208617889,6.92146671280614,0.0039396668167487,1.558474467277673,1.0581245156289605
750,4.0943445622221,2.1972245773362196,6.045005314036012,4.6913478822291435,6.493753839851686,4.418840607796598,165.95656127929686,31.76832742309571,125.82449340820312,238.98570556640627,638.5765174599876,0,1140,198,1338,562.535087677002,0.5264938047632064,5.223962818811222,5.757575757546679,0.420429811417475,1.1351763320148878
751,0.0,2.1972245773362196,5.908082938168931,5.0106352940962555,5.537334267018537,5.043425116919247,192.5506713867188,29.92374325561524,62.809497070312496,295.6817504882813,678.6354919078852,0,620,311,931,580.9656622009278,0.2124226367247152,6.434712052415153,1.9935691318263875,0.6240232676694992,1.1681163553380718
752,0.0,1.791759469228055,5.41610040220442,4.477336814478207,5.652489180268651,4.394449154672439,112.36871337890624,27.71796020507813,58.72818603515625,186.83360595703127,517.5887331558469,0,508,172,680,385.6484655761719,0.3143341677425444,4.05400370530388,2.953488372075852,0.5671300964347129,1.3421257423680129
753,3.6635616461296463,1.6094379124341003,5.817111159963204,4.204692619390966,6.175867270105761,4.465908118654584,120.46986694335938,31.220486663818363,118.966552734375,208.6049560546876,574.0560992433382,0,853,156,1009,479.2618623962403,0.5702959075556029,3.858679982689509,5.467948717913667,0.4749869795795494,1.1977921555701148
754,3.6888794541139363,0.0,5.942799375126701,3.5553480614894135,7.256297239690681,3.8066624897703196,112.66666259765626,28.75328224182129,243.90532836914065,201.01622314453127,761.3726234396671,0,1835,78,1913,586.3414963531495,1.2133614120913945,3.9183930949582377,23.52564102533941,0.3065036572675604,1.298513968692059
755,0.0,2.4849066497880004,6.214608098422191,4.912654885736052,7.273786317844895,4.74493212836325,172.15515747070313,27.055946868896488,188.5272583007812,286.41313476562505,872.5942592431664,0,1940,260,2200,674.1514974060059,0.6582353789549381,6.362932271361375,7.461538461509764,0.3064324988207725,1.2943592984654524
756,0.0,1.791759469228055,5.932245187448011,4.418840607796598,6.461468176353717,4.454347296253507,120.35516967773438,26.78122315979004,140.0979309082031,203.9921630859376,674.3123254367224,0,1015,172,1187,491.22648683166506,0.6867809468175307,4.494013173152765,5.901162790663366,0.4138386578190827,1.3727116584949643
757,4.174387269895637,1.791759469228055,5.783825182329737,4.795790545596741,6.658011045870748,4.48863636973214,102.07776489257812,31.88778900146484,110.53789672851563,251.77760009765623,593.5303284791416,1,1166,213,1379,496.2810507202148,0.4390299084795573,3.2011553038276745,5.474178403730169,0.3598847358374582,1.1959560567879843
758,4.174387269895637,2.1972245773362196,5.7745515455444085,5.017279836814924,5.241747015059643,4.77912349311153,190.1619689941406,32.77240942382813,62.29654541015625,274.034326171875,606.2191105524313,0,573,276,849,559.2652499999999,0.2273311751859012,5.802501931703421,2.0760869565142173,0.6587340989391534,1.0839563347648498
759,0.0,1.3862943611198906,5.389071729816501,4.59511985013459,2.6390573296152584,4.219507705176107,148.46753540039063,32.84032818603515,32.04992065429687,205.89924316406248,468.9930793704981,0,231,168,399,419.2570274047852,0.1556582732487439,4.520890733942279,1.3749999999918157,1.0507694922399358,1.1186290239962395
760,0.0,2.302585092994046,5.768320995793772,4.927253685157205,5.44673737166631,4.48863636973214,191.9534545898437,33.74643891906738,67.12179565429688,272.147900390625,596.4791542513774,0,550,234,784,564.969589553833,0.2466371982209217,5.6881099378962405,2.350427350417306,0.7206244764708066,1.0557721429243163
761,4.110873864173311,1.791759469228055,5.5909869805108565,4.9344739331306915,4.836281906951478,4.543294782270004,146.34514160156252,30.22128451538086,45.5220703125,224.064697265625,537.7206065543622,0,452,236,688,446.1531936950684,0.2031648486701641,4.842452726396821,1.91525423728002,0.6484784792070056,1.2052376048229572
762,0.0,1.3862943611198906,5.627621113690637,4.812184355372417,6.222576268071369,4.68213122712422,162.70697021484375,33.22167018127441,103.291259765625,259.70196533203125,611.9808764159455,0,780,232,1012,558.9218654937745,0.3977299888091662,4.897615602169721,3.36206896550275,0.5522943334913263,1.0949309987616993
763,0.0,1.3862943611198906,6.22455842927536,4.330733340286331,7.703007682479236,4.23410650459726,166.34102783203124,28.7023182220459,335.8638610839844,283.82274169921874,1008.6165311685368,0,2718,146,2864,814.7299488372803,1.183357820701813,5.7953865098768,18.61643835603688,0.2844727474989511,1.2379765008107515
764,3.6635616461296463,1.3862943611198906,5.308267697401205,4.465908118654584,5.209486152841421,4.6443908991413725,136.25787963867185,32.14736421203614,54.77113037109376,210.19189453125003,499.01997506764593,0,421,192,613,433.3682687530518,0.2605767957559855,4.238539705330419,2.1927083333219133,0.7069629180299263,1.1514917243533889
765,3.6635616461296463,1.3862943611198906,6.175867270105761,4.30406509320417,7.106606137727303,4.219507705176107,143.9040344238281,28.79814395141601,206.46941528320312,227.53978271484377,764.3490342560553,0,1737,143,1880,606.711376373291,0.907399193314016,4.996989898432512,12.146853146768205,0.322718817219664,1.2598231449421755
766,0.0,1.6094379124341003,6.230481447578482,4.0943445622221,7.684324067681155,3.8918202981106265,149.39895629882812,26.357524246215817,337.7531799316406,261.2596435546875,1047.8636517459138,0,2680,111,2791,774.769304031372,1.2927874176619572,5.668171065596548,24.144144143926628,0.2775955944217464,1.3524847284116603
767,0.0,2.0794415416798357,5.501258210544727,4.762173934797756,0.6931471805599453,4.330733340286331,136.31868896484374,28.97382362365723,28.58829345703125,199.637548828125,496.527125625722,0,245,198,443,393.5183548736573,0.1432009841069563,4.704891240134221,1.237373737367488,0.888303284137176,1.2617635733506636
768,3.970291913552122,1.791759469228055,5.638354669333745,4.709530201312334,2.6390573296152584,4.624972813284271,147.5700622558594,30.24708586120606,44.236505126953126,225.359033203125,538.2882548648847,0,345,216,561,447.4126864471436,0.196293463359353,4.878819167179645,1.5972222222148278,0.7975270703143423,1.2031135262126142
769,4.219507705176107,1.9459101490553132,5.786897381366708,5.062595033026967,5.840641657373398,4.634728988229636,188.02705078125,33.67211846923828,75.916845703125,274.33897705078124,606.8456539955965,0,735,265,1000,571.9549920043946,0.2767264299042559,5.584057651360463,2.773584905649911,0.5719549920038227,1.061002460819282
770,0.0,2.3978952727983707,5.318119993844216,4.700480365792417,6.573680166960646,4.382026634673881,154.47777099609374,34.50720190429688,126.55250244140626,253.7896728515625,606.8476999544597,0,918,198,1116,569.3271481933593,0.4986511114458394,4.476682039304419,4.636363636340221,0.5101497743663523,1.0659033244402591
771,0.0,2.0794415416798357,6.0014148779611505,4.709530201312334,6.813444599510896,4.394449154672439,147.64191284179688,26.97089872741699,152.4708984375,234.89443359375,746.5701698491852,0,1312,197,1509,561.9781436004639,0.6491039234269357,5.474119135905505,6.659898477123554,0.3724175901922409,1.3284683369797168
772,3.6635616461296463,0.6931471805599453,6.278521424165844,3.4657359027997265,7.323170717943469,3.4657359027997265,132.50418090820312,34.3919266204834,265.42380981445314,223.26778564453124,712.9633218778004,0,2084,63,2147,655.5877029876709,1.188813733459293,3.8527699354136367,33.07936507884001,0.3053505835991456,1.0875178387690425
773,3.6635616461296463,2.0794415416798357,5.54907608489522,5.0106352940962555,3.5263605246161616,4.736198448394496,157.6263427734375,30.001381805419925,33.14432373046874,234.5553588867188,546.8869026830878,0,327,269,596,455.327407196045,0.1413070410654521,5.2539694268251145,1.2156133828951092,0.7639721597236259,1.201084964442784
774,0.0,1.6094379124341003,6.1903154058531475,4.941642422609304,6.86171134048073,4.584967478670572,100.98138427734374,30.15666389465332,139.34761962890624,262.04278564453125,670.7369450530443,1,1441,240,1681,532.5284534454346,0.5317743027560531,3.348559529885494,6.00416666664165,0.3167926552320748,1.259532595323588
775,0.0,2.1972245773362196,5.5909869805108565,5.147494476813453,4.976733742420574,4.804021044733257,160.95371704101564,28.85044020080566,41.28942260742187,253.15627441406247,599.7618484522055,0,411,300,711,484.2498542633056,0.1630985552415176,5.578899868257193,1.369999999995433,0.6810827767406815,1.2385380050622647
776,3.6888794541139363,2.0794415416798357,6.428105272684596,4.804021044733257,7.0326242610280065,4.700480365792417,107.98796997070312,29.25184547424317,181.8636657714844,274.93967285156253,764.136220165659,1,1789,237,2026,594.0431540679932,0.6614675280748206,3.69166349050001,7.548523206719205,0.2932098489968904,1.2863311611817867
777,3.6635616461296463,1.3862943611198906,5.934894195619588,4.330733340286331,6.966967138613983,4.07753744390572,165.23920898437498,34.188928756713864,208.277490234375,245.99439697265623,696.6903798055031,0,1475,136,1611,653.70002494812,0.846675748702844,4.83312039857619,10.845588235214372,0.4057728274039194,1.0657646523108657
778,0.0,1.6094379124341003,5.811140992976701,4.624972813284271,6.954638864880987,4.406719247264253,154.70947265624997,32.19540431213379,187.66862182617183,252.1872436523438,709.8854518855206,0,1380,186,1566,626.7607424468994,0.7441638169618954,4.80532783969847,7.419354838669789,0.4002303591612383,1.1326259030088044
779,0.0,1.9459101490553132,6.373319789577012,4.02535169073515,7.382746449738912,4.2626798770413155,75.92283325195312,29.3694958190918,223.9368530273437,229.0802490234376,737.5698854620222,1,2192,131,2323,558.3094311218262,0.9775476235118584,2.585091474400252,16.732824427353187,0.2403398325964639,1.3210772456031812
780,3.871201010907891,2.1972245773362196,5.560681631015528,4.919980925828125,5.236441962829949,4.6913478822291435,146.4537414550781,29.210062362670904,46.60372924804687,226.4003540039063,556.9975117825346,0,493,252,745,448.66788706970215,0.2058465387692676,5.013811324046515,1.9563492063414432,0.6022387745893959,1.2414472437934068
781,3.6635616461296463,0.6931471805599453,5.768320995793772,3.258096538021482,7.292337176173877,3.367295829986474,56.36925659179687,28.52468760681153,242.76154174804688,183.182958984375,706.8601057176639,1,1825,54,1879,510.8384449310303,1.3252408580616308,1.9761568423403195,33.796296295670444,0.2718671872968379,1.3837253494335482
782,0.0,2.0794415416798357,6.210600077024653,4.499809670330265,7.077498053569231,4.219507705176107,93.73765869140624,30.22972196960449,197.3955871582031,236.02353515625,705.1090966104312,1,1681,163,1844,557.3865029754638,0.8363385754165951,3.100844221543193,10.312883435519554,0.3022703378390247,1.265027216922411
783,3.970291913552122,1.791759469228055,5.43372200355424,4.605170185988092,2.995732273553991,4.51085950651685,122.80632934570312,30.03708256530762,34.77557373046874,191.3999267578125,469.0215906910876,0,299,194,493,379.018912399292,0.1816906323809113,4.088490587413243,1.5412371133941174,0.7688010393479172,1.237462235646282
784,0.0,4.9344739331306915,3.713572066704308,8.577347114235984,0.0,7.350516171833998,220.5433959960937,27.600269943237304,5.198016357421875,11842.175537109377,14736.239896099793,0,40,7003,7043,12095.51721940613,0.0004389409987322,7.990624600472114,0.0057118377838061,1.7173814027267376,1.218322427126609
785,3.6635616461296463,0.6931471805599453,5.572154032177765,4.5217885770490405,7.442492722794441,3.258096538021482,114.486328125,20.65635488891602,248.68119506835933,187.8645996093749,989.7547438579804,0,2006,117,2123,571.6884776916503,1.3237256810709204,5.542426470455816,17.145299145152602,0.2692833149747438,1.7312833518224062
786,0.0,1.3862943611198906,5.768320995793772,5.488937726156687,6.131226489483141,4.204692619390966,167.80852661132812,25.68971795654297,68.97925415039062,237.66383056640623,678.8712595998509,0,778,310,1088,500.1413292846679,0.2902387544024151,6.532128024475117,2.509677419346743,0.4596887217685737,1.3573588500863465
787,0.0,1.0986122886681098,5.10594547390058,4.820281565605037,2.302585092994046,4.248495242049359,119.81694946289062,27.943970214843752,24.978515625,174.68543701171873,459.6236511768743,0,173,194,367,347.42487231445307,0.1429914024440476,4.287756841186313,0.891752577314991,0.9466617774209984,1.3229440025800674
788,3.6635616461296463,1.791759469228055,4.955827057601261,5.262690188904886,3.6888794541139363,3.258096538021482,146.00137939453126,27.87576205444336,27.586285400390626,181.00909423828128,494.6075050712341,0,218,222,440,382.47252108764656,0.1524027591891239,5.237574459996557,0.9819819819775588,0.8692557297426757,1.2931844192712547
789,4.189654742026425,1.6094379124341003,4.6913478822291435,5.337538079701318,0.6931471805599453,3.58351893845611,131.55628051757813,22.23210310363769,20.47027587890625,169.5614501953125,547.7851584820343,0,174,246,420,343.8201096954345,0.1207248219168122,5.917401511606657,0.7073170731678564,0.8186193087967046,1.593231876302071
790,0.0,0.6931471805599453,7.130098510125578,4.61512051684126,5.384495062789089,4.553876891600541,65.79519653320312,24.39827851867676,134.04765014648436,173.78869628906253,631.0242967971358,1,1465,195,1660,398.0298214874268,0.7713254832336837,2.696714707971733,7.512820512781986,0.2397770008958958,1.5853693937741389
791,0.0,0.6931471805599453,6.96979066990159,4.290459441148391,5.5134287461649825,4.2626798770413155,73.75643920898436,29.69145130920411,199.55890502929688,173.94188232421877,625.0461636738122,1,1310,143,1453,476.94867787170415,1.1472734591671374,2.484096800739288,9.1608391607751,0.3282509827056957,1.3105103183463165
792,3.6635616461296463,1.0986122886681098,5.247024072160486,4.983606621708336,3.6888794541139363,3.7612001156935624,103.52103881835936,20.92601412963868,32.99935913085937,138.74007568359374,514.168194055944,0,266,189,455,296.1864877624512,0.2378502315789334,4.947002241902808,1.407407407399961,0.6509593137621983,1.7359610086824202
793,4.189654742026425,1.6094379124341003,5.342334251964811,5.214935757608986,3.713572066704308,4.007333185232471,145.89244995117187,25.396906860351564,29.583929443359377,190.57375488281247,548.37059740926,0,313,241,554,391.4470411376952,0.1552361155994217,5.744496790401971,1.2987551867166027,0.7065831067454669,1.4008806806000726
794,0.0,1.6094379124341003,5.389071729816501,4.969813299576001,4.3694478524670215,4.394449154672439,138.60357055664062,25.41345744323731,32.05947875976562,197.6943237304688,555.4251893375231,0,296,227,523,393.7708304901123,0.1621669158458616,5.453943874451841,1.3039647577035067,0.7529078976851996,1.4105290344762078
795,0.0,1.3862943611198906,4.6443908991413725,5.187385805840755,3.6109179126442243,4.0943445622221,144.75487060546874,28.021693588256834,20.143707275390625,188.81641845703123,492.0635638055151,0,139,240,379,381.7366899261474,0.1066840873261666,5.165814483852823,0.5791666666642535,1.0072208177444333,1.2890130207275152
796,3.713572066704308,1.3862943611198906,5.883322388488279,3.4339872044851463,5.43372200355424,3.7612001156935624,101.51400146484374,31.58936457824707,98.1505920410156,151.444189453125,461.0895649704011,0,626,75,701,382.6981475372314,0.6480974436509964,3.2135499658494022,8.346666666555377,0.545931736856898,1.2048387689787248
797,0.0,1.9459101490553132,7.396335293800808,4.948759890378168,4.499809670330265,4.430816798843313,92.08031616210938,29.91678273010254,148.5138427734375,212.55681152343752,617.8922685806855,1,1718,229,1947,483.0677531890869,0.6987018750813495,3.077881635526919,7.502183406080777,0.2481087586999686,1.2791006323652183
798,0.0,1.3862943611198906,5.231108616854587,4.762173934797756,3.295836866004329,3.828641396489095,118.24497070312498,29.650730987548823,31.756805419921875,175.9436279296875,446.9400541981512,0,212,164,376,355.5961350402832,0.1804942059762027,3.9879276753342574,1.2926829268213862,0.9457344017003656,1.256875455483405
799,3.6635616461296463,0.6931471805599453,5.605802066295998,4.574710978503383,6.71901315438526,4.477336814478207,97.52316284179688,19.459703338623047,165.75825805664064,173.66477050781248,850.4696251919249,0,1136,184,1320,456.405894744873,0.954472559811602,5.011544171036987,6.173913043444707,0.3457620414731267,1.8634063121938127
800,3.6635616461296463,1.6094379124341003,5.749392985908253,4.219507705176107,7.091742115095153,3.4657359027997265,124.649560546875,28.038039596557617,211.0716430664062,197.49638671875,736.7688679392677,0,1552,102,1654,561.2556299285889,1.0687367327176456,4.445730241344447,15.21568627436063,0.3393323034632706,1.3127153272951533
801,3.6635616461296463,0.6931471805599453,4.983606621708336,4.189654742026425,7.040536390215956,3.258096538021482,109.71221923828124,27.23803820800781,163.75424194335935,178.61663818359375,655.0062569748529,0,1324,91,1415,479.3211375732421,0.916791647226757,4.027904594171493,14.549450549290665,0.3387428534084123,1.36652904624595
802,0.0,0.6931471805599453,5.153291594497779,4.912654885736052,0.6931471805599453,3.6635616461296463,84.59022216796875,20.2926063079834,23.014324951171872,118.094384765625,449.5622266313441,0,173,174,347,245.99153819274903,0.1948807726688459,4.168524283178018,0.9942528735575044,0.7089093319655335,1.8275515895073504
803,3.6635616461296463,1.0986122886681098,5.111987788356544,4.605170185988092,3.2188758248682006,4.204692619390966,100.83933105468748,24.50521115112305,31.664410400390626,153.90721435546877,471.2350119796485,0,227,167,394,310.9161669616699,0.2057370119574239,4.115015799239546,1.3592814371176092,0.7891273273118802,1.515633672520565
804,3.6888794541139363,1.3862943611198906,5.5093883366279774,5.123963979403259,1.3862943611198906,3.6375861597263857,110.80036010742188,19.85823957824708,37.13961181640625,145.01209716796876,562.8558670309153,0,288,207,495,312.8103086700439,0.2561138866444432,5.579566087177948,1.3913043478193658,0.6319400175139637,1.7993520399700864
805,0.0,1.791759469228055,4.90527477843843,5.41610040220442,4.04305126783455,4.553876891600541,142.9347106933594,23.852478515625,25.74157104492187,216.9217529296876,606.8787052650624,0,190,323,513,409.4505131835938,0.1186675411623978,5.992446889480897,0.5882352941158259,0.7981491485044749,1.4821783969567563
806,0.0,0.0,5.159055299214529,4.709530201312334,7.330405211844402,3.9889840465642745,139.884521484375,27.596058700561525,220.2522033691406,248.932470703125,835.3921055339767,0,1698,163,1861,636.6652542572022,0.8847869574673806,5.069003621030116,10.41717791404652,0.3421092177629554,1.312137108074662
807,3.871201010907891,1.3862943611198906,4.634728988229636,5.0689042022202315,4.634728988229636,3.4011973816621555,109.733642578125,23.22557716369629,37.11730957031249,151.50098876953126,505.95151065924045,0,251,190,441,321.57751808166506,0.2449971440551565,4.724689586828614,1.3210526315719946,0.7292007212719634,1.5733422960531092
808,3.7612001156935624,1.6094379124341003,7.421775793644647,5.159055299214529,0.6931471805599453,3.258096538021482,82.9663330078125,27.859341201782232,142.91757202148438,169.38072509765627,582.8293031443104,1,1714,202,1916,423.12397132873537,0.8437652627726187,2.978043608566267,8.48514851480948,0.2208371457873249,1.377443356169766
809,0.0,1.0986122886681098,6.0844994130751715,4.499809670330265,6.551080335043404,4.219507705176107,110.48527221679689,23.12944706726074,143.62965087890623,170.2705810546875,706.0264767212325,0,1137,158,1295,447.51495121765134,0.8435376797823444,4.776822891214279,7.196202531600025,0.3455713909013944,1.5776600866599315
810,0.0,1.3862943611198906,5.225746673713202,5.147494476813453,4.127134385045092,3.8066624897703196,111.56929321289064,19.87632696533204,30.369287109375,135.01713867187502,533.1392502740628,0,246,218,464,296.8320459594727,0.2249291268344453,5.613174577067221,1.1284403669673009,0.6397242369802435,1.7960973470669594
811,3.6635616461296463,0.0,5.60947179518496,4.605170185988092,7.101675971619444,3.295836866004329,105.1291076660156,21.17370904541016,200.1897399902344,172.74221191406252,856.0848238003036,0,1523,125,1648,499.23476861572266,1.1588929988268752,4.965077560836675,12.183999999902529,0.3029337188200362,1.714794076086366
812,0.0,1.0986122886681098,5.017279836814924,5.262690188904886,4.330733340286331,3.7612001156935624,86.07024536132812,17.200810729980468,29.89456787109375,120.999755859375,536.0424255647808,0,225,236,461,254.1653798217773,0.2470630428840693,5.0038481736390805,0.9533898305044348,0.5513348803063471,2.109030057274318
813,0.0,1.0986122886681098,5.442417710521793,5.187385805840755,3.7376696182833684,3.6375861597263857,166.5026916503906,29.19176541137696,29.294000244140623,204.7718627929688,524.3469549465689,0,271,217,488,429.76032009887695,0.143056764950245,5.703755470020167,1.2488479262615262,0.8806563936434351,1.220091596229056
814,0.0,1.0986122886681098,5.805134968916488,4.859812404361672,5.402677381872279,4.356708826689592,86.701904296875,18.954613677978514,27.286798095703126,135.19097900390625,518.9736905493207,0,552,207,759,268.1342950744629,0.2018388970665924,4.5741847217403935,2.6666666666537844,0.3532731160396701,1.9354991139916
815,3.6635616461296463,0.0,5.598421958998375,4.48863636973214,7.527255919373784,4.007333185232471,152.0655029296875,28.73717074584961,291.0251953125,255.8895263671876,911.6777646046796,0,2164,142,2306,727.7173953552247,1.1373079603647294,5.291596179361467,15.239436619610991,0.3155756267800993,1.2527909466262033
816,0.0,1.6094379124341003,5.831882477283517,5.278114659230517,6.959398512133975,2.833213344056216,108.14782104492188,20.747330703735354,72.14776611328125,152.958837890625,615.5114895733843,0,1392,215,1607,354.0017557525635,0.4716809248014794,5.212613737353611,6.474418604621049,0.2202873402317008,1.7387243977452742
817,0.0,0.6931471805599453,6.059123195581797,4.276666119016055,6.539585955617669,3.295836866004329,117.3755126953125,27.30864637756348,110.18902587890624,156.828076171875,557.1876311126714,0,1118,98,1216,411.7012611236572,0.7026103269764177,4.2981080449102365,11.408163265189712,0.3385701160553607,1.353378490001669
818,3.8066624897703196,1.791759469228055,7.403670290012373,4.962844630259907,4.0943445622221,4.060443010546419,52.54749755859376,18.32050730895996,76.02994995117187,127.9568115234375,577.4470079823043,1,1744,204,1948,274.8547663421631,0.5941844677541961,2.868233759554588,8.549019607801231,0.1410958759455965,2.100916842974981
819,3.6635616461296463,1.0986122886681098,4.736198448394496,5.560681631015528,0.6931471805599453,4.248495242049359,119.69912109375,19.153744583129885,20.64391479492188,177.441064453125,617.8733730203144,0,152,330,482,336.9378449249267,0.1163423746269234,6.249384843156385,0.4606060606046648,0.6990411720419661,1.8337903631933927
820,0.0,1.0986122886681098,5.594711379601839,3.7376696182833684,6.535241271013659,3.912023005428146,82.090283203125,19.10948162841797,136.57098999023438,134.86223144531252,720.5498462173965,0,956,92,1048,372.6329862670899,1.0126704009387693,4.295788069769074,10.391304347713138,0.3555658265903954,1.9336716629241155
821,0.0,1.3862943611198906,7.186901020411631,4.762173934797756,6.535241271013659,3.7612001156935624,56.68483886718749,18.461254623413087,171.64764404296872,143.24271240234376,808.7012396545178,1,2009,161,2170,390.0364499359131,1.1982993142411476,3.070475979039241,12.478260869487713,0.1797402995095545,2.0733991394530493
822,0.0,5.176149732573829,3.784189633918261,8.894807371368625,0.0,7.723120092266331,295.2017578125,36.62907444763184,5.201202392578125,15747.718908691406,14738.95746396812,0,43,9728,9771,16084.750943344116,0.0003302829078125,8.059219684256213,0.0044202302631574,1.6461724432854845,0.916331096196811
823,3.6888794541139363,1.3862943611198906,6.021023349349527,5.093750200806762,7.99699040583765,2.1972245773362196,201.6331787109375,35.64182244873047,435.7253540039062,337.74594726562503,1011.2091972643728,0,3421,173,3594,1010.7463024291992,1.2900979494505491,5.657207315796566,19.77456647387414,0.2812315810876232,1.000457973314432
824,0.0,1.9459101490553132,5.209486152841421,5.616771097666572,0.6931471805599453,4.356708826689592,217.9859436035156,35.67320219421387,22.61925659179688,283.0000122070313,552.5669387173613,0,183,357,540,559.2784145965577,0.0799266982899266,6.110635720635192,0.5126050420153708,1.0357007677694852,0.9879997587873548
825,0.0,1.6094379124341003,5.713732805509369,5.356586274672012,6.437751649736401,4.499809670330265,177.2403991699219,36.215449584960936,115.81556396484376,272.9172729492187,604.9023283161154,0,926,304,1230,602.1886856689453,0.4243614290619451,4.894054918446459,3.046052631568928,0.4895842972914274,1.0045062996212744
826,4.1588830833596715,1.3862943611198906,4.997212273764115,5.575949103146316,3.4339872044851463,3.713572066704308,166.46923828125,28.18414576721192,32.63455810546875,202.4241577148438,540.198192607228,0,240,306,546,429.7120998687745,0.161218692836455,5.906485144176547,0.784313725487633,0.787018497926717,1.2571165502924786
827,4.204692619390966,1.0986122886681098,5.2832037287379885,5.6240175061873385,4.584967478670572,3.871201010907891,171.44291381835936,26.6698298034668,35.78236083984375,212.5981201171876,585.3212507201152,0,359,325,684,446.4932245788575,0.1683098647342301,6.428346752690758,1.104615384611986,0.6527678721903578,1.3109297487568654
828,0.0,2.0794415416798357,7.472500744737558,4.836281906951478,5.817111159963204,4.672828834461906,105.34976806640626,36.57948756408692,208.0003051757812,239.4297729492188,619.9719630337079,1,2093,238,2331,589.3593337554931,0.8687319985849369,2.880023069731484,8.794117647021874,0.2528354070164051,1.0519422150864977
829,0.0,0.6931471805599453,7.216709486709457,4.394449154672439,6.269096283706261,4.343805421853684,90.53602294921872,35.100303543090824,239.09282226562505,201.0179443359375,625.4943230481139,1,1888,157,2045,565.7470930938721,1.189410343709754,2.5793515670168774,12.025477706929776,0.2766489452780418,1.1056076658324474
830,3.6635616461296463,1.6094379124341003,5.159055299214529,5.5053315359323625,4.406719247264253,4.0943445622221,206.70045776367184,37.34577905273437,33.40398559570312,252.88776855468748,508.02804361680353,0,292,308,600,530.3379909667968,0.1320901591503717,5.534774290456339,0.94805194804887,0.8838966516098549,0.9579325868956124
831,0.0,2.4849066497880004,5.676753802268282,5.54907608489522,4.02535169073515,4.127134385045092,206.64310913085936,35.596147430419926,39.98952026367188,256.00656738281253,537.1207138201975,0,346,328,674,538.2353442077638,0.1562050562699761,5.805209946637655,1.0548780487772718,0.798568759950987,0.9979291022030432
832,0.0,2.302585092994046,5.267858159063328,5.247024072160486,5.135798437050262,4.663439094112067,219.57242431640628,38.63385548400879,56.49318237304687,284.292626953125,552.4748156754018,0,362,303,665,598.992089126587,0.1987149050550752,5.683419932075059,1.194719471943252,0.9007399836476484,0.9223407549172544
833,0.0,2.0794415416798357,5.2832037287379885,5.739792912179234,1.6094379124341003,4.48863636973214,181.7112854003906,32.50252066040039,28.151806640625,237.96676025390624,527.9064630890491,0,200,405,605,480.3323729553223,0.1183014241588582,5.590682867134942,0.4938271604926078,0.7939378065364106,1.0990441053138278
834,3.713572066704308,1.0986122886681098,6.1070228877422545,3.784189633918261,6.539585955617669,3.871201010907891,131.3540771484375,37.659147399902345,178.5661193847656,194.74936523437503,543.988831333415,0,1179,92,1271,542.3287091674805,0.9169021894831324,3.487972676335476,12.815217391165053,0.4266944997380439,1.0030610995451077
835,0.0,1.3862943611198906,7.728855823852543,5.3612921657094255,5.749392985908253,4.442651256490317,106.77178344726562,29.309350891113287,179.10137329101562,224.45885009765627,693.748990152615,1,2585,299,2884,539.6413577270508,0.7979252019347658,3.642925557795152,8.645484949803862,0.1871155886708959,1.285574169247098
836,0.0,1.791759469228055,5.181783550292085,5.365976015021851,0.6931471805599453,4.564348191467836,164.77069702148438,38.02716709899903,27.7822265625,232.4813232421875,449.6013633440991,0,178,313,491,463.0614139251709,0.1195030472767842,4.332973229065191,0.5686900958448284,0.9430986026970016,0.97093247207115
837,3.6888794541139363,0.6931471805599453,5.988961416889864,4.553876891600541,7.122059881629142,4.1588830833596715,165.3967529296875,38.54034494018555,226.1113220214844,253.02546386718748,655.0472643546971,0,1675,158,1833,683.0738837585449,0.8936306985263589,4.291522382119076,10.601265822717714,0.3726535099608141,0.9589698565979524
838,3.713572066704308,1.0986122886681098,5.153291594497779,4.51085950651685,5.6937321388027,4.060443010546419,136.74105834960938,38.71927784729004,89.74423828124999,198.7735107421875,452.07201381166186,0,508,149,657,463.97808522033694,0.4514899291445239,3.531601464402009,3.4093959731314807,0.7062071312323147,0.9743391513760928
839,0.0,1.3862943611198906,6.20050917404269,4.736198448394496,6.79346613258001,4.477336814478207,132.4461730957031,35.60904560852051,200.7504821777344,230.756689453125,632.0238187711115,0,1383,203,1586,599.562390335083,0.8699660350156136,3.719453044265023,6.812807881739839,0.3780342940319703,1.0541418690669244
840,0.0,2.0794415416798357,5.262690188904886,5.10594547390058,0.6931471805599453,3.6109179126442243,160.68164062499997,38.411807235717774,27.419018554687497,204.77530517578123,416.2475759749057,0,193,207,400,431.28777159118647,0.133898071991722,4.183131494823412,0.93236714975395,1.078219428975271,0.9651272384520508
841,3.6635616461296463,1.791759469228055,5.2574953720277815,5.093750200806762,2.5649493574615367,4.060443010546419,152.84003906249998,32.72064706420898,38.30729370117187,196.023046875,469.5900738225256,0,241,224,465,419.8910267028808,0.1954223970684643,4.671057964040413,1.0758928571380542,0.9029914552730708,1.118361774741364
842,3.8501476017100584,1.3862943611198906,5.220355825078324,5.6131281063880705,2.0794415416798357,4.663439094112067,228.9598022460937,38.27603457641601,34.67839965820312,300.39437255859383,556.4735811035611,0,237,381,618,602.3086090393067,0.1154429071447516,5.981805711430378,0.6220472440928555,0.9746093997384014,0.9239010911536244
843,0.0,1.3862943611198906,5.075173815233827,5.872117789475416,4.762173934797756,4.382026634673881,225.66719970703124,34.944527481079106,33.561694335937496,307.81614990234374,601.8610000457667,0,275,436,711,601.9895714263916,0.1090316227607813,6.457869542598968,0.6307339449526819,0.8466801285872644,0.9997864225765238
844,0.0,0.6931471805599453,5.442417710521793,4.762173934797756,5.846438775057725,4.418840607796598,112.91006469726562,27.807598800659186,102.45333251953124,185.01086425781253,572.6333849277611,0,575,199,774,428.1818602752686,0.5537692769015382,4.060403255333527,2.8894472361663848,0.5532065378226297,1.3373602154894897
845,3.784189633918261,2.0794415416798357,6.333279628139691,5.176149732573829,7.6246189861593985,4.07753744390572,228.45866088867183,38.23060903930665,284.6212646484375,327.84909667968753,813.4032469435581,0,2652,241,2893,879.1596312561035,0.8681471674928777,5.975804901454936,11.004149377547702,0.3038920260130658,0.9252054098303844
846,3.9318256327243257,1.6094379124341003,7.828834527588089,5.537334267018537,5.056245805348308,4.59511985013459,130.61810302734372,36.34558895874024,202.6971496582032,268.196044921875,662.124828428422,1,2717,355,3072,637.8568865661621,0.7557797868215868,3.593781439943882,7.653521126739005,0.2076357052623549,1.0380460607580266
847,0.0,0.0,6.3080984415095305,4.532599493153256,6.648984550024776,2.833213344056216,139.8864990234375,28.364775146484376,177.79191284179686,189.65980224609373,686.3701095601172,0,1319,108,1427,535.7029892578124,0.9374253834250282,4.931697794045224,12.21296296284988,0.3754050380220301,1.281251221893991
848,0.0,1.6094379124341003,5.303304908059076,5.429345628954441,4.727387818712341,3.713572066704308,160.2368591308594,28.278644256591804,31.892211914062496,195.6977416992188,524.5823182132965,0,312,271,583,416.1054570007325,0.1629666834015736,5.666355772619528,1.151291512910881,0.7137314871355381,1.2606955986427075
849,3.6888794541139363,1.3862943611198906,5.953243334287785,5.262690188904886,7.443663683115591,4.23410650459726,184.71697998046875,35.618286392211914,281.1819396972656,307.37208251953126,819.8479495360345,0,2131,263,2394,808.8892885894775,0.9147933585623664,5.186015350128463,8.102661596927367,0.3378819083496823,1.0135477884305442
850,4.04305126783455,1.3862943611198906,5.713732805509369,5.648974238161206,6.921658184151129,4.61512051684126,228.915966796875,38.72793484497071,146.060595703125,331.51695556640624,681.7067242399709,0,1371,386,1757,745.2214529113769,0.4405825803182093,5.910874610467169,3.5518134714933893,0.4241442532219424,0.9147706652509988
851,0.0,1.6094379124341003,4.727387818712341,5.3706380281276624,0.6931471805599453,3.7376696182833684,220.3784362792969,38.85633782958985,14.821435546875,248.32833251953124,479.2132328667413,0,113,259,372,522.3845421752931,0.0596848349781014,5.6716213771901804,0.4362934362917517,1.4042595219728191,0.9173572228425886
852,0.0,1.0986122886681098,5.634789603169249,4.969813299576001,3.6635616461296463,4.204692619390966,181.7958251953125,37.99585221862793,44.3050048828125,217.4845825195313,462.4173617036864,0,317,211,528,481.58126481628426,0.2037156122486519,4.784622914745422,1.5023696682393253,0.9120857288169928,0.9602062943190516
853,3.6888794541139363,0.0,5.176149732573829,4.59511985013459,7.409741954080923,3.6635616461296463,160.089697265625,34.71006504821778,244.43102416992187,257.5057250976563,735.5713000676591,0,1866,136,2002,696.7365115814209,0.9492255913000568,4.612198134420748,13.720588235193231,0.3480202355549814,1.055738127455151
854,0.0,2.302585092994046,4.90527477843843,5.75890177387728,1.0986122886681098,4.477336814478207,227.6422668457031,38.661977005004886,20.116625976562496,302.9882080078125,540.4112219843868,0,136,412,548,589.4090778350829,0.0663940887626141,5.888014128463897,0.3300970873778396,1.075564010645999,0.9168695262862532
855,0.0,1.791759469228055,5.25227342804663,4.382026634673881,0.6931471805599453,3.9318256327243257,138.7611145019531,39.90993186950684,27.869842529296868,182.4428466796876,368.28139403351634,0,191,134,325,388.9837355804444,0.1527593053734511,3.476856712063109,1.4253731343177212,1.1968730325515309,0.9467783877467714
856,3.784189633918261,1.9459101490553132,7.725330037917135,5.407171771460119,4.477336814478207,4.812184355372417,123.94473266601564,36.80280317687989,191.0426330566406,271.6091674804688,643.0430778638209,1,2394,350,2744,623.3993363800049,0.7033732875370452,3.367806850661634,6.839999999980457,0.2271863470771784,1.0315106871894557
857,3.871201010907891,1.3862943611198906,5.111987788356544,5.733341276897746,3.6888794541139363,3.912023005428146,228.79599609375,36.818759994506834,34.3773193359375,289.27891845703124,562.6233079108391,0,251,360,611,589.2709938812256,0.1188379696632645,6.214114655726349,0.6972222222202855,0.9644369785274324,0.9547785547769344
858,0.0,1.0986122886681098,5.680172609017068,3.4339872044851463,6.293419278846481,1.791759469228055,103.43155517578124,29.91729167175293,111.33121948242186,147.4888916015625,495.530498341881,0,832,37,869,392.16895793151855,0.7548447769370014,3.457249951204011,22.486486485878743,0.4512876385858081,1.263563799017331
859,0.0,2.0794415416798357,7.687080155783135,5.204006687076795,6.480044561926653,4.48863636973214,96.64810180664062,31.89749880981445,265.20238037109374,226.5053466796876,745.1954623817555,1,2830,276,3106,620.2533276672364,1.1708437979830946,3.029958630294652,10.253623188368646,0.199695211740836,1.2014372662589707
860,0.0,5.438079308923196,3.7376696182833684,8.912203841620542,0.0,7.1592919047975645,298.8931640625,36.76110488891602,5.201202392578125,15832.449719238284,14740.956399783046,0,41,8935,8976,16173.305190582278,0.0003285153267379,8.130690439189975,0.0045886961387795,1.8018388135673435,0.9114374721850794
861,3.6635616461296463,1.0986122886681098,5.318119993844216,4.919980925828125,7.122059881629142,1.6094379124341003,169.10101318359375,38.44303230285645,192.86823120117185,245.2680541992188,618.9706009741969,0,1479,142,1621,645.6803308868409,0.7863569180669914,4.3987428423181445,10.41549295767313,0.398322227567207,0.9586331987580964
862,0.0,2.1972245773362196,4.7535901911063645,5.7745515455444085,2.1972245773362196,4.6443908991413725,212.59929199218743,33.16595104980469,17.226892089843748,272.4353393554688,564.6708340252969,0,123,432,555,535.4274744873046,0.0632329569670958,6.410167212347413,0.2847222222215631,0.9647341882636756,1.0546168452878506
863,0.0,1.9459101490553132,5.123963979403259,5.318119993844216,0.6931471805599453,4.330733340286331,157.15255737304688,35.06171878051758,27.051031494140627,212.085205078125,452.4485787772087,0,168,284,452,431.3505127258301,0.127547942271826,4.48216923854538,0.591549295772565,0.9543152936391056,1.0489116517261214
864,4.127134385045092,1.6094379124341003,5.3471075307174685,5.484796933490655,1.0986122886681098,3.7612001156935624,206.0384765625,38.66040028381348,34.66884155273438,238.18190917968752,481.49072160865376,0,272,286,558,517.5496275787355,0.1455561493817492,5.3294449887896205,0.9510489510456256,0.9275082931501936,0.930327636134708
865,3.871201010907891,1.791759469228055,5.153291594497779,5.673323267171493,3.6635616461296463,4.174387269895637,229.20485229492184,35.483501678466794,31.368109130859377,268.5678222656249,555.8709464908063,0,257,359,616,564.624285369873,0.1167977193474734,6.459476698928945,0.7158774373239112,0.9165978658586954,0.9844970556406072
866,0.0,1.0986122886681098,7.4645098346365275,4.912654885736052,5.717027701406222,4.634728988229636,103.5935485839844,38.50302255249024,213.6427734375,238.60704345703127,597.1894530540906,1,2047,239,2286,594.346388031006,0.8953749660582747,2.6905302938247844,8.56485355644952,0.2599940455077629,1.004783515268762
867,0.0,0.6931471805599453,7.266128779556451,4.564348191467836,6.226536669287466,4.418840607796598,112.78992919921872,42.38506979370118,291.9969360351562,231.1353515625,619.647983468079,1,1935,178,2113,678.307286590576,1.2633157760591878,2.6610768779085343,10.870786516792862,0.321016226497991,0.9135210482283715
868,3.6888794541139363,2.1972245773362196,4.997212273764115,5.556828061699537,1.3862943611198906,2.995732273553991,196.5021240234375,38.77243730163575,27.13546142578125,232.15773925781247,461.91986163208304,0,189,285,474,494.567762008667,0.1168837253171658,5.068087994820983,0.6631578947345153,1.04339190296967,0.9339870026203896
869,4.174387269895637,2.302585092994046,5.5053315359323625,5.407171771460119,0.6931471805599453,3.5553480614894135,186.75582275390624,33.94527044677734,41.42323608398437,218.89079589843752,507.3193093437189,0,310,265,575,481.0151251831055,0.1892415618197805,5.501674321352612,1.1698113207503027,0.8365480437952504,1.0546847339770151
870,0.0,1.791759469228055,5.093750200806762,5.262690188904886,4.709530201312334,4.61512051684126,169.9488830566406,29.75080787658692,33.9312744140625,212.32961425781247,533.7388608970379,0,272,297,569,445.96057960510245,0.1598047193393524,5.712412374007274,0.9158249158218322,0.7837620028195408,1.196829686983693
871,0.0,1.9459101490553132,5.225746673713202,5.720311776607412,3.970291913552122,4.060443010546419,190.50309448242183,34.607258834838866,32.1853271484375,245.0047119140625,519.6167210979921,0,237,367,604,502.3003923797607,0.1313661557643651,5.504714932381154,0.6457765667557336,0.83162316619028,1.034474049751697
872,3.6635616461296463,0.6931471805599453,5.384495062789089,3.367295829986474,6.53813982376767,2.302585092994046,130.65963134765624,38.6736028289795,134.1129638671875,173.65960693359375,467.3922394540943,0,945,38,983,477.105804977417,0.7722749477240214,3.378522345644245,24.868421051977148,0.4853568717974889,0.9796406469530128
873,0.0,2.1972245773362196,7.81923445385907,5.298317366548036,2.6390573296152584,4.110873864173311,103.51049194335936,32.81179252624512,180.0125793457031,201.4654541015625,602.5954759917604,1,2500,267,2767,517.8003179168701,0.8935158642834214,3.154673486899867,9.363295880114745,0.187134195127099,1.163760343784377
874,0.0,2.1972245773362196,4.997212273764115,5.1298987149230735,0.6931471805599453,3.4965075614664802,156.37291259765624,38.00758781433105,20.236102294921874,195.36038818359376,400.6001502161921,0,148,208,356,409.9769908905029,0.1035834463832095,4.114255115516181,0.7115384615350407,1.151620760925144,0.977128373338902
875,3.6635616461296463,1.3862943611198906,5.303304908059076,4.969813299576001,7.254884810077338,3.8918202981106265,124.87351684570314,26.92897091674805,132.79235229492187,179.7474609375,631.5086128911763,0,1652,194,1846,464.3423009948731,0.738771783487703,4.637144034471918,8.51546391748188,0.2515397080144212,1.3600066406544964
876,3.6635616461296463,0.6931471805599453,5.3612921657094255,4.343805421853684,6.459904454377535,3.295836866004329,141.28923339843752,37.24684478759765,142.0398193359375,193.5944458007812,517.0579656283567,0,888,103,991,514.1703433227539,0.733697801854141,3.793320862487936,8.621359223217269,0.5188399024442332,1.005616081016918
877,0.0,0.6931471805599453,5.91350300563827,4.882801922586371,7.448333860897476,4.23410650459726,168.57416381835938,38.46348976135254,283.6543029785156,281.71083984375,740.3859831066256,0,2085,200,2285,772.4027964019775,1.0068987871919897,4.382705907859592,10.424999999947875,0.3380318583814615,0.9585490712288306
878,0.0,1.6094379124341003,5.41610040220442,5.111987788356544,0.6931471805599453,3.4965075614664802,143.3008850097656,35.6322274017334,27.928784179687497,185.07626953125,409.56150990177946,0,225,201,426,391.9381661224365,0.1509041880424375,4.021665089586086,1.1194029850690577,0.9200426434777382,1.0449646023316663
879,3.713572066704308,1.3862943611198906,5.41610040220442,4.852030263919617,1.0986122886681098,3.9889840465642745,160.40775146484376,38.15782539367676,34.03800659179687,196.1452514648437,416.3478491731863,0,266,183,449,428.748834915161,0.1735346960348116,4.203796988054293,1.453551912560363,0.9548971824369848,0.9710763394951272
880,3.9318256327243257,2.0794415416798357,5.049856007249537,5.58724865840025,4.2626798770413155,4.51085950651685,197.50951538085937,37.57906393432617,33.77675170898437,265.7158081054688,512.6321959263703,0,275,363,638,534.5811391296387,0.1271160792038781,5.255839148116478,0.7575757575736706,0.837901471988716,0.9589417927464428
881,0.0,1.6094379124341003,5.117993812416755,5.834810737062605,2.302585092994046,4.477336814478207,237.6093933105469,36.97187159729004,19.56703491210937,309.39792480468753,570.781341120956,0,175,432,607,603.5462246246339,0.0632422952558525,6.426761292807703,0.4050925925916548,0.9943100899895216,0.945712718980222
882,0.0,1.0986122886681098,5.631211781821365,4.962844630259907,7.156176637480615,4.0943445622221,182.667919921875,36.62516258239746,196.30914916992188,262.6830688476562,672.0707788545856,0,1559,203,1762,678.2853005218506,0.7473231907573937,4.987497857679959,7.679802955627194,0.3849519299213766,0.9908378942261102
883,3.6635616461296463,1.791759469228055,6.118097198041348,5.278114659230517,6.192362489474872,3.828641396489095,181.68557739257807,36.16674087524415,82.70310058593749,227.02514648437503,528.855577258405,0,979,245,1224,527.5805653381348,0.3642904844079254,5.023554044149908,3.995918367330629,0.4310298736419148,1.00241671510104
884,4.174387269895637,2.0794415416798357,7.8628820346414905,5.545177444479562,0.6931471805599453,3.5553480614894135,125.7779113769531,35.77183708190918,205.0341064453125,214.88214111328128,614.5886638765242,1,2663,296,2959,581.4659960174561,0.954170064492557,3.5161155152707098,8.996621621591228,0.1965076025742682,1.0569640668325802
885,0.0,0.6931471805599453,5.58724865840025,4.553876891600541,5.4116460518550396,3.784189633918261,133.23916625976562,31.580727539062497,60.668481445312494,161.45463867187502,453.80632355046527,0,489,138,627,386.9430139160156,0.3757617739818152,4.219002430857296,3.543478260843888,0.617133993485484,1.1727988546855876
886,0.0,1.791759469228055,5.676753802268282,5.4638318050256105,0.6931471805599453,2.1972245773362196,197.7848876953125,34.81699269104004,26.02512817382813,214.1816162109375,483.9443061316924,0,292,248,540,472.80862477111816,0.1215096264287952,5.680699922728555,1.177419354833962,0.8755715273523011,1.0235521959121228
887,3.6635616461296463,1.0986122886681098,4.736198448394496,5.176149732573829,6.982862751468942,3.5263605246161616,168.1091125488281,36.85771897888184,169.47954711914062,259.810400390625,631.5009004740057,0,1228,211,1439,634.2567790374756,0.6523201029045634,4.561028658354783,5.81990521324256,0.440762181401692,0.9956549481920434
888,4.07753744390572,1.6094379124341003,4.820281565605037,5.575949103146316,2.4849066497880004,4.290459441148391,153.081298828125,30.189151336669923,23.144952392578126,199.8888427734375,487.34498008711887,0,192,339,531,406.30424533081055,0.1157891159472858,5.070738727163578,0.5663716814142585,0.7651680703014038,1.1994582524953092
889,0.0,1.9459101490553132,5.351858133476067,5.459585514144159,5.10594547390058,2.4849066497880004,157.68599853515624,26.124219406127928,48.15214233398438,175.403173828125,550.6601964234148,0,374,251,625,407.3655341033936,0.2745226399431827,6.0360080459335,1.4900398406315138,0.6517848545643868,1.3517594158623638
890,0.0,1.0986122886681098,5.703782474656201,5.0106352940962555,0.6931471805599453,4.04305126783455,177.66359252929686,38.23780906677247,57.22119140625,212.07143554687505,464.6609167494739,0,300,207,507,485.1940285491944,0.2698203615136671,4.646280654166325,1.4492753623118393,0.9569901943752216,0.9576806172531114
891,3.713572066704308,0.6931471805599453,5.680172609017068,4.770684624465665,6.79346613258001,4.30406509320417,164.24005737304685,38.45865481567383,170.42739257812497,241.00466308593755,590.5574891712641,0,1223,191,1414,614.1307678527832,0.7071539214021213,4.270561676063622,6.40314136122302,0.4343216180002467,0.9616152130516094
892,0.0,2.302585092994046,5.568344503761097,5.5254529391317835,0.6931471805599453,3.7612001156935624,146.37002563476562,30.09716262817383,26.683044433593743,191.9730834960937,477.9578731219314,0,262,301,563,395.1233161926269,0.1389936752982232,4.863249982670658,0.8704318936848159,0.7018176131295295,1.209642290225445
893,0.0,1.0986122886681098,5.25227342804663,4.672828834461906,3.7612001156935624,2.9444389791664403,153.036474609375,39.48222129821777,46.08759155273437,178.04864501953128,394.4798852210344,0,232,126,358,416.6549324798584,0.2588483138830957,3.8760857310833976,1.841269841255228,1.1638405935159066,0.9467783877469332
894,4.127134385045092,2.1972245773362196,7.81156848934518,5.356586274672012,6.226536669287466,4.7535901911063645,155.08042602539064,38.91108897399902,276.24517822265625,293.7677856445313,732.9361115876687,1,3034,334,3368,764.0044788665772,0.9403521819645048,3.985507219420979,9.083832335302144,0.2268421849365648,0.9593348361963028
895,3.6635616461296463,1.9459101490553132,5.075173815233827,5.783825182329737,1.3862943611198906,3.6109179126442243,245.25983276367185,38.4771264038086,25.06294555664062,296.1774536132813,550.4803420526491,0,200,366,566,604.9773583374024,0.0846213823867925,6.374172285719888,0.546448087430201,1.068864590700236,0.9099189159154124
896,0.0,1.0986122886681098,6.028278520230698,3.6635616461296463,4.04305126783455,2.70805020110221,121.6310119628906,36.29534344482423,82.04040527343749,150.87791748046874,408.2626207841887,0,470,54,524,390.84467816162106,0.5437535634299429,3.3511464671615943,8.703703703542525,0.7458867903833496,1.0445648708930877
897,0.0,2.0794415416798357,7.704811922932594,5.204006687076795,6.976348070447749,4.204692619390966,118.45360107421874,38.71764125061036,328.0023193359375,263.92404785156253,740.8677552969939,1,3288,254,3542,749.0976095123292,1.2427905755642676,3.0594219390700093,12.944881889712816,0.211490008332049,0.9890136423987762
898,0.0,5.820082930352362,3.8066624897703196,8.493105395887147,0.0,7.80016307039296,202.18359375,24.039275070190428,5.201202392578125,10419.435278320312,14746.582125554569,0,44,7656,7700,10650.85934953308,0.0004991827535413,8.410552861983115,0.0057471264367808,1.3832284869521685,1.3845438796635363
899,3.7376696182833684,1.0986122886681098,5.82600010738045,4.110873864173311,6.486160788944089,3.1354942159291497,100.71721801757812,24.830908859252933,104.336279296875,140.33045654296873,554.5438206939111,0,1034,84,1118,370.2148627166748,0.7435041677084837,4.056122898457297,12.309523809377268,0.3311403065441357,1.4978972389793148
900,0.0,2.0794415416798357,5.5053315359323625,5.19295685089021,6.519147287940395,4.127134385045092,138.98193969726563,23.03302757263184,102.63175048828124,225.6585205078125,751.7814817977633,0,922,247,1169,490.3052382659912,0.4548099945744048,6.034028277566596,3.732793522252094,0.4194227872246123,1.5332927799322993
901,0.0,2.302585092994046,5.420534999272286,5.043425116919247,3.258096538021482,3.9889840465642745,143.8824462890625,25.675312911987305,34.423516845703126,190.7252197265625,548.9237948179272,0,250,216,466,394.7064957733154,0.1804874934467224,5.603921820804087,1.157407407402049,0.8470096475804043,1.3907138612985732
902,3.7612001156935624,2.0794415416798357,7.27655640271871,4.875197323201151,5.247024072160486,5.298317366548036,101.80107421875,26.695626159667967,149.654443359375,285.4303344726562,791.7783346767278,1,1676,336,2012,563.5814782104492,0.5243116280382152,3.8133990042435766,4.988095238080393,0.2801100786332848,1.4049048190679927
903,3.7376696182833684,1.0986122886681098,5.666426688112432,3.912023005428146,0.6931471805599453,2.9444389791664403,90.93762817382812,26.703340118408207,52.77667236328125,126.83287353515628,421.3845922128488,0,330,69,399,297.25051419067387,0.4161119344838954,3.4054776581201502,4.78260869558286,0.7449887573682428,1.417607614098627
904,0.0,1.791759469228055,4.983606621708336,4.844187086458591,0.6931471805599453,4.859812404361672,114.88809814453124,23.87048606872559,17.51363525390625,192.8388427734375,533.1440223470196,0,146,259,405,349.1110622406006,0.0908200599108129,4.81297690415451,0.5637065637043872,0.8620026228141693,1.5271473178872228
905,0.0,2.3978952727983707,6.061456918928017,4.941642422609304,7.455298485683291,4.6913478822291435,128.89121704101564,17.14152900695801,232.80518188476563,234.7257568359375,1217.909790556094,0,2156,257,2413,613.5636847686767,0.991817792056344,7.519236876779048,8.389105058333117,0.2542742166466732,1.9849769808545312
906,3.9889840465642745,1.6094379124341003,5.560681631015528,4.499809670330265,0.6931471805599453,2.302585092994046,74.01945190429687,19.017622650146485,23.520904541015625,103.91348876953126,433.1440169674441,0,313,102,415,220.47146786499025,0.2263508310548216,3.89215062587408,3.0686274509503075,0.5312565490709855,1.9646261766203832
907,3.8066624897703196,1.3862943611198906,5.68697535633982,4.204692619390966,7.446585099157725,3.258096538021482,107.91875610351563,21.190853393554686,210.89959716796875,180.45314941406247,888.7186286607608,0,2051,94,2145,520.4623560791015,1.1687221744347396,5.092704578440763,21.81914893593809,0.242639793043757,1.7075560187564902
908,0.0,1.6094379124341003,6.9865664594064265,4.3694478524670215,4.584967478670572,4.543294782270004,73.13895263671874,27.30312785339356,143.76346435546876,178.26895751953126,598.747653367069,1,1178,175,1353,422.4745023651124,0.806441381354415,2.6787755976811787,6.731428571390106,0.3122501865223948,1.4172397387622695
909,0.0,1.791759469228055,5.676753802268282,4.30406509320417,0.6931471805599453,3.5263605246161616,76.12124633789062,19.483014862060543,47.191552734374994,111.12528076171876,486.7204697864873,0,292,111,403,253.9210946960449,0.4246698177990765,3.907056832472842,2.630630630606931,0.6300771580531386,1.91681778296993
910,3.367295829986474,2.5649493574615367,5.099866427824199,4.941642422609304,6.932447891572509,4.983606621708336,135.3183837890625,21.859328292846683,145.09522705078123,254.61240234375003,896.1360737366795,0,1215,296,1511,556.8853414764405,0.5698670831215815,6.190418203616718,4.104729729715863,0.3685541637829728,1.609193144425731
911,3.6888794541139363,1.791759469228055,5.308267697401205,4.564348191467836,7.0326242610280065,4.499809670330265,131.02448730468748,25.63447782897949,175.14909667968752,244.10797119140625,812.6261279550446,0,1372,189,1561,575.9160330047607,0.7175066665137074,5.111260239966913,7.259259259220851,0.3689404439490018,1.4110149420808296
912,0.0,1.3862943611198906,5.043425116919247,4.762173934797756,7.257707677160043,4.727387818712341,105.49956665039062,16.942108703613282,154.1196716308594,201.0713012695313,990.7619559410016,0,1572,231,1803,477.63264825439455,0.7664926354830676,6.227062314956309,6.805194805165346,0.2649099546611922,2.0743179084592898
913,3.784189633918261,1.6094379124341003,5.616771097666572,4.672828834461906,0.6931471805599453,3.8066624897703196,87.10713500976563,21.09722808837891,23.21504516601562,145.4441162109375,487.2583903539394,0,318,154,472,276.8635244750976,0.1596148800697255,4.128842644196393,2.064935064921656,0.5865752637171844,1.759922659642389
914,3.6635616461296463,1.9459101490553132,5.2574953720277815,4.574710978503383,7.081708586105575,4.553876891600541,112.08262939453124,20.16658337402344,151.76678466796872,201.4585693359376,860.7310141759551,0,1418,196,1614,485.474566772461,0.7533399307236229,5.557839288401572,7.234693877514109,0.3007896944065429,1.7729682934710802
915,0.0,1.6094379124341003,5.4680601411351315,5.111987788356544,4.110873864173311,4.3694478524670215,128.18638916015624,23.910802230834964,23.790124511718748,211.19018554687503,581.770276465462,0,296,247,543,387.077501449585,0.1126478697388412,5.361024189706535,1.1983805667967675,0.7128499105872416,1.50298137785136
916,0.0,1.791759469228055,5.703782474656201,4.418840607796598,6.98100574072173,4.61512051684126,135.03526611328124,25.46867761230469,181.1499938964844,229.77388916015627,807.5798769947382,0,1374,187,1561,571.4278267822266,0.7883837217440813,5.302013247941056,7.347593582848409,0.3660652317628831,1.413266626410017
917,3.970291913552122,1.9459101490553132,5.111987788356544,5.111987788356544,0.6931471805599453,3.871201010907891,112.20902709960936,20.48568479919433,17.344775390625,146.7315673828125,519.0048524043337,0,218,218,436,296.7710546722412,0.1182075248010912,5.477435984885647,0.9999999999954128,0.680667556586148,1.748839195169429
918,3.6635616461296463,2.0794415416798357,5.796057750765372,4.852030263919617,5.84354441703136,3.6888794541139363,110.36711425781247,21.12955087280273,66.63751831054687,153.2376708984375,599.7371040212521,0,710,173,883,351.3718543395996,0.4348638159234217,5.223353535386787,4.104046242750844,0.3979296198631955,1.7068444629600343
919,0.0,0.6931471805599453,6.129050210060545,4.465908118654584,6.037870919922137,4.189654742026425,92.65264892578124,18.58742724609376,106.375341796875,156.58366699218752,730.6057091104094,0,876,152,1028,374.1990849609375,0.6793514536960172,4.984694637622211,5.763157894698927,0.3640068919849937,1.9524518858316413
920,0.0,2.0794415416798357,5.298317366548036,4.68213122712422,0.6931471805599453,3.5553480614894135,113.48651733398438,23.822470916748053,37.25430908203124,157.73686523437502,509.1560706536988,0,200,148,348,332.3001625671387,0.2361801030243649,4.763843252273023,1.3513513513422206,0.9548855246154708,1.5322173384411013
921,3.8918202981106265,1.791759469228055,4.844187086458591,4.820281565605037,0.6931471805599453,4.04305126783455,83.93351440429687,20.07682502746582,19.732708740234376,130.14616699218752,468.859434315825,0,175,184,359,253.88921516418452,0.1516195920027924,4.180616919522493,0.9510869565165704,0.707212298505508,1.8467087466113008
922,4.2626798770413155,1.9459101490553132,4.844187086458591,5.303304908059076,2.5649493574615367,4.219507705176107,141.84310913085938,22.48362007141114,20.03538208007813,218.21953125,627.9415109720107,0,208,273,481,402.5816425323486,0.0918129645188957,6.308730919399856,0.7619047619019711,0.8369680717910846,1.5597867479016856
923,0.0,1.6094379124341003,5.438079308923196,4.9344739331306915,4.110873864173311,5.062595033026967,97.304150390625,17.267137802124026,32.14231567382812,179.79393310546877,674.7177253894181,0,289,299,588,326.50753697204595,0.1787730827090499,5.635221743178561,0.9665551839432556,0.555284926822263,2.066469067282566
924,0.0,1.9459101490553132,5.0369526024136295,4.3694478524670215,7.207118856207756,4.110873864173311,93.28958129882812,19.229172729492188,154.2757873535156,169.09156494140626,825.5182020575656,0,1501,144,1645,435.8861063232422,0.9123801498085548,4.851460986197106,10.423611111038726,0.2649763564273418,1.893885099984096
925,4.04305126783455,1.791759469228055,5.220355825078324,5.407171771460119,5.075173815233827,4.574710978503383,138.9483215332031,21.49404290771485,49.44407958984375,240.15611572265624,731.4251858942565,0,399,323,722,450.042559753418,0.2058830750191607,6.464503775456126,1.2352941176432344,0.6233276450869731,1.6252355917035608
926,3.6888794541139363,1.3862943611198906,5.529429087511423,4.882801922586371,7.097548850614793,4.454347296253507,136.49188842773435,22.26421133422852,170.81768188476562,244.37819824218755,908.2122115607496,0,1498,219,1717,573.9519798889161,0.698989038763516,6.130551240850113,6.840182648370593,0.3342760511872928,1.582383619854303
927,0.0,1.6094379124341003,6.748759547491679,3.784189633918261,5.739792912179234,3.7376696182833684,52.597100830078126,23.480152770996096,108.26306762695312,126.09276123046877,518.0155444314304,1,1162,88,1250,310.4330824584961,0.8585985949519683,2.240066380352036,13.204545454395404,0.2483464659665981,1.6686866629268444
928,0.0,2.0794415416798357,5.0106352940962555,5.204006687076795,0.6931471805599453,4.820281565605037,148.97724609374998,25.58705145263672,20.046533203125,237.5949829101563,599.8018000169407,0,150,311,461,432.205813659668,0.084372712577946,5.82236864469101,0.482315112538642,0.9375397259408472,1.3877689310487966
929,3.6888794541139363,1.6094379124341003,5.043425116919247,4.543294782270004,3.7612001156935624,3.1780538303479458,80.947265625,18.609022338867188,29.70021972656249,112.68468017578124,479.84074833555263,0,235,120,355,241.94118786621087,0.2635692773850748,4.349893516521928,1.9583333333170136,0.6815244728606462,1.9832950005970564
930,0.0,2.0794415416798357,5.7899601708972535,5.075173815233827,6.55250788703459,4.07753744390572,147.06480102539064,26.218079223632817,121.79256591796872,245.8532592773437,736.6756086613192,0,1026,224,1250,540.9287054443358,0.4953872333255538,5.609289672418796,4.580357142836695,0.4327429643551225,1.3618719088956996
931,0.0,1.3862943611198906,5.886104031450156,4.477336814478207,6.981934677156389,3.9318256327243257,97.73047485351564,17.597246337890628,178.0961791992187,181.77158203125,965.656159255814,0,1435,140,1575,475.195482421875,0.979780102082298,5.553736816056688,10.249999999926786,0.3017114174105227,2.032124031003476
932,3.912023005428146,2.0794415416798357,7.341483852363161,4.9344739331306915,5.6240175061873385,5.0238805208462765,114.28906860351562,27.281862075805662,190.1744384765625,292.4820556640625,849.4822981228456,1,1867,296,2163,624.2274248199462,0.6502089095487685,4.189196041009285,6.307432432411124,0.2885933540543955,1.3608538560549652
933,4.174387269895637,1.9459101490553132,7.1308988302963465,4.605170185988092,4.356708826689592,4.174387269895637,60.73895874023437,20.16046110534668,110.8310119628906,146.48887939453127,643.113235623513,1,1390,169,1559,338.2193112030029,0.7565831100642004,3.0127762663678976,8.22485207095725,0.2169463189241731,1.9014681134975409
934,0.0,1.6094379124341003,5.945420608606575,4.394449154672439,6.218600119691729,2.4849066497880004,92.39606323242188,21.537467605590823,90.42445678710936,133.7675537109375,580.2711709699381,0,882,95,977,338.12554133605954,0.6759819872450865,4.290015192136477,9.28421052621806,0.3460855080201775,1.7161411961822084
935,0.0,1.3862943611198906,5.634789603169249,4.382026634673881,7.113956109566034,4.68213122712422,100.320556640625,18.723135040283204,177.89545898437498,182.64078369140623,920.6136666080844,0,1507,189,1696,479.5799343566894,0.9740182635439024,5.358106771084287,7.973544973502786,0.2827711877101454,1.9196250732238824
936,4.02535169073515,1.9459101490553132,5.6131281063880705,5.099866427824199,3.784189633918261,4.882801922586371,121.0141845703125,19.513845748901367,48.79572143554687,201.854443359375,704.9511685365451,0,371,300,671,391.17819511413575,0.2417371677492917,6.201452349336325,1.2366666666625443,0.5829779360857716,1.802122862009362
937,3.6888794541139363,1.6094379124341003,6.885509670034818,4.48863636973214,4.584967478670572,4.174387269895637,78.622998046875,27.561844848632816,133.6971862792969,174.61658935546876,579.1280745320429,1,1113,156,1269,414.4986185302735,0.7656614229611513,2.8526028818394726,7.13461538456965,0.3266340571551984,1.397177333386814
938,0.0,5.863631175598097,3.6375861597263857,8.523970175695261,0.0,7.374629015218945,200.99954223632807,23.01468072509766,5.201202392578125,10052.697583007814,14754.443856273268,0,37,6978,7015,10281.913008361818,0.0005173936995149,8.733535982030949,0.0053023789051296,1.4657039213628442,1.4349901467044806
939,3.8918202981106265,1.6094379124341003,5.652489180268651,4.219507705176107,4.04305126783455,2.772588722239781,68.88724365234376,17.175593170166017,41.29420166015625,86.90123291015625,464.5854312466914,0,388,86,474,214.25827139282228,0.4751854522291243,4.01076358562044,4.511627906924283,0.4520216696041567,2.1683430386346654
940,0.0,2.302585092994046,5.973809611869261,5.043425116919247,5.655991810819852,4.1588830833596715,133.98914794921876,22.352572586059573,54.705816650390624,183.06591796875,623.2774951013513,0,677,226,903,394.1134551544189,0.2988312475478383,5.994350199618106,2.995575221225684,0.4364490090298809,1.581467181463169
941,0.0,2.302585092994046,5.209486152841421,4.912654885736052,2.3978952727983707,3.6635616461296463,92.36063232421874,17.93760855102539,29.5982666015625,130.51450195312503,544.7118680149997,0,192,182,374,270.41100942993165,0.2267814392914443,5.148993638496477,1.0549450549392585,0.7230240893829107,2.0143849511206016
942,4.248495242049359,2.0794415416798357,7.193685818395112,4.948759890378168,3.7612001156935624,4.836281906951478,87.16909790039062,25.28549853515625,115.07003173828124,220.08702392578127,670.568217254149,1,1441,272,1713,447.6116520996094,0.5228387829741513,3.447394868475532,5.297794117627582,0.2613027741385569,1.498102683670589
943,3.7612001156935624,1.791759469228055,5.8805329864007,3.9318256327243257,6.860663671448287,0.6931471805599453,84.94502563476563,18.817917938232423,140.2062561035156,122.76569824218753,716.1175814909719,0,1352,56,1408,366.7348979187012,1.1420637695211897,4.514050167987421,24.14285714242602,0.2604651263625289,1.9526845837501128
944,0.0,2.1972245773362196,4.927253685157205,4.812184355372417,2.302585092994046,4.02535169073515,122.60000610351562,23.96962989807129,21.569458007812496,178.09339599609376,522.3936933649508,0,146,185,331,346.2324900054932,0.1211131827042283,5.114805969877149,0.7891891891849233,1.0460196072641907,1.508794548296591
945,0.0,1.791759469228055,4.700480365792417,4.897839799950911,2.4849066497880004,4.0943445622221,98.78005371093748,19.316166824340826,16.25833740234375,136.72456054687498,507.5840316857142,0,120,197,317,271.07911848449703,0.1189130711936045,5.11385383053061,0.6091370558344714,0.8551391750272616,1.872457142850236
946,3.8918202981106265,2.0794415416798357,5.14166355650266,4.9344739331306915,3.6109179126442243,2.772588722239781,103.00111083984376,21.916140151977544,27.74718017578125,131.93448486328128,474.8096981060029,0,254,160,414,284.59891603088386,0.2103102930543466,4.699783361526365,1.5874999999900783,0.6874369952420204,1.668346825512187
947,3.9318256327243257,1.0986122886681098,5.983936280687191,4.31748811353631,7.187657164114956,3.295836866004329,59.85565795898438,11.596604736328128,124.86071777343749,95.7016845703125,909.489263758198,0,1768,102,1870,292.0146650390625,1.3046867286896815,5.161481253760072,17.3333333331634,0.1561575748871156,3.1145328390730724
948,0.0,1.6094379124341003,7.009408932708637,4.543294782270004,5.918893854273146,4.762173934797756,70.56337280273436,23.875400848388672,159.30016479492187,184.1984619140625,704.3799506700044,1,1477,213,1690,437.9374003601074,0.8648289629496378,2.955484318268153,6.934272300436929,0.2591345564259457,1.608403278845785
949,0.0,1.791759469228055,5.147494476813453,4.330733340286331,0.6931471805599453,2.4849066497880004,87.31708374023438,22.526715454101563,22.80404663085937,111.746630859375,405.54606836481486,0,172,91,263,244.3944766845703,0.2040692095616961,3.87615690863889,1.89010989008912,0.9292565653370382,1.6593912999375056
950,3.6635616461296463,1.6094379124341003,5.459585514144159,4.962844630259907,6.126869184114185,4.787491742782046,106.95635375976562,21.6129755859375,92.3392639160156,193.4068359375,696.2913111088317,0,729,265,994,414.3154291992187,0.4774353681344431,4.9487102472094655,2.750943396216034,0.4168163271617725,1.6805826238548012
951,3.6635616461296463,1.3862943611198906,5.135798437050262,4.836281906951478,6.856461984594587,3.8066624897703196,109.43173828125,20.922316818237302,127.25661621093748,179.83007812500003,753.8290022350775,0,1156,172,1328,437.4407494354248,0.7076492294118544,5.230383385678948,6.7209302325190645,0.3293981546951019,1.7232711017578275
952,0.0,1.3862943611198906,5.723585101952381,4.61512051684126,6.684611727667927,3.8918202981106265,97.94833374023438,16.98921075439453,136.6235595703125,158.60262451171874,858.4724743229432,0,1104,151,1255,410.1637285766601,0.8614205470436986,5.765325720568458,7.311258278097277,0.3268236881086321,2.092999489008694
953,3.7612001156935624,2.0794415416798357,5.762051382780177,4.897839799950911,6.008813185442595,4.174387269895637,106.35452270507812,21.706521057128903,41.68289794921875,151.60426025390626,538.5055682724762,0,765,204,969,321.348201965332,0.2749454261980068,4.899657684447287,3.749999999981618,0.3316286913983492,1.6757696634907453
954,3.6635616461296463,1.6094379124341003,5.308267697401205,4.59511985013459,6.373319789577012,4.454347296253507,102.59934082031248,21.011261856079106,98.80850830078124,172.7559814453125,684.4131833245243,0,824,187,1011,395.1750924224853,0.5719541950070657,4.883064211859544,4.406417112275902,0.3908754623363941,1.7319238900590426
955,0.0,2.0794415416798357,5.272999558563747,5.181783550292085,0.6931471805599453,4.852030263919617,94.97312622070312,17.076214828491214,22.12701416015625,153.98294677734376,603.2714034947611,0,195,311,506,288.15930198669435,0.1436978225388021,5.561720039776101,0.6270096463002347,0.5694847865338436,2.093534372596875
956,0.0,1.3862943611198906,5.6240175061873385,4.30406509320417,6.71295620067707,4.499809670330265,84.44849853515625,17.70465298461914,121.68901977539062,146.15841064453127,762.7188644313035,0,1098,165,1263,370.00058193969727,0.8325830804941858,4.769847711996996,6.654545454505125,0.2929537465870184,2.061399094106155
957,4.143134726391533,2.1972245773362196,4.962844630259907,5.0689042022202315,2.302585092994046,2.772588722239781,90.07459716796876,18.27151918029785,22.926708984375,125.17880859375,510.1321641777454,0,213,181,394,256.45163392639165,0.1831516791200435,4.929781496229731,1.1767955801039958,0.650892471892743,1.9891944393779044
958,3.6375861597263857,2.1972245773362196,5.6240175061873385,4.955827057601261,3.6888794541139363,3.4011973816621555,114.06659545898437,22.183868408203125,52.427801513671874,149.977734375,551.7641109785203,0,352,178,530,338.6559997558594,0.3495705661363928,5.141871262257537,1.9775280898765308,0.6389735844438121,1.6292760540922455
959,0.0,1.6094379124341003,5.942799375126701,4.61512051684126,5.955837369464831,4.1588830833596715,101.238134765625,22.51994453430176,92.24686889648436,166.177587890625,623.9528345623039,0,765,167,932,382.18253608703617,0.5551101689876762,4.495487748956325,4.580838323325864,0.4100670988053928,1.6326042548908506
960,0.0,2.302585092994046,5.117993812416755,5.10594547390058,5.198497031265826,4.04305126783455,122.037890625,23.19352880859375,43.95613403320312,175.52709960937503,566.557777187826,0,346,229,575,364.7146530761719,0.2504236333351056,5.261721561512466,1.5109170305610875,0.634286353174848,1.5534275149288972
961,3.6109179126442243,1.791759469228055,5.153291594497779,4.634728988229636,3.6375861597263857,4.02535169073515,93.67487182617188,24.29498831176758,28.962652587890624,147.3856201171875,453.09920493305145,0,245,162,407,294.3181328430176,0.1965093512153063,3.855728211111901,1.5123456790030103,0.723140375533893,1.5394879022733694
962,4.276666119016055,2.1972245773362196,5.429345628954441,5.476463551931511,0.6931471805599453,3.713572066704308,149.95629272460937,22.206306747436525,24.24094848632813,213.2263549804688,639.6965476576275,0,299,286,585,409.6299029388428,0.1136864553560224,6.752869552933079,1.04545454545089,0.7002220563045172,1.5616451413010537
963,0.0,1.791759469228055,5.8664680569332965,5.117993812416755,6.327936783729195,4.61512051684126,126.37628173828124,20.046852355957032,64.77687377929688,188.76478271484376,699.7355183128672,0,911,271,1182,399.9647905883789,0.3431618591525542,6.304046115969113,3.361623616223758,0.3383796874687313,1.7494927923074255
964,0.0,1.0986122886681098,5.786897381366708,4.430816798843313,6.983789965258135,3.8066624897703196,128.08405151367185,25.09262461853028,188.0477600097656,200.381103515625,780.8231916714329,0,1403,129,1532,541.6055396575928,0.938450565994432,5.104450150423106,10.875968992163752,0.3535284201418011,1.441682432132496
965,3.6635616461296463,2.1972245773362196,4.820281565605037,5.497168225293202,2.995732273553991,4.8283137373023015,110.53916015625,17.40217199707031,19.289849853515623,179.54436035156252,657.806915591596,0,180,375,555,326.77554235839847,0.1074377931762216,6.352032388170135,0.47999999999872,0.5887847610050625,2.0130237129806927
966,3.6888794541139363,1.6094379124341003,4.543294782270004,5.030437921392435,6.825460036255307,4.430816798843313,81.21703491210937,14.97631658935547,74.33179321289063,141.42685546875,747.3346353268022,0,1052,239,1291,311.9520001831055,0.5255847127902067,5.423031385728849,4.401673640148947,0.2416359412725514,2.3956718818463925
967,0.0,1.791759469228055,6.892641641172089,4.30406509320417,3.8501476017100584,3.258096538021482,49.37536010742188,19.053518005371096,91.69568481445312,91.89957275390626,513.0989051258155,1,1030,103,1133,252.0241356811524,0.9977814049147224,2.591403859954461,9.999999999902911,0.222439660795172,2.03591177383473
968,0.0,2.1972245773362196,5.198497031265826,5.225746673713202,0.6931471805599453,3.8501476017100584,115.9108154296875,19.34391412353516,17.011834716796876,155.65594482421878,562.7756583189247,0,181,239,420,307.9225090942383,0.1092912624435831,5.992107630516731,0.7573221757290489,0.7331488311750123,1.827653522220625
969,3.784189633918261,1.6094379124341003,5.14166355650266,4.605170185988092,1.9459101490553132,3.4011973816621555,77.69437866210937,17.369864181518555,32.18214111328125,103.402294921875,488.457048374588,0,219,132,351,230.64867887878407,0.3112323680754382,4.47294105732288,1.6590909090783403,0.6571187432425272,2.117753506098232
970,0.0,1.791759469228055,4.74493212836325,5.187385805840755,1.0986122886681098,4.584967478670572,133.3920959472656,25.0042583770752,15.310491943359372,204.10920410156248,543.3997427248387,0,116,280,396,377.81605036926265,0.075011276491314,5.33477513831122,0.4142857142842347,0.9540809352735066,1.4382653733008504
971,0.0,1.3862943611198906,5.43372200355424,4.584967478670572,6.900730664045173,3.8066624897703196,122.51414794921877,23.61197364807129,178.43549194335935,202.28129882812505,805.3549427365181,0,1220,144,1364,526.8429123687745,0.8821156131397536,5.188644954888703,8.472222222163388,0.3862484694782905,1.5286434036171768
972,4.07753744390572,1.9459101490553132,7.394493107219038,4.976733742420574,5.948034989180646,4.74493212836325,93.27046508789064,21.567729675292966,163.76857910156247,218.59991455078125,852.7855936142371,1,2066,264,2330,497.2066884155273,0.7491703710742736,4.3245379317978285,7.825757575727933,0.2133934285044265,1.7151531012789374
973,4.04305126783455,1.9459101490553132,7.124478262493424,4.74493212836325,4.605170185988092,4.189654742026425,75.03096313476563,21.769350402832032,116.9991760253906,152.71270751953125,637.7713171897402,1,1396,185,1581,366.5121970825195,0.7661390982126409,3.4466330755353187,7.545945945905157,0.2318230215574242,1.740109394079475
974,0.0,1.791759469228055,5.049856007249537,4.605170185988092,0.6931471805599453,2.70805020110221,108.78475341796874,24.64955598449708,20.914727783203123,131.251171875,426.8826187337499,0,156,118,274,285.60020906066893,0.1593488841605344,4.41325407573158,1.322033898293881,1.0423365294146956,1.4946859462612443
975,0.0,1.0986122886681098,5.6240175061873385,4.30406509320417,7.302496423727326,4.189654742026425,122.09837036132812,22.88409727478028,229.8851806640625,215.89764404296875,928.1390947643478,0,1759,140,1899,590.7652923431397,1.0647878149946144,5.335511770025237,12.56428571419597,0.3110928343037538,1.5710792539648335
976,3.912023005428146,2.0794415416798357,5.384495062789089,5.241747015059643,4.736198448394496,4.59511985013459,119.16403198242188,19.5789753112793,39.928985595703125,188.71486816406247,661.8214768004399,0,379,293,672,367.3868610534668,0.2115836763893908,6.086326280195371,1.29351535835736,0.5467066384716073,1.801429356784542
977,3.8501476017100584,1.791759469228055,6.931471805599453,4.5217885770490405,4.804021044733257,4.04305126783455,61.74288940429687,23.68807040405273,109.38933105468747,140.33734130859375,548.628498900989,1,1190,152,1342,335.15763217163084,0.7794741587227818,2.6064972092926126,7.828947368369547,0.2497448823929814,1.6369267659057962
978,0.0,5.442417710521793,3.784189633918261,8.648045999835,0.0,7.596392304064196,218.7543823242188,24.47332246398925,5.201202392578125,10744.635461425782,14760.12018973571,0,43,7918,7961,10993.064368606569,0.0004840743467984,8.938483225445248,0.0054306643091682,1.3808647617893717,1.342675681212744
979,3.7612001156935624,1.3862943611198906,5.225746673713202,4.0943445622221,3.6888794541139363,2.1972245773362196,88.71817016601562,24.55936853027344,40.97719116210938,111.75179443359376,407.7132601150662,0,266,70,336,266.0065242919922,0.3666803863815588,3.612396224806985,3.799999999945714,0.7916860842000015,1.5327190233348995
980,0.0,1.3862943611198906,5.10594547390058,5.3981627015177525,4.04305126783455,4.700480365792417,103.5591064453125,19.562813919067384,34.665655517578124,176.6734130859375,615.466821278149,0,220,332,552,334.4609889678955,0.1962131987596789,5.293671292302298,0.6626506024076426,0.605907588708858,1.840175211989781
981,0.0,1.6094379124341003,5.153291594497779,5.081404364984463,4.356708826689592,4.189654742026425,138.57720336914062,25.352603988647463,34.66246948242187,199.1349609375,562.2158719425391,0,249,229,478,397.72723777771,0.1740652134565506,5.46599487081199,1.0873362445367365,0.8320653509976526,1.4135714593812867
982,4.007333185232471,2.0794415416798357,7.511524648390866,4.90527477843843,5.497168225293202,4.919980925828125,80.98994750976563,21.79548106384277,142.10035400390626,193.98515625,757.1297737969886,1,2125,277,2402,438.8709388275146,0.7325321006522825,3.715905479159465,7.671480144376638,0.1827106323177901,1.7251763714818018
983,3.713572066704308,1.3862943611198906,5.713732805509369,4.060443010546419,5.030437921392435,1.9459101490553132,91.15581665039062,24.57484135437012,73.25013427734373,114.142529296875,463.065035034965,0,494,66,560,303.12332157897947,0.6417426942256083,3.709314551911488,7.484848484735077,0.5412916456757825,1.527645687640648
984,0.0,1.791759469228055,5.327876168789581,5.030437921392435,3.828641396489095,4.51085950651685,111.60208740234371,19.539183059692384,44.35279541015624,164.66810302734376,619.9351474137932,0,250,247,497,340.1621688995361,0.2693466105121885,5.711706935529833,1.0121457489837566,0.6844309233377297,1.822469410450705
985,0.0,1.791759469228055,4.890349128221754,4.919980925828125,3.7376696182833684,4.736198448394496,130.231494140625,26.438550750732425,22.111083984375,192.85777587890627,510.92358426683455,0,173,254,427,371.6389047546387,0.1146496887848779,4.9258181873713855,0.6811023622020429,0.8703487230767409,1.3747849800676246
986,3.7376696182833684,1.6094379124341003,4.997212273764115,4.969813299576001,0.6931471805599453,1.791759469228055,101.2341796875,22.75308970642089,24.232983398437497,134.32694091796876,457.0747651806873,0,189,152,341,282.5471937103272,0.1804030020534434,4.449249793731644,1.2434210526233986,0.8285841457756558,1.6176935229010678
987,3.6888794541139363,1.3862943611198906,5.631211781821365,4.454347296253507,7.045776576879511,3.5553480614894135,97.66076660156249,19.96327116394044,148.69544677734376,156.98986816406253,771.3825419586253,0,1464,122,1586,423.3093527069092,0.9471658809280749,4.892022243983473,11.99999999990164,0.2669037532828766,1.822266711151296
988,0.0,1.791759469228055,7.27931883541462,4.477336814478207,5.75890177387728,4.859812404361672,70.94586181640625,25.309174301147465,164.74987792968747,193.79410400390623,692.994848802604,1,1765,220,1985,454.7990180511474,0.850128432831561,2.803167775030359,8.022727272690807,0.229117893224644,1.5237386654232947
989,0.0,1.6094379124341003,4.897839799950911,4.330733340286331,0.6931471805599453,1.0986122886681098,78.18348999023436,17.96966189575196,20.253625488281244,90.23690185546876,424.3998797242244,0,134,81,215,206.6436792297364,0.2244494776704186,4.350860380092413,1.6543209876338971,0.9611333917617452,2.053776245681067
990,3.6888794541139363,1.6094379124341003,4.31748811353631,4.875197323201151,6.818924065275521,4.844187086458591,101.26746826171876,19.485669342041017,101.5596496582031,189.99371337890628,763.60478228678,0,1027,260,1287,412.3065006408692,0.5345421585351469,5.197022821178312,3.949999999984808,0.3203624713601777,1.852031877009016
991,0.0,1.791759469228055,5.081404364984463,4.90527477843843,5.981414211254481,4.394449154672439,121.70467529296874,27.45247727966309,88.09705810546875,213.52584228515624,604.6567921527692,0,555,219,774,450.7800529632568,0.4125826511781447,4.433285712204006,2.534246575330894,0.5824031692024217,1.3413565843844326
992,0.0,1.3862943611198906,5.594711379601839,4.3694478524670215,7.1049654482698426,4.6443908991413725,132.28483886718752,26.86458480834961,198.5648620605469,239.45903320312505,808.0346580914235,0,1485,184,1669,597.173318939209,0.829222683327556,4.924134871466496,8.070652173869181,0.3578030670694135,1.35309906263968
993,3.6635616461296463,1.9459101490553132,6.008813185442595,4.919980925828125,7.415175109613295,3.6635616461296463,164.9880615234375,25.03831256103516,222.9173217773437,239.720654296875,907.6693585434172,0,2104,180,2284,652.6643501586914,0.9299045275437484,6.589424152073408,11.688888888823952,0.2857549694213684,1.3907138612999654
994,3.713572066704308,1.6094379124341003,4.882801922586371,4.61512051684126,7.3864708488298945,4.948759890378168,129.56292114257812,23.63859828186035,208.25359497070312,252.43337402343752,930.3870305952546,0,1784,244,2028,613.8884884185791,0.8249843974693399,5.480990014391859,7.311475409806101,0.3027063552358365,1.5155635724502392
995,0.0,1.791759469228055,5.19295685089021,5.2574953720277815,3.4657359027997265,4.836281906951478,117.27811889648436,20.09434359741211,29.881823730468746,184.6270385742188,621.5874528840969,0,210,321,531,351.881324798584,0.1618496616804835,5.836374715208507,0.6542056074745976,0.6626766945346918,1.7664690026903975
996,0.0,1.791759469228055,5.225746673713202,4.624972813284271,7.273092595999522,4.61512051684126,98.50023193359377,18.63451931762696,185.9625,191.651220703125,956.00412365845,0,1625,206,1831,494.74847195434575,0.9703173260090664,5.28590140960242,7.888349514524815,0.2702067023233618,1.9323033376538363
997,3.828641396489095,2.0794415416798357,5.645446897643238,5.214935757608986,0.6931471805599453,2.6390573296152584,150.98790893554687,25.33371826171875,45.79288330078125,186.219140625,570.2956730031541,0,328,203,531,408.3336511230469,0.2459085738815166,5.959958477857613,1.6157635467900702,0.7689899267839508,1.3966413775432511
998,3.8918202981106265,1.791759469228055,5.030437921392435,5.049856007249537,4.143134726391533,4.007333185232471,104.28123779296874,20.05597338867188,37.412017822265625,142.53358154296873,547.5118958871012,0,262,214,476,304.282810546875,0.262478620245186,5.199510179180328,1.2242990654148398,0.6392496019878903,1.7993520399699254
999,0.0,1.791759469228055,5.147494476813453,4.406719247264253,7.242082359256962,4.2626798770413155,139.6414489746094,27.05069778442383,218.78025512695308,244.7912841796875,841.5843710268948,0,1567,156,1723,630.2636860656738,0.8937420131570741,5.162212453160993,10.044871794807406,0.3657943621969286,1.3352893235512635
1000,0.0,2.1972245773362196,5.327876168789581,4.962844630259907,2.70805020110221,3.1780538303479458,112.57239990234376,23.088452316284183,25.7495361328125,154.68691406250002,498.31022830270376,0,219,173,392,316.0973024139405,0.1664622782651294,4.875701426642237,1.2658959537499082,0.8063706694212606,1.5764456845904131
1001,3.912023005428146,1.0986122886681098,5.209486152841421,5.017279836814924,3.6888794541139363,4.0943445622221,97.79754638671876,21.77925979614258,28.72051391601562,146.77803955078124,498.1981340169002,0,270,211,481,295.07535964965825,0.1956730993527368,4.490398080450361,1.279620853074504,0.6134622861726503,1.6883759274468746
1002,4.290459441148391,2.0794415416798357,4.882801922586371,5.5909869805108565,3.4965075614664802,4.442651256490317,116.12208251953123,17.008864883422852,26.874206542968743,186.6511596679688,705.454855576947,0,235,358,593,346.65631361389165,0.1439809245794718,6.8271506246062765,0.656424581003753,0.5845806300393037,2.0350267047513024
1003,0.0,1.3862943611198906,4.77912349311153,5.0106352940962555,3.295836866004329,4.859812404361672,126.8057373046875,24.71687100219727,22.205072021484373,192.1400390625,535.1644241139184,0,144,280,424,365.8677193908691,0.1155671255700424,5.130331314521342,0.5142857142838776,0.8628955645990714,1.4627265422690134
1004,0.0,1.3862943611198906,5.407171771460119,4.553876891600541,6.349138991379798,4.007333185232471,77.61428833007812,17.679809646606447,85.46698608398437,131.35616455078124,650.7672437325019,0,793,151,944,312.1172486114502,0.6506507431578734,4.38999570001512,5.251655629104294,0.3306326786134741,2.0850089081124343
1005,3.6888794541139363,1.791759469228055,4.976733742420574,5.488937726156687,2.833213344056216,4.820281565605037,154.51270751953123,25.052962097167967,22.213037109375,244.97545166015627,627.6470700565941,0,199,369,568,446.7541583862305,0.0906745429337936,6.167442672610365,0.5392953929524681,0.7865390112419788,1.4049048190673408
1006,3.6635616461296463,1.6094379124341003,4.574710978503383,5.056245805348308,6.782192056006791,5.017279836814924,133.86505737304688,23.978446563720706,116.5005615234375,245.03052978515623,773.9366410641201,0,1015,310,1325,519.3745952453613,0.4754532491323028,5.582724344203409,3.2741935483765348,0.3919808265999768,1.4901318781235522
1007,0.0,1.0986122886681098,7.013915474810528,3.8918202981106265,4.110873864173311,2.0794415416798357,47.6606689453125,20.267892700195315,95.57468261718748,90.637939453125,489.7205708909145,1,1171,57,1228,254.1411837158203,1.0544666305610482,2.3515354875794108,20.54385964876239,0.2069553613319326,1.9269626580341703
1008,0.0,1.791759469228055,4.976733742420574,5.332718793265369,4.2626798770413155,4.143134726391533,158.8967468261719,26.551974884033203,27.50663452148437,224.9029174804688,583.1229389554968,0,214,273,487,437.8582737121582,0.1223044806599755,5.984366417721293,0.7838827838799125,0.8990929644995054,1.3317618370219533
1009,3.713572066704308,1.6094379124341003,5.802118375377063,4.804021044733257,5.442417710521793,3.4011973816621555,102.59176025390624,21.21751794433594,39.4494873046875,133.38200683593752,509.4242874063204,0,600,154,754,296.64077233886724,0.2957631860563875,4.835238528758172,3.896103896078597,0.3934227749847133,1.7173104134945512
1010,0.0,1.9459101490553132,5.560681631015528,5.342334251964811,6.385194398997726,4.59511985013459,99.20110473632812,17.23454058837891,84.32479248046874,168.86436767578124,762.8560575675505,0,851,312,1163,369.624805480957,0.499364037781331,5.755947147060163,2.7275641025553603,0.3178201250908333,2.063865969636036
1011,0.0,1.3862943611198906,5.017279836814924,4.624972813284271,4.442651256490317,4.465908118654584,91.9760009765625,24.56812033081055,35.09736328125,158.85908203124998,474.113819524697,0,234,190,424,310.500566619873,0.2209339424114567,3.743713386875304,1.2315789473619392,0.7323126571206148,1.5269338303771889
1012,3.8066624897703196,2.3978952727983707,7.56164174558878,5.087596335232384,6.2766434893416445,4.948759890378168,110.237255859375,25.51579962158204,212.7220092773437,262.19597167968755,885.4189611504424,1,2497,311,2808,610.6710364379883,0.8113092200226664,4.320352781020143,8.028938906726596,0.2174754403268414,1.4499115044224045
1013,3.784189633918261,1.6094379124341003,7.27931883541462,4.844187086458591,5.313205979041787,4.143134726391533,67.75015869140624,20.05599334716797,133.30689697265623,144.7212158203125,692.2878950103949,1,1694,192,1886,365.8342648315429,0.9211289182178408,3.378050516634965,8.822916666620715,0.1939736292849146,1.89235389234872
1014,0.0,1.3862943611198906,5.062595033026967,4.6913478822291435,3.6888794541139363,1.9459101490553132,106.40775146484374,24.72251426696777,25.92636108398438,129.2958984375,427.987572865353,0,196,117,313,286.3525252532959,0.2005195941796741,4.30408292261411,1.6752136751993572,0.9148642979309298,1.49461777047462
1015,0.0,1.6094379124341003,4.624972813284271,4.418840607796598,7.237778191923443,4.718498871295094,99.11837768554688,23.22771272277832,161.2659484863281,199.0213623046875,768.498532022936,0,1491,197,1688,482.6334011993408,0.8102946669545512,4.267246580162794,7.568527918743308,0.2859202613738477,1.5923028329817828
1016,3.970291913552122,1.791759469228055,5.247024072160486,5.135798437050262,1.0986122886681098,4.787491742782046,146.12415161132813,26.612513992309573,26.97456665039062,216.6102172851563,560.2702886566184,0,243,293,536,416.32144953918464,0.1245304445392594,5.490806003824515,0.829351535833347,0.7767191222731491,1.3457636863904592
1017,3.871201010907891,0.6931471805599453,7.190676034332207,4.477336814478207,5.87493073085203,4.204692619390966,89.1336181640625,28.521554122924808,199.64014892578123,192.74417724609376,683.4454193792427,1,1728,154,1882,510.0394984588624,1.0357778469740593,3.125131883654766,11.22077922070636,0.271009297799464,1.3399852784794208
1018,0.0,5.673323267171493,3.828641396489095,8.636752426473876,0.0,7.715569534520208,222.92501220703124,26.672159957885743,5.201202392578125,11548.165063476565,14745.491857771933,0,45,8166,8211,11802.96343803406,0.0004503921067969,8.357966229606557,0.0055106539309324,1.4374574884950215,1.249304205268871
1019,3.6635616461296463,1.0986122886681098,5.099866427824199,5.2574953720277815,7.3031700512368,3.9889840465642745,166.1533264160156,28.2052818145752,211.0493408203125,286.4320678710937,869.4566876773797,0,1685,246,1931,691.840016921997,0.7368216219231313,5.89085858111385,6.849593495907116,0.3582806923467833,1.256730842983533
1020,0.0,0.0,5.030437921392435,4.3694478524670215,6.075346031088684,4.624972813284271,77.73425903320312,19.20612565612793,91.20344238281248,142.0843505859375,639.6097012353705,0,586,179,765,330.228177658081,0.6418964650650081,4.047368033560363,3.273743016741488,0.4316708204675155,1.9368719706762485
1021,0.0,1.3862943611198906,5.37989735354046,5.231108616854587,3.4011973816621555,4.624972813284271,99.27493286132812,18.777756454467777,30.28963623046875,156.70415039062502,584.9238061618586,0,245,290,535,305.0464759368897,0.1932918570106205,5.286836747337879,0.8448275862039833,0.5701803288529337,1.9174907835386843
1022,3.7376696182833684,1.791759469228055,5.8888779583328805,3.784189633918261,4.110873864173311,3.367295829986474,72.4939453125,17.777431640625,35.67562866210937,93.5192138671875,458.961585295807,0,461,76,537,219.46621948242188,0.3814791333938401,4.077863820483434,6.065789473604397,0.4086894217542145,2.0912630033729465
1023,4.060443010546419,2.0794415416798357,5.278114659230517,3.8918202981106265,3.8918202981106265,3.5263605246161616,121.7483459472656,28.759239852905274,39.39532470703125,137.63162841796876,421.6489263573505,0,300,88,388,327.53453892517086,0.2862374380044877,4.233364531390184,3.409090909052169,0.8441611827946565,1.2873418716076042
1024,0.0,2.0794415416798357,5.521460917862246,3.912023005428146,1.791759469228055,3.5553480614894135,130.26264038085938,29.42826860046387,36.48010253906249,141.30981445312503,422.3730694943091,0,254,90,344,337.4808259735108,0.2581568922157592,4.42644595048924,2.822222222190864,0.9810489127108424,1.2515468642541787
1025,0.0,2.3978952727983707,4.7535901911063645,5.135798437050262,2.833213344056216,3.9512437185814275,144.58793334960936,25.429304489135745,17.6060302734375,181.1760498046875,516.7542995595655,0,131,230,361,368.7993179168701,0.097176366811839,5.685878408734943,0.569565217388828,1.0216047587696635,1.4011801932742305
1026,4.127134385045092,2.0794415416798357,4.927253685157205,5.1298987149230735,3.784189633918261,3.9512437185814275,101.09921264648436,19.44298809814453,23.88092651367188,135.1376220703125,518.8698178419711,0,241,226,467,279.56074932861327,0.1767156040459987,5.19977753064266,1.0663716814112107,0.5986311548779757,1.856018125170365
1027,4.0943445622221,1.3862943611198906,6.0330862217988015,4.382026634673881,0.6931471805599453,2.9444389791664403,122.96337890625,27.354845306396488,49.21787109374999,153.44937744140628,474.3726354837387,0,476,100,576,352.9854727478028,0.320743374225958,4.495122437157482,4.7599999999524,0.6128220012972048,1.343887134475133
1028,0.0,0.0,5.049856007249537,4.394449154672439,6.345636360828596,4.2626798770413155,105.46776123046877,27.33712216186524,96.87936401367188,184.6459716796876,566.7615370068879,0,724,150,874,414.33021908569344,0.5246762934054556,3.8580418451557503,4.826666666634489,0.4740620355666126,1.3678981423469383
1029,0.0,2.0794415416798357,5.634789603169249,3.9889840465642745,2.302585092994046,3.2188758248682006,116.42728271484376,24.68378480529785,38.18941040039061,127.28382568359376,453.91986537592624,0,288,84,372,306.584303604126,0.3000334896833085,4.716751650060503,3.428571428530612,0.8241513537723167,1.4805711187372637
1030,3.6888794541139363,3.2188758248682006,4.941642422609304,4.962844630259907,1.6094379124341003,4.219507705176107,83.40880737304687,19.206435012817384,23.60055541992188,132.75205078125,497.73350123174384,0,182,233,415,258.96784858703614,0.1777792153179863,4.342753213339247,0.7811158798249738,0.6240189122564148,1.9219895594975347
1031,0.0,1.791759469228055,4.795790545596741,5.278114659230517,5.003946305945459,3.9512437185814275,162.70252075195313,27.77503651428223,36.4036376953125,216.291796875,566.0232536833489,0,268,251,519,443.1729918365479,0.1683079905068369,5.857868833491247,1.0677290836610849,0.8538978648086589,1.2772061116279256
1032,0.0,1.791759469228055,4.948759890378168,5.53338948872752,1.0986122886681098,3.6375861597263857,96.63590698242189,17.57861508178711,15.621130371093749,141.750439453125,553.2002896127308,0,142,294,436,271.58609188842775,0.1102016362788719,5.497356107253709,0.4829931972772687,0.6229038804766166,2.036924224521623
1033,3.784189633918261,1.3862943611198906,5.220355825078324,5.44673737166631,6.7650389767805414,4.465908118654584,127.77341308593748,18.460381439208987,53.6209716796875,182.164013671875,714.6195911971229,0,1093,320,1413,382.018779876709,0.294355458021355,6.921493659260541,3.4156249999893262,0.2703600706839622,1.8706399497581907
1034,4.31748811353631,2.302585092994046,4.90527477843843,5.579729825986222,0.6931471805599453,3.5263605246161616,167.2319091796875,28.077273010253908,19.68810424804688,230.99593505859377,562.1103073964383,0,209,306,515,445.99322149658207,0.08523138834875,5.956130750755523,0.6830065359454804,0.8660062553314876,1.2603561675420796
1035,0.0,1.3862943611198906,7.479299637782834,5.075173815233827,4.836281906951478,5.099866427824199,95.70399169921876,28.33181867980957,163.46749877929688,235.79805908203124,701.0154627570417,1,1895,325,2220,523.3013682403565,0.6932520963700354,3.3779685228623686,5.83076923075129,0.2357213370450994,1.3396018151317353
1036,0.0,2.3978952727983707,5.817111159963204,5.043425116919247,5.934894195619588,3.8066624897703196,109.87635498046876,20.38541331481934,61.08107299804687,262.50062255859376,799.4593389689281,0,712,208,920,453.84346385192873,0.2326892500385596,5.389949827272,3.4230769230604663,0.493308112881995,1.761531018166208
1037,4.0943445622221,1.6094379124341003,7.417580402414544,5.003946305945459,5.262690188904886,4.564348191467836,92.52855834960938,26.73557807922364,179.65255737304688,216.1781982421875,729.508122163634,1,1915,247,2162,515.0948920440674,0.8310392020704537,3.4608774148052905,7.753036437215575,0.2382492562644908,1.416259670654639
1038,3.7612001156935624,1.6094379124341003,7.428927194802272,4.543294782270004,2.6390573296152584,4.330733340286331,63.30399169921874,23.30733215332032,134.83619384765623,142.88642578124998,604.2665718479526,1,1738,172,1910,364.3339434814453,0.943659925073206,2.7160548139991443,10.104651162731953,0.1907507557493479,1.658551399499421
1039,0.0,2.0794415416798357,7.665284718471351,5.176149732573829,5.840641657373398,4.77912349311153,105.85750122070311,26.46265562438965,195.69105834960936,249.3834228515625,814.1865693906532,1,2475,301,2776,577.3946380462646,0.7846995446257208,4.0002599406213,8.222591362098928,0.2079951866160146,1.4101041397686225
1040,0.0,1.791759469228055,5.752572638825633,4.007333185232471,3.58351893845611,3.332204510175204,74.4681884765625,17.864730102539063,39.978369140625,98.56574707031248,479.3068091738469,0,349,86,435,230.87703479003903,0.4056010361459603,4.168447440569511,4.058139534836533,0.5307518041138122,2.076026355794353
1041,3.9889840465642745,2.1972245773362196,5.147494476813453,4.59511985013459,0.6931471805599453,3.5553480614894135,124.51146240234377,25.58086431884766,26.777032470703123,150.84349365234377,466.3233785825951,0,225,140,365,327.71285284423834,0.177515329446293,4.867367296332436,1.6071428571313775,0.8978434324475082,1.4229633489621334
1042,3.6635616461296463,1.0986122886681098,5.1298987149230735,5.214935757608986,1.0986122886681098,3.6109179126442243,118.19783935546872,21.648616470336915,23.528869628906246,155.90035400390624,528.6254087463998,0,208,221,429,319.27567945861813,0.1509224900680199,5.459833403763441,0.9411764705839766,0.7442323530486571,1.6557020868019487
1043,0.0,0.6931471805599453,5.6131281063880705,5.272999558563747,7.416979621381154,4.0943445622221,107.01238403320312,16.922893661499025,186.39898681640625,202.06959228515623,1061.5445140987542,0,1936,254,2190,512.4038567962646,0.9224494626209844,6.323527534203064,7.622047244064481,0.2339743638338039,2.071695011692233
1044,0.0,2.1972245773362196,5.659482215759621,5.6240175061873385,7.242797922793756,2.772588722239781,193.4311706542969,25.01591413879395,145.49826049804688,262.7433105468751,847.8317936707818,0,1683,299,1982,626.6886558380129,0.5537658035694701,7.732324694327167,5.628762541787195,0.3161900382632173,1.3528756038127128
1045,4.219507705176107,2.0794415416798357,5.3981627015177525,4.919980925828125,0.6931471805599453,3.5553480614894135,127.43014526367186,25.29500875854492,24.86063232421875,161.47357177734375,485.7597519674711,0,288,177,465,339.05935812377925,0.1539609983876814,5.037758495165053,1.6271186440586038,0.7291599099420433,1.432668765298328
1046,0.0,1.0986122886681098,4.962844630259907,5.135798437050262,3.784189633918261,3.2188758248682006,114.1615173339844,21.577913497924808,40.712750244140615,160.5492919921875,562.2925948113448,0,185,195,380,337.0014730682373,0.2535841157485027,5.290665260089808,0.9487179487130836,0.8868459817561855,1.6685167269159715
1047,0.0,0.0,5.5909869805108565,4.2626798770413155,6.873163834212518,4.718498871295094,121.42551269531248,27.84155319213868,160.57139282226564,216.01640625,696.7454698556468,0,1232,181,1413,525.8548649597168,0.7433296183794944,4.361305271044892,6.8066298342165386,0.3721548938141151,1.3249767498256313
1048,0.0,2.0794415416798357,5.442417710521793,5.236441962829949,2.302585092994046,3.6888794541139363,94.20897216796874,16.944872955322264,33.46452026367187,132.27872314453126,584.209889704462,0,239,233,472,276.8970885314941,0.252984905417137,5.559733165943781,1.025751072956971,0.5866463740061598,2.1098448264684606
1049,3.6635616461296463,1.6094379124341003,5.703782474656201,3.8066624897703196,7.213031659834869,1.6094379124341003,104.00833740234374,19.78396403503418,227.94966430664056,162.76790771484374,937.0531087983546,0,1693,52,1745,514.5098734588622,1.400458281398994,5.257204128197195,32.5576923070662,0.2948480650192363,1.8212538906145128
1050,3.6635616461296463,0.6931471805599453,6.902742737158593,4.30406509320417,6.395261598115449,2.5649493574615367,71.97302856445312,30.69986430358887,242.1195556640625,164.77825927734375,648.4006272716682,1,1630,86,1716,509.5707078094482,1.469365902543452,2.3444086869691776,18.95348837187264,0.2969526269284098,1.2724448586492585
1051,0.0,2.302585092994046,5.3981627015177525,5.093750200806762,1.3862943611198906,3.5553480614894135,149.23992919921875,27.121206161499025,27.36007690429687,176.78701171875,502.2959949844902,0,223,205,428,380.5082239837647,0.1547629355694364,5.502702509063755,1.087804878043474,0.8890379065020458,1.32006606775627
1052,4.127134385045092,2.1972245773362196,5.43372200355424,4.955827057601261,1.3862943611198906,3.9512437185814275,111.463330078125,23.443184646606447,40.03890380859375,158.0363525390625,518.6399217843901,0,292,200,492,332.9817710723877,0.2533524924174887,4.75461554194197,1.4599999999927,0.6767922176254286,1.5575625059369518
1053,3.6635616461296463,0.6931471805599453,6.842683282238422,4.174387269895637,5.945420608606575,2.4849066497880004,54.0837158203125,28.57448405456543,206.22568359375,140.19620361328128,594.1304159518277,1,1355,76,1431,429.0800870819092,1.4709790870024853,1.892727641735972,17.828947368186462,0.2998463222093706,1.3846608916088583
1054,0.0,1.6094379124341003,5.60947179518496,4.736198448394496,7.438383530044307,2.302585092994046,99.77047119140624,20.17861834716797,217.47716674804684,177.78358154296876,927.4512973685656,0,1971,126,2097,515.2098378295898,1.2232691278877248,4.944365836646317,15.642857142732993,0.2456890023029776,1.8001428335953635
1055,0.0,2.4849066497880004,5.25227342804663,5.631211781821365,1.3862943611198906,3.7376696182833684,148.75477294921873,23.793256668090816,28.03392333984375,210.53269042968748,606.8200285810809,0,193,330,523,411.1146433868407,0.1331571039276354,6.2519719354964165,0.5848484848467126,0.7860700638356686,1.4760360360324456
1056,3.6888794541139363,0.0,5.5093883366279774,3.912023005428146,6.142037405587356,2.302585092994046,70.72141113281249,20.746781845092773,105.59317016601562,107.4849609375,555.6753687566122,0,749,58,807,304.5463240814209,0.9823994840211476,3.4087894526220897,12.913793103225624,0.3773808229009213,1.8246004788625425
1057,3.6635616461296463,2.302585092994046,5.231108616854587,4.90527477843843,0.6931471805599453,3.8066624897703196,87.33240966796875,21.73800059509277,30.0570556640625,132.03087158203124,464.49455818390913,0,225,187,412,271.1583375091552,0.2276517249616147,4.017499644547164,1.2032085561432984,0.6581513046322744,1.7130012023565873
1058,0.0,1.9459101490553132,4.948759890378168,5.545177444479562,0.6931471805599453,3.1780538303479458,140.16038818359374,22.604813049316405,11.646551513671874,176.56669921875002,546.0220250676542,0,141,284,425,350.97845196533206,0.0659612008670836,6.200466594065987,0.4964788732376884,0.8258316516811911,1.5557138109436757
1059,0.0,0.6931471805599453,7.437206366871292,4.852030263919617,5.298317366548036,5.043425116919247,108.19198608398436,28.27897856140137,179.05995483398434,248.74141845703127,748.1014714961967,1,1896,282,2178,564.2723379364013,0.7198638487469915,3.825880268102477,6.723404255295307,0.2590782084187981,1.3257808706887009
1060,3.6635616461296463,0.6931471805599453,5.049856007249537,4.812184355372417,6.761572768804055,4.007333185232471,113.47613525390624,25.3193581237793,124.88779907226564,196.7855346679688,668.8228070478724,0,1056,177,1233,460.46882711792,0.6346391226486794,4.481793523148224,5.966101694881548,0.3734540365916841,1.4524822695003916
1061,0.0,5.337538079701318,3.7612001156935624,8.961622569542543,0.0,6.416732282512326,294.2164489746094,35.138818450927744,5.201202392578125,15222.6298828125,14747.103749218932,0,42,8615,8657,15557.186352630615,0.000341675678422,8.3729750155691,0.0048752176436442,1.7970643817291,0.9479287202035956
1062,3.6635616461296463,0.6931471805599453,5.288267030694535,5.480638923341991,6.928537818164665,3.9889840465642745,153.42852172851562,30.29730642700196,152.24628295898435,262.0858154296875,714.7814179888389,0,1255,293,1548,598.0579265441894,0.5809024143820868,5.064097763711132,4.283276450497326,0.3863423298086583,1.1951708793794071
1063,3.6635616461296463,1.0986122886681098,5.3981627015177525,4.543294782270004,6.655440350367647,4.219507705176107,100.26123046875,28.306760787963867,118.43767089843747,174.38078613281252,561.4602178465417,0,1034,162,1196,421.38644828796384,0.6791899126292124,3.541953500657676,6.382716049343317,0.3523298062605447,1.3324116618518376
1064,0.0,1.6094379124341003,4.890349128221754,5.60947179518496,3.5263605246161616,4.812184355372417,137.38178100585938,27.05548782348633,22.136572265625,205.4603393554688,524.5906576690625,0,165,398,563,392.0341804504395,0.1077413399343149,5.077778744818018,0.4145728643205664,0.6963306935164177,1.3381247958149467
1065,3.970291913552122,1.3862943611198906,6.052089168924417,4.07753744390572,3.8501476017100584,2.0794415416798357,121.37129516601564,26.4825692138672,53.59866943359375,118.727783203125,443.4535960099752,0,522,68,590,320.18031701660163,0.4514416759676479,4.583063455107609,7.676470588122404,0.542678503417049,1.3850120461514712
1066,3.6635616461296463,1.791759469228055,6.040254711277414,4.110873864173311,3.828641396489095,2.0794415416798357,138.1543395996094,30.59508219909668,58.00017700195312,134.8346923828125,434.2297901304698,0,502,72,574,361.5842911834717,0.4301576691913475,4.515573408041794,6.972222222125385,0.629937789517146,1.2009088910030554
1067,0.0,1.9459101490553132,5.846438775057725,4.127134385045092,4.61512051684126,1.791759469228055,163.69161987304688,37.470115493774415,64.13170166015625,162.22745361328126,420.8930580609302,0,445,72,517,427.5208906402588,0.3953196591042996,4.368591281654185,6.180555555469714,0.8269262875037368,0.984497055640048
1068,0.0,1.791759469228055,5.087596335232384,5.402677381872279,0.6931471805599453,1.791759469228055,175.6430419921875,29.60333953857421,23.769415283203124,187.27939453125,497.8707555020257,0,162,231,393,416.2951913452149,0.1269195436186118,5.93321715468571,0.7012987012956654,1.0592752960411085,1.1959560567875211
1069,3.9318256327243257,2.1972245773362196,5.0689042022202315,5.313205979041787,3.784189633918261,3.332204510175204,156.67481689453126,29.103149688720706,31.307574462890628,176.70955810546874,485.9302507625683,0,251,237,488,393.79509915161134,0.1771696720786749,5.38343164107317,1.0590717299533372,0.8069571703909926,1.233967237805189
1070,4.110873864173311,1.9459101490553132,5.805134968916488,4.859812404361672,4.04305126783455,1.791759469228055,148.67962646484375,29.905541107177733,52.64126586914062,154.33062744140625,468.0101415447305,0,447,139,586,385.5570608825684,0.3410940961073038,4.971641406755452,3.215827338106361,0.6579472028701543,1.213854417481571
1071,0.0,0.6931471805599453,5.4510384535657,4.762173934797756,6.035481432524756,4.8283137373023015,128.38892211914063,32.45996415710449,93.04974975585937,210.4225341796875,533.4809293653576,0,649,241,890,464.321170211792,0.442204301541006,3.955300797431256,2.6929460580801123,0.5217091800126632,1.148948106589391
1072,0.0,1.6094379124341003,5.945420608606575,4.007333185232471,3.7612001156935624,2.1972245773362196,171.37897338867185,35.645210403442384,47.2616455078125,150.80390625,414.30695260463807,0,423,66,489,405.08973554992673,0.3133980192074707,4.807910275858921,6.409090908993801,0.8284043671760702,1.022753519146013
1073,3.6635616461296463,3.091042453358316,5.318119993844216,5.0689042022202315,3.367295829986474,3.6375861597263857,159.52313232421875,36.0032109375,39.71870727539062,205.5618896484376,450.93537137862137,0,269,216,485,440.8069401855469,0.193220189516288,4.430802924681166,1.2453703703646049,0.9088802890404908,1.0229770229747022
1074,0.0,0.6931471805599453,5.337538079701318,5.476463551931511,3.044522437723423,3.5263605246161616,213.62349243164064,35.33351358032227,32.26019897460937,242.6174194335937,523.3873939809732,0,227,272,499,523.8346244201659,0.1329673650382975,6.045917056620281,0.8345588235263436,1.0497687864110543,0.9991462373441105
1075,0.0,0.6931471805599453,5.081404364984463,5.805134968916488,4.48863636973214,4.0943445622221,229.9475830078125,35.63744155883789,35.32994384765625,279.4715698242188,569.0295639099994,0,248,391,639,580.3865382385254,0.1264169513548428,6.452415575952993,0.6342710997426234,0.9082731427818734,0.980432050743329
1076,3.6635616461296463,1.6094379124341003,5.075173815233827,5.834810737062605,3.5263605246161616,4.2626798770413155,209.66033935546875,33.45399206542969,27.452471923828124,270.3940063476563,567.6744959969257,0,230,415,645,540.9608096923828,0.1015276643685284,6.267124680939292,0.554216867468544,0.8386989297543319,1.049381925316705
1077,3.6375861597263857,1.6094379124341003,5.332718793265369,5.840641657373398,0.6931471805599453,0.0,187.43082275390623,28.83668879699708,21.22218017578125,225.042333984375,559.7669308058797,0,244,347,591,462.53202571105953,0.0943030575623181,6.499734559223204,0.7031700288164174,0.7826261010326174,1.2102230757840582
1078,0.0,1.0986122886681098,7.763871287820222,5.529429087511423,5.1298987149230735,4.9344739331306915,122.376708984375,32.55266638183594,207.19264526367184,262.1632690429687,720.3021257746478,1,2521,391,2912,624.2852896728514,0.790319124487735,3.759345165313421,6.447570332464329,0.2143836846403286,1.1538028168995604
1079,0.0,1.6094379124341003,5.288267030694535,5.3981627015177525,0.6931471805599453,3.58351893845611,192.31303710937496,33.501817611694335,26.910845947265624,209.7839721679688,491.2328847238428,0,198,259,457,462.5096728363037,0.1282788464201188,5.74037621876685,0.7644787644758129,1.0120561768824765,1.06210294308081
1080,3.7376696182833684,1.791759469228055,7.75833346749091,5.081404364984463,5.170483995038151,3.713572066704308,86.3268310546875,27.37344163513184,169.24378051757813,166.82475585937502,627.4436687598451,1,2556,205,2761,449.7688090667725,1.0145003938098236,3.1536710729402606,12.468292682866007,0.1629006914402787,1.3950359742827343
1081,3.8066624897703196,0.6931471805599453,7.5652752818989315,5.0689042022202315,6.018593214496234,4.276666119016055,107.98483886718748,32.67404397583008,214.2513061523437,204.68408203125,651.2798818327117,1,2383,230,2613,559.5942710266113,1.0467414174326772,3.304911964486613,10.360869565172344,0.2141577768949089,1.1638430118963397
1082,0.0,1.3862943611198906,7.927324360309794,5.493061443340548,2.4849066497880004,3.8066624897703196,103.55284423828128,29.518276428222656,168.41859741210936,192.46878662109376,632.8354491144388,1,2782,289,3071,493.9585046997071,0.875043690813066,3.508092502845644,9.626297577821363,0.1608461428523432,1.2811510341296346
1083,0.0,1.6094379124341003,5.802118375377063,4.356708826689592,3.6888794541139363,2.302585092994046,165.10078124999998,34.35239382934571,47.61848144531249,155.56816406250002,427.3263689392712,0,369,90,459,402.63982058715817,0.3060939989358974,4.806092468122432,4.099999999954444,0.8772109380964727,1.0613117408880524
1084,4.07753744390572,1.791759469228055,5.598421958998375,4.859812404361672,0.6931471805599453,1.791759469228055,184.15997314453125,35.1655927734375,39.7298583984375,182.29482421875,452.4375080244018,0,328,138,466,441.3502485351563,0.2179428767025472,5.2369364090003465,2.376811594185676,0.9471035376270583,1.0251212263389882
1085,3.784189633918261,1.0986122886681098,5.147494476813453,5.5134287461649825,3.7612001156935624,3.7376696182833684,181.07237548828124,29.67585374450684,31.12437744140625,206.6307495117188,532.8121660261755,0,256,290,546,448.50335618591305,0.1506280043740075,6.101673671838238,0.8827586206866113,0.8214347182877136,1.1879781024517615
1086,0.0,1.3862943611198906,5.910796644040527,5.648974238161206,6.326149473155099,4.875197323201151,161.50676879882812,33.3549779663086,94.55037231445311,283.49399414062503,625.7245356309579,0,926,416,1342,572.9061132202148,0.3335180789305138,4.842058926170535,2.2259615384561875,0.4269047043366527,1.0921938537411775
1087,0.0,1.791759469228055,5.111987788356544,5.940171252720432,0.6931471805599453,1.0986122886681098,195.6845764160156,29.70960356140137,19.579779052734374,240.5726440429688,569.122588692946,0,166,386,552,485.54660307312014,0.081388219057674,6.586576492177158,0.4300518134703884,0.8796134113627546,1.172127629129078
1088,4.02535169073515,1.9459101490553132,5.755742213586912,5.176149732573829,1.791759469228055,2.5649493574615367,186.989501953125,33.85847593688965,40.091473388671865,200.284716796875,487.43448169709086,0,375,194,569,461.2241680755615,0.2001724047128953,5.522679233883432,1.9329896907116857,0.8105872901137978,1.0568277107633668
1089,0.0,1.0986122886681098,5.147494476813453,5.497168225293202,5.062595033026967,4.219507705176107,192.4862365722656,32.93317012023926,40.15360107421875,243.44875488281247,548.5094912197047,0,328,312,640,509.0217626495361,0.1649365637272711,5.844752748176143,1.0512820512786818,0.7953465041386574,1.0775757177130334
1090,0.0,0.6931471805599453,6.021023349349527,4.6443908991413725,7.218176838403408,3.970291913552122,125.843994140625,30.832009506225585,218.58112792968748,227.5518310546875,726.7151351127625,0,1774,156,1930,602.8089626312255,0.9605773195303154,4.081602080173627,11.371794871721976,0.3123362500678306,1.205547993081404
1091,0.0,1.3862943611198906,5.303304908059076,5.556828061699537,1.0986122886681098,3.044522437723423,222.75708618164063,37.22502017211914,22.49181518554688,243.25253906250003,499.3913688833488,0,202,281,483,525.7264606018067,0.0924628177454521,5.984068917778521,0.7188612099618547,1.088460580953868,0.9499072356197144
1092,3.6635616461296463,1.3862943611198906,5.638354669333745,3.8066624897703196,6.238324625039508,2.302585092994046,145.084130859375,36.96277551269532,138.9700744628906,170.97454833984378,496.7975849126375,0,829,56,885,491.9915291748047,0.8128114728857121,3.925141682220777,14.80357142830708,0.5559226318353093,1.0097685741559088
1093,3.6635616461296463,0.0,7.154615356913663,4.356708826689592,6.717804695023691,3.713572066704308,88.89087524414062,40.11628276062012,306.3978149414063,228.6052001953125,648.9199330002983,1,2143,117,2260,664.0101731414795,1.3402924110137922,2.2158303094120155,18.31623931608277,0.2938098111244184,0.9772740829093544
1094,0.0,1.6094379124341003,5.5254529391317835,5.081404364984463,2.5649493574615367,1.9459101490553132,204.67298583984373,36.87206414794922,38.2770263671875,202.74085693359376,467.95366215856296,0,262,170,432,482.5629332885742,0.1887977931332117,5.550895795067024,1.5411764705791695,1.117043827054299,0.9697256665956052
1095,4.007333185232471,2.0794415416798357,4.890349128221754,5.37989735354046,0.6931471805599453,3.258096538021482,180.509765625,33.0552512512207,29.08372192382812,202.4017822265625,482.5589978160882,0,187,248,435,445.0505210266113,0.1436930129949596,5.46084990392784,0.7540322580614757,1.023104646035835,1.0842791436394024
1096,3.6635616461296463,0.6931471805599453,7.115582126184454,4.465908118654584,6.78105762593618,3.828641396489095,86.86801757812499,40.1497431793213,312.87661743164057,224.77554931640623,649.9717742845205,1,2148,132,2280,664.6699275054931,1.391951297112955,2.16360082773087,16.272727272603994,0.2915218980285972,0.9778865379435584
1097,0.0,1.0986122886681098,5.808142489980444,4.969813299576001,7.288927694521257,1.6094379124341003,116.10626220703124,30.19264407348633,186.4165100097656,198.24338378906248,657.8613060460543,0,1795,149,1944,530.9588000793457,0.9403416469483724,3.8455148850360015,12.04697986569096,0.2731269547731855,1.2390063145134906
1098,0.0,1.791759469228055,5.5093883366279774,5.793013608384144,0.6931471805599453,2.0794415416798357,209.6919799804688,32.60284204101563,23.95739135742188,249.7982299804688,553.3538704800551,0,247,339,586,516.0504433593751,0.0959069700341717,6.431708613323848,0.7286135693193846,0.8806321559018677,1.0722863968041003
1099,3.6635616461296463,0.0,6.040254711277414,4.31748811353631,7.215975002651466,3.7376696182833684,103.90748291015623,26.6133073425293,205.9978820800781,176.52366943359377,720.0347547969849,0,1817,115,1932,513.0423417663575,1.1669703147452717,3.904343100573709,15.799999999862608,0.2655498663385569,1.4034606818543829
1100,3.784189633918261,1.9459101490553132,4.912654885736052,5.14166355650266,3.713572066704308,2.9444389791664403,123.494677734375,29.113837463378907,27.876214599609373,153.8366455078125,425.05889209638,0,218,194,412,334.3213753051758,0.1812065942247323,4.241786328767963,1.123711340200393,0.8114596487970009,1.2714080626974738
1101,0.0,1.791759469228055,5.1647859739235145,5.802118375377063,4.30406509320417,1.0986122886681098,194.48882446289065,29.453551025390624,28.1836669921875,227.1249755859376,566.3828528149457,0,247,337,584,479.2510180664064,0.1240888058187133,6.603238580252244,0.7329376854577658,0.8206353049068249,1.1818083456533928
1102,0.0,1.0986122886681098,7.830425617820331,5.3612921657094255,4.61512051684126,4.454347296253507,101.73762817382811,28.225205383300786,165.01591186523433,197.60310058593748,658.2489266343133,1,2615,299,2914,492.5818460083007,0.8350876649966023,3.604495584305504,8.74581939796406,0.1690397549787685,1.3363239672090648
1103,3.6635616461296463,1.0986122886681098,5.332718793265369,5.043425116919247,7.208600337960199,4.060443010546419,146.46494750976564,35.93898948669434,192.28359375,263.266552734375,659.8844473468228,0,1594,213,1807,637.9540834808349,0.7303760836769712,4.075377454892433,7.483568075082237,0.3530459786831665,1.0343760851020751
1104,0.0,5.3471075307174685,3.784189633918261,8.82776136765472,0.0,7.793999089503996,269.35960693359374,32.34860073852539,5.201202392578125,13884.527490234375,14748.184464463546,0,43,9454,9497,14191.436900299072,0.0003746042057416,8.32677768978349,0.0045483393272683,1.4943073497207096,1.0392312327549933
1105,3.7612001156935624,0.6931471805599453,5.3706380281276624,5.429345628954441,7.086737934510577,4.969813299576001,143.6121826171875,26.109934112548828,158.6454345703125,262.15122070312503,809.7978288763339,0,1451,371,1822,590.5187720031738,0.6051676362375839,5.50028897019181,3.911051212927464,0.3241047047216518,1.3713329148334177
1106,0.0,1.0986122886681098,5.41610040220442,4.68213122712422,7.07326971745971,4.543294782270004,140.24426879882813,32.22931878662109,179.1969543457031,244.76890869140624,682.8835750524108,0,1403,202,1605,596.4394506225585,0.7321066850483635,4.351449986361311,6.945544554421062,0.3716133648736367,1.1449336128562215
1107,0.0,1.6094379124341003,4.983606621708336,5.356586274672012,1.9459101490553132,5.049856007249537,150.06637573242188,31.14860614013672,19.24205932617188,242.11827392578127,517.8840812055851,0,151,370,521,442.57531512451175,0.0794738001972988,4.8177557304638166,0.4081081081070051,0.8494727737498317,1.1701603399609313
1108,3.7376696182833684,1.0986122886681098,5.676753802268282,4.0943445622221,3.6375861597263857,3.9318256327243257,149.48250732421874,35.4202931213379,42.10823364257813,165.32559814453126,410.226451545997,0,369,111,480,392.336632232666,0.2546988132201493,4.220250431240707,3.324324324294375,0.8173679838163515,1.0455981365045623
1109,4.07753744390572,1.0986122886681098,5.8289456176102075,4.189654742026425,4.574710978503383,1.0986122886681098,140.03580322265623,32.19377769470215,64.31808471679688,141.17384033203126,433.0258652870587,0,493,69,562,377.7215059661865,0.455594921587948,4.3497785362837655,7.144927536128334,0.6721023237820541,1.1464157016378005
1110,0.0,1.6094379124341003,5.5909869805108565,4.1588830833596715,3.258096538021482,1.3862943611198906,128.27059936523438,30.578366958618165,36.45620727539062,125.39912109375,388.7123480118365,0,292,70,362,320.7042946929932,0.2907213938751992,4.19481522785794,4.171428571368979,0.8859234660002964,1.2120584427556067
1111,0.0,1.3862943611198906,5.455321115357702,5.308267697401205,1.0986122886681098,3.871201010907891,176.07529907226564,30.25076820373535,24.828771972656245,202.060986328125,508.49361222552574,0,235,251,486,433.2158255767823,0.1228776144456414,5.82052323037216,0.9362549800759512,0.8913905876047138,1.173765089369358
1112,3.6888794541139363,2.0794415416798357,4.762173934797756,5.1647859739235145,3.2188758248682006,3.1780538303479458,147.45338745117186,30.361602722167973,23.7041015625,176.92987060546875,453.90050137257055,0,179,204,383,378.4489623413086,0.1339745599838434,4.856574562141111,0.8774509803878556,0.98811739514444,1.1993704476378395
1113,0.0,1.791759469228055,5.796057750765372,4.394449154672439,0.6931471805599453,0.6931471805599453,141.23963012695313,30.347741546630864,48.60137329101562,140.910498046875,435.6109411699739,0,329,86,415,361.0992430114746,0.3449095274257215,4.654040891487004,3.825581395304354,0.8701186578568784,1.2063468688992105
1114,0.0,0.6931471805599453,5.365976015021851,4.6443908991413725,7.15305163493748,4.867534450455582,130.35772705078125,31.40546200561524,152.67799072265626,239.69655761718752,654.5776993150686,0,1490,233,1723,554.1377373962403,0.6369636353554019,4.150797941559424,6.39484978538028,0.3216121517097612,1.181254506126203
1115,0.0,1.6094379124341003,5.594711379601839,4.219507705176107,0.6931471805599453,3.1354942159291497,160.56381225585938,34.57342419433594,41.04409790039063,159.85048828125,419.4302121525533,0,269,93,362,396.0318226318359,0.2567655459889403,4.64413971114611,2.892473118248468,1.0940105597534306,1.0590820943735375
1116,3.6635616461296463,1.3862943611198906,5.198497031265826,5.056245805348308,2.1972245773362196,3.6888794541139363,136.435693359375,29.62853713989258,32.05629272460937,171.03651123046876,456.7144040247678,0,226,198,424,369.1570344543457,0.1874236821939535,4.604874439483203,1.1414141414083767,0.8706533831449883,1.237181907419438
1117,0.0,1.6094379124341003,6.126869184114185,5.407171771460119,7.48605261786314,3.5553480614894135,196.61896362304688,25.17787234497071,198.40078125,261.71748046875007,914.8411021903788,0,2239,260,2499,681.9150976867677,0.7580723339300663,7.809196937743328,8.61153846150534,0.272875189150258,1.341576253836313
1118,0.0,1.3862943611198906,5.5909869805108565,5.501258210544727,7.0587581525186645,4.624972813284271,199.82653198242184,27.518280441284183,142.36320190429686,285.8864501953125,815.6473313653275,0,1429,348,1777,655.5944645233153,0.4979711413623797,7.261592249614963,4.10632183906866,0.3689332946105494,1.2441339509435043
1119,3.6888794541139363,1.3862943611198906,5.0689042022202315,5.730099782973574,3.4011973816621555,5.318119993844216,195.95797119140627,31.90305226135254,27.95745849609375,306.6457397460938,620.901078577685,0,226,513,739,562.4642216949463,0.0911718470934951,6.142295401078226,0.4405458089660028,0.7611153202898312,1.1038943538587032
1120,4.290459441148391,1.791759469228055,5.342334251964811,5.641907070938114,1.0986122886681098,4.02535169073515,214.4423583984375,33.12704196166992,32.58198852539062,269.0807373046875,578.98720599022,0,282,341,623,549.2321261901855,0.1210862912434198,6.4733325311715895,0.8269794721383373,0.8815924978961539,1.0541757817507509
1121,0.0,1.0986122886681098,7.652545692693921,5.327876168789581,6.07993319509559,5.529429087511423,151.65302124023438,33.804453277587896,237.03464355468745,372.9374267578125,866.654541147132,1,2541,458,2999,795.4295448303221,0.6355882422816829,4.486184704436354,5.548034934485703,0.2652315921407325,1.0895428096411903
1122,0.0,1.9459101490553132,5.594711379601839,5.2832037287379885,0.6931471805599453,3.4657359027997265,157.81107788085936,28.70956315612793,35.67244262695313,183.67177734375,506.2187791374848,0,269,233,502,405.8648610076904,0.1942184212656489,5.4968122300279045,1.1545064377632854,0.8084957390575336,1.2472594397046006
1123,3.912023005428146,1.3862943611198906,7.573017256052546,5.0106352940962555,5.198497031265826,4.61512051684126,118.47008056640624,35.753135971069334,208.1373046875,241.3557861328125,641.9371113184282,1,2173,252,2425,603.7163073577881,0.8623671635205982,3.313557743828573,8.623015872981656,0.2489551782917687,1.0633092124459138
1124,3.8501476017100584,1.6094379124341003,7.4205789054108005,4.836281906951478,4.07753744390572,4.174387269895637,89.85327758789063,35.125331497192384,184.50329589843747,185.8026123046875,547.5349368273675,1,1773,193,1966,495.284517288208,0.993007006784639,2.5580762872662044,9.186528497361728,0.251924983361117,1.1054957659975655
1125,0.0,2.0794415416798357,7.726212650507529,5.3612921657094255,3.6375861597263857,4.48863636973214,115.7625,32.86218273925781,182.6585815429688,249.5848022460937,668.1603820690138,1,2303,307,2610,580.8680665283202,0.7318497757012196,3.522666187909216,7.501628664470679,0.2225548147617232,1.1502790746636566
1126,0.0,1.6094379124341003,5.676753802268282,4.07753744390572,4.31748811353631,4.007333185232471,116.79230346679688,27.58702249145508,34.017297363281244,133.98958740234374,419.2272331981816,0,365,116,481,312.38621072387696,0.2538801560816832,4.233595832922492,3.1465517241108056,0.6494515815451716,1.3420158086536065
1127,3.713572066704308,1.6094379124341003,6.244166900663736,4.74493212836325,0.6931471805599453,3.871201010907891,134.35565185546875,25.815331741333004,56.5776123046875,158.58885498046877,524.5695466390856,0,555,165,720,375.337450881958,0.3567565470555837,5.204490618075112,3.3636363636159783,0.5213020151131066,1.397594472400951
1128,3.6635616461296463,1.3862943611198906,4.976733742420574,5.41610040220442,3.871201010907891,3.367295829986474,177.40519409179686,31.10563549804688,24.47830810546875,220.7359130859375,519.5213664127473,0,229,255,484,453.7250507812501,0.1108940895169509,5.703313603646928,0.8980392156827528,0.9374484520254392,1.145013627784184
1129,0.0,0.6931471805599453,5.918893854273146,5.2832037287379885,7.488293515159428,4.976733742420574,168.29022216796875,31.21006832885742,220.1136108398437,311.3876220703125,841.0919596544823,0,2157,341,2498,731.0015234069824,0.7068797705434622,5.392177306032113,6.3255131964623885,0.292634717136385,1.1506021981093149
1130,0.0,2.0794415416798357,5.429345628954441,5.655991810819852,0.6931471805599453,3.58351893845611,168.61734008789062,25.908393218994146,17.489739990234373,210.178125,568.5931457400025,0,228,327,555,422.1935982971192,0.0832138929308231,6.50821294304598,0.6972477064198861,0.7607091861195647,1.3467592782837692
1131,4.1588830833596715,1.791759469228055,5.030437921392435,5.25227342804663,4.406719247264253,3.1780538303479458,175.4358947753906,30.7431492919922,33.34982299804687,201.3380859375,510.7055649591685,0,296,218,514,440.8669530029297,0.1656409061534129,5.706503686510109,1.3577981651313864,0.8577178073970272,1.158411991371502
1132,0.0,0.6931471805599453,4.875197323201151,5.187385805840755,3.6888794541139363,4.330733340286331,196.7020202636719,34.1119338684082,27.99091186523437,242.64840087890627,522.7173739144266,0,169,254,423,501.4532668762207,0.115355847241243,5.766369652823335,0.6653543307060419,1.1854687160166315,1.0424049626192031
1133,0.0,0.6931471805599453,5.942799375126701,4.454347296253507,7.053585727193677,4.74493212836325,144.8646240234375,33.38983547973633,208.01304931640624,259.8310546875,714.2592263756283,0,1536,200,1736,646.09856350708,0.8005703920410281,4.338584540406454,7.6799999999616,0.3721765918817442,1.1054957659980864
1134,0.0,1.6094379124341003,5.700443573390687,5.393627546352362,0.6931471805599453,3.58351893845611,185.16357421875003,30.42719631958008,42.29461669921874,218.06462402343752,551.6777491687301,0,299,258,557,475.9500112609864,0.193954507240381,6.085462895360842,1.1589147286776786,0.8544883505567897,1.1591085956820355
1135,3.6635616461296463,1.3862943611198906,5.44673737166631,3.784189633918261,3.4657359027997265,0.0,94.73565673828124,26.63998686218262,47.209075927734375,98.65869140625,378.240846989461,0,300,46,346,267.2434109344482,0.4785090421771515,3.556145024576164,6.521739130293006,0.7723798003863463,1.4153420870714146
1136,3.6635616461296463,0.6931471805599453,7.04141166379481,4.356708826689592,4.820281565605037,4.454347296253507,77.2617919921875,36.67278355407714,204.22007446289047,188.0126220703125,542.8450995450677,1,1303,163,1466,506.1672720794677,1.0862040655197642,2.106788318267459,7.993865030625805,0.3452709905041762,1.0724618707840303
1137,0.0,1.791759469228055,5.187385805840755,5.187385805840755,0.6931471805599453,3.7376696182833684,161.83932495117188,29.9591596069336,25.080468749999994,180.50650634765623,476.1070106764169,0,179,224,403,397.3854596557617,0.1389449569288985,5.401998155793215,0.7991071428535754,0.9860681381011802,1.19809872028949
1138,3.784189633918261,1.9459101490553132,5.6131281063880705,5.123963979403259,3.2188758248682006,3.091042453358316,149.94459228515626,32.06571400451661,42.81553344726562,191.76481933593752,475.3409957692041,0,340,194,534,416.59065907287606,0.2232710545933726,4.676165709560053,1.752577319578595,0.7801323203597302,1.1410265338784509
1139,3.6635616461296463,0.6931471805599453,7.051855622955894,4.343805421853684,8.022240916806537,4.174387269895637,105.84069213867188,29.833845199584964,487.159112548828,286.3546142578125,1151.3035142984118,1,4239,141,4380,909.1882641448972,1.7012441507526217,3.547671827988054,30.063829787020826,0.2075772292567784,1.2662982571381525
1140,0.0,1.0986122886681098,5.8664680569332965,4.709530201312334,7.5411524551363085,0.6931471805599453,134.39306030273437,29.86456631469727,270.52305908203124,227.1335815429688,814.6331158309858,0,2235,113,2348,661.9142672424317,1.1910306580080192,4.500084109110111,19.778761061771867,0.2819055652649701,1.230723004692976
1141,0.0,2.0794415416798357,5.1298987149230735,5.605802066295998,1.0986122886681098,3.912023005428146,172.47848510742188,27.827866653442385,16.594464111328122,229.7583984375,564.4694795209997,0,170,327,497,446.6592143096924,0.0722257128536261,6.198049144377647,0.5198776758393888,0.8987106927742328,1.2637587257482603
1142,3.6635616461296463,0.0,5.5093883366279774,4.219507705176107,7.198183577101943,4.442651256490317,125.29720458984376,31.73901837158204,204.1961791992188,225.9562866210937,690.1362609038738,0,1620,151,1771,587.1886887817383,0.9036977118531418,3.947734082982307,10.728476821121005,0.331557701175272,1.1753228120496484
1143,3.871201010907891,1.9459101490553132,5.10594547390058,5.187385805840755,2.9444389791664403,3.58351893845611,129.48793945312497,27.97081938171387,23.83632202148437,158.00192871093748,444.3856432910988,0,229,219,448,339.2970095672607,0.1508609560389719,4.629393857984342,1.0456621004518465,0.7573593963538021,1.3097246092930743
1144,0.0,2.0794415416798357,5.37989735354046,5.58724865840025,0.6931471805599453,3.5553480614894135,183.11731567382813,28.12838671875,25.093212890625,225.248876953125,572.5596690010221,0,217,307,524,461.58779223632814,0.1114021664833231,6.510053971394476,0.7068403908771764,0.8808927332737543,1.240413370175607
1145,0.0,1.0986122886681098,7.585788821732034,5.278114659230517,4.343805421853684,5.0369526024136295,96.48314208984377,26.91710559082032,153.78035888671874,218.72900390625003,695.3046988147704,1,2045,350,2395,495.9096104736328,0.7030634078685233,3.584454567773568,5.842857142840449,0.2070603801559189,1.402079500232507
1146,3.6635616461296463,0.6931471805599453,5.043425116919247,4.948759890378168,7.138866999945524,4.499809670330265,164.40172119140624,35.40251509094239,196.9559143066406,289.5697998046875,709.9456977871076,0,1451,230,1681,686.3299503936767,0.6801673186872583,4.64378648704606,6.3086956521464845,0.4082867045766022,1.034408737923867
1147,0.0,5.236441962829949,3.8918202981106265,8.293549515060345,0.0,7.914983005848394,166.40496826171875,18.076190368652345,5.198016357421875,7983.100891113281,14764.894542176646,0,48,6921,6969,8172.780066101074,0.0006511274789483,9.20575435746084,0.0069354139575195,1.1727335437078348,1.8065938912777588
1148,4.204692619390966,1.6094379124341003,5.662960480135946,4.736198448394496,5.10594547390058,3.713572066704308,115.10941772460936,18.98554934692383,50.96541137695312,155.82806396484375,633.5923131593873,0,517,157,674,340.88844241333004,0.3270618275031918,6.063001686975004,3.292993630552274,0.5057692023929143,1.8586500283552965
1149,0.0,1.0986122886681098,4.68213122712422,4.795790545596741,0.6931471805599453,3.9512437185814275,55.82757568359374,10.288150680541994,14.474157714843749,89.23344726562502,592.0598916374082,0,108,173,281,169.8233313446045,0.1622055199951616,5.426395609052867,0.6242774566437903,0.6043534923274027,3.4863283327808325
1150,0.0,1.791759469228055,6.569481420414296,4.290459441148391,5.493061443340548,4.2626798770413155,58.76092529296875,21.39158097839356,145.64322509765623,161.61470947265624,699.5076771820586,1,954,147,1101,387.4104408416748,0.9011755524728186,2.746918301624034,6.489795918323199,0.3518714267405294,1.805598413043609
1151,3.828641396489095,1.6094379124341003,5.480638923341991,4.672828834461906,6.931471805599453,4.1588830833596715,65.93889770507813,10.208830627441406,87.58569946289062,108.52628173828126,931.6422474937344,0,1307,173,1480,272.2597095336914,0.8070459805607514,6.459005943479454,7.554913294754018,0.1839592631983158,3.4218880534544325
1152,3.6635616461296463,1.6094379124341003,4.6913478822291435,4.553876891600541,3.9512437185814275,3.6635616461296463,97.5472229003906,19.114526138305663,27.511413574218743,137.34591064453124,532.7952519637288,0,197,136,333,281.5190732574463,0.2003074823627001,5.103303225487859,1.448529411754055,0.8454026223921949,1.8925724846877443
1153,0.0,1.0986122886681098,4.624972813284271,4.6913478822291435,0.6931471805599453,3.7376696182833684,65.82255249023437,14.926006210327149,14.432739257812496,106.17857666015624,497.0740071945156,0,102,151,253,201.35987461853023,0.1359289200482613,4.409923964809991,0.6754966887372484,0.7958888324811635,2.468585204146246
1154,0.0,1.9459101490553132,5.529429087511423,4.430816798843313,3.6888794541139363,3.871201010907891,52.96294555664062,12.656016677856448,24.045007324218744,87.760107421875,519.6489233553808,0,290,136,426,177.42407698059085,0.2739856186405638,4.184803710406153,2.1323529411607915,0.4164884436154327,2.928852341778273
1155,4.110873864173311,1.0986122886681098,5.062595033026967,5.043425116919247,0.6931471805599453,3.8066624897703196,108.21538696289062,18.536602935791016,22.6845703125,167.91771240234377,607.6349658174594,0,218,200,418,317.3542726135254,0.13509337393789,5.837929815506122,1.08999999999455,0.759220747877431,1.914689727702276
1156,4.0943445622221,0.6931471805599453,4.653960350157523,4.564348191467836,1.9459101490553132,3.258096538021482,44.066656494140624,10.98765106201172,18.118981933593748,72.75820312500001,494.66050998241445,0,169,121,290,145.9314926147461,0.2490300908368497,4.01056206112009,1.39669421486449,0.5032120434973893,3.3896762180382187
1157,0.0,1.791759469228055,5.236441962829949,5.0689042022202315,6.80903930604298,4.276666119016055,124.18978271484376,17.315098068237305,129.01849365234375,209.5137451171875,951.3067029634108,0,1092,234,1326,480.0371195526123,0.6157996630701433,7.172340706258216,4.666666666646724,0.3620189438553923,1.9817357121216648
1158,0.0,1.6094379124341003,6.840546529288687,4.394449154672439,5.8916442118257715,3.871201010907891,70.7860107421875,20.67669259643555,136.70321044921874,154.74027099609376,701.8947115126426,1,1295,131,1426,382.90618478393554,0.8834365454341633,3.4234687394330567,9.885496183130646,0.2685176611386164,1.833072275672098
1159,3.6635616461296463,1.3862943611198906,4.976733742420574,4.859812404361672,0.6931471805599453,3.6888794541139363,109.23398437499998,18.68009953308106,18.58095703125,159.9158935546875,582.0226944235117,0,183,170,353,306.41093449401853,0.1161920595764895,5.847612544874675,1.076470588228962,0.868019644456517,1.8994840878727648
1160,3.6635616461296463,0.6931471805599453,5.170483995038151,3.7612001156935624,6.828712071641684,3.091042453358316,74.94955444335938,18.17473045349121,131.51156616210935,131.55926513671875,727.6684269014962,0,1136,64,1200,356.1951161956787,0.9996374335508832,4.1238330676226544,17.749999999722654,0.2968292634961515,2.0428927680740654
1161,0.0,1.6094379124341003,5.476463551931511,4.143134726391533,3.6888794541139363,3.4011973816621555,84.04013671875,20.471135055542,43.16121826171874,121.0031982421875,487.5382076365045,0,277,95,372,268.6756882781982,0.3566948550812269,4.105299314699853,2.915789473653518,0.7222464738641827,1.814597408344116
1162,3.6635616461296463,1.791759469228055,4.882801922586371,4.574710978503383,3.295836866004329,3.1354942159291497,81.8595703125,14.691997833251952,21.97567749023437,107.46947021484377,549.7335301759334,0,195,123,318,225.99671585083007,0.2044829796415483,5.571711297265374,1.5853658536456474,0.7106814963840232,2.432484596529953
1163,3.6635616461296463,1.6094379124341003,5.476463551931511,4.61512051684126,4.2626798770413155,3.6109179126442243,43.308764648437496,9.70460417175293,27.25812377929688,70.83218994140624,572.9420816361953,0,346,140,486,151.10368254089354,0.3848267828717494,4.462702844700567,2.4714285714109185,0.3109129270382358,3.791714880789533
1164,0.0,1.791759469228055,6.927557906278317,4.6913478822291435,4.812184355372417,3.4657359027997265,34.065252685546874,10.812370559692384,51.36047973632813,82.90118408203126,632.7515531421797,1,1141,144,1285,179.13928706359866,0.6195385542972107,3.150581317420688,7.923611111056086,0.1394080054968554,3.532176350093466
1165,0.0,1.791759469228055,5.5053315359323625,4.6913478822291435,0.6931471805599453,3.8066624897703196,57.156976318359376,11.172267150878906,18.7020263671875,83.890869140625,553.2724143040601,0,246,157,403,170.9221389770508,0.2229328001789401,5.115969349940487,1.5668789808817398,0.4241244143340612,3.236985083454341
1166,3.6635616461296463,2.0794415416798357,6.721425700790643,4.718498871295094,5.598421958998375,4.477336814478207,35.91194458007813,12.19250555419922,82.40679931640625,116.19763183593751,777.1732957123631,1,1136,205,1341,246.7088812866212,0.7091951704493373,2.945411377300073,5.541463414607115,0.1839738115484244,3.1501634300968258
1167,3.6635616461296463,2.0794415416798357,4.454347296253507,4.844187086458591,2.3978952727983707,4.174387269895637,64.10242309570313,13.73264781188965,18.306958007812497,110.26296386718752,550.055205229343,0,133,197,330,206.4049927825928,0.1660299829206234,4.6678851718264935,0.6751269035498725,0.6254696750968707,2.664931685087935
1168,0.0,1.3862943611198906,5.135798437050262,4.762173934797756,3.1354942159291497,3.8066624897703196,44.63091430664063,8.646235061645509,16.865277099609376,77.83916015625,618.1872297934727,0,191,163,354,147.9815866241455,0.2166682819488068,5.161889999898384,1.1717791410971057,0.4180270808579872,4.177460479319043
1169,0.0,1.0986122886681098,5.375278407684165,4.700480365792417,3.6888794541139363,3.5263605246161616,93.23585815429688,16.952941177368167,31.03038940429688,140.566259765625,595.1366791169836,0,254,144,398,281.7854485015869,0.2207527571396937,5.49968628884675,1.7638888888766395,0.7080036394494446,2.112020625193923
1170,4.3694478524670215,1.6094379124341003,5.0106352940962555,5.332718793265369,2.1972245773362196,4.499809670330265,116.16377563476564,16.634114181518555,25.306677246093745,202.5945556640625,747.6840114815284,0,235,299,534,360.69912272644046,0.1249129186271509,6.9834662886255,0.7859531772548966,0.6754665219583614,2.0728744939213786
1171,3.7612001156935624,2.0794415416798357,7.02197642307216,4.962844630259907,5.043425116919247,4.584967478670572,78.920947265625,20.831291107177734,126.60666503906248,215.60504150390625,796.2105968992247,1,1316,246,1562,441.9639449157714,0.5872156984612137,3.788576850843538,5.349593495913213,0.282947467935652,1.801528396279392
1172,0.0,1.9459101490553132,5.765191102784844,5.135798437050262,6.089044875446846,3.6635616461296463,108.75904541015623,15.475638244628907,65.28345336914063,171.21551513671875,802.7518040067911,0,758,213,971,360.7336521606445,0.3812940276856878,7.027758318198942,3.5586854459926824,0.3715073657675314,2.225331069603339
1173,0.0,1.0986122886681098,6.51471269087253,4.532599493153256,5.983936280687191,4.2626798770413155,32.48536376953125,12.69206671142578,80.16860961914062,97.19739990234376,680.7602167662435,1,1070,164,1234,222.5434400024414,0.8248019977783653,2.5595014985012208,6.524390243862657,0.1803431442481856,3.058999253160265
1174,3.6635616461296463,1.3862943611198906,5.733341276897746,4.5217885770490405,7.307202314764738,4.248495242049359,74.8491943359375,13.645134796142578,141.91397094726562,140.1497314453125,972.7185433789954,0,1836,163,1999,370.5580315246582,1.0125882474603882,5.485412599339923,11.263803680912492,0.1853717016130429,2.6250100136114374
1175,3.7376696182833684,2.0794415416798357,5.529429087511423,4.718498871295094,7.017506142941256,4.127134385045092,104.97255249023436,17.402710876464845,174.24107666015624,200.57559814453128,1009.1665900644202,0,1407,179,1586,497.1919381713868,0.8687052576242722,6.03196555004345,7.860335195486814,0.3134879811923539,2.029732408320992
1176,0.0,1.9459101490553132,4.969813299576001,4.997212273764115,3.871201010907891,4.406719247264253,102.0251953125,17.14536602783203,24.40343627929687,170.46335449218753,648.2534933854101,0,190,234,424,314.0373521118164,0.1431594277365469,5.950598846413204,0.8119658119623421,0.7406541323374428,2.064256016120427
1177,0.0,1.3862943611198906,6.274762021241939,4.276666119016055,7.68017564043659,2.302585092994046,127.09775390625,18.262238479614258,324.6123779296875,217.207470703125,1298.288112920895,0,2694,83,2777,687.1798410186768,1.4944807233258888,6.959593373023076,32.457831324910146,0.2474540298950051,1.8892988929861805
1178,4.04305126783455,2.0794415416798357,4.890349128221754,4.983606621708336,1.3862943611198906,4.31748811353631,114.76796264648438,19.28463739013672,24.98966674804688,181.88345947265628,625.6765162699526,0,191,226,417,340.9257262573243,0.137393839001981,5.951263708968264,0.8451327433590924,0.8175676888645246,1.835228227381904
1179,0.0,1.3862943611198906,5.58724865840025,4.61512051684126,2.995732273553991,3.871201010907891,56.81024780273437,10.704070770263671,27.00164794921875,92.3109375,628.020516105868,0,285,150,435,186.8269040222168,0.2925075693108007,5.307349793991284,1.8999999999873327,0.4294871356822696,3.361510053326284
1180,0.0,1.9459101490553132,5.4116460518550396,4.663439094112067,5.313205979041787,3.6635616461296463,59.07980346679688,12.183683898925782,42.76296386718749,95.39703369140626,626.0161242474002,0,425,149,574,209.42348492431643,0.4482630351491891,4.849091945594285,2.852348993269448,0.3648492768709958,2.989235540945405
1181,3.6635616461296463,1.9459101490553132,5.4638318050256105,3.912023005428146,3.5263605246161616,3.4657359027997265,43.453454589843744,12.824017318725588,27.44291381835937,67.97845458984375,448.0277241550248,0,306,86,392,151.69884031677245,0.4037001721138825,3.388443223872188,3.558139534842347,0.3869868375417996,2.953402433509148
1182,3.6635616461296463,1.3862943611198906,5.820082930352362,3.970291913552122,7.212294468500341,2.995732273553991,105.88650512695312,20.11739566040039,204.2822021484375,172.53394775390623,900.4977548778488,0,1729,74,1803,502.82005068969727,1.1840116383277302,5.263430063669696,23.364864864549123,0.2788796731499824,1.790894682184775
1183,0.0,1.791759469228055,5.093750200806762,4.700480365792417,4.1588830833596715,3.7376696182833684,47.22050170898437,10.87106350708008,31.86194458007812,86.93049316406251,600.6357522279792,0,225,155,380,176.88400296020507,0.3665220732105944,4.343687411437439,1.451612903216441,0.4654842183151041,3.3956476683745853
1184,0.0,1.3862943611198906,5.552959584921617,4.634728988229636,3.332204510175204,3.7376696182833684,95.43142089843748,18.029058380126955,28.15658569335937,135.01713867187502,552.3581491073061,0,284,146,430,276.63420364379886,0.2085408265211299,5.293200503379383,1.945205479438732,0.6433353573096641,1.996709524092472
1185,3.6635616461296463,1.3862943611198906,6.133398042996649,4.941642422609304,6.852242569051878,3.367295829986474,84.95985717773438,11.640184112548829,122.03470458984374,125.77606201171876,1012.16622,0,1443,170,1613,344.4108078918457,0.9702538196616722,7.298841354136626,8.488235294067717,0.2135218895794371,2.938834080708956
1186,3.6888794541139363,1.791759469228055,5.087596335232384,4.663439094112067,4.736198448394496,4.189654742026425,66.69415283203124,14.775703765869144,43.26476440429687,123.70718994140626,617.8613586065574,0,313,175,488,248.4418109436035,0.3497352451740229,4.513771654083669,1.7885714285612082,0.5091020716047017,2.4869459623457884
1187,0.0,1.791759469228055,4.890349128221754,4.465908118654584,4.127134385045092,3.1354942159291497,86.61209106445312,18.67457102966309,26.56994018554687,118.75015869140626,491.49403540220254,0,193,113,306,250.6067609710693,0.2237465657150818,4.637969510637682,1.7079646017547967,0.818976343040034,1.961216183856192
1188,0.0,2.1972245773362196,5.407171771460119,4.532599493153256,6.78105762593618,3.9512437185814275,78.38552856445312,14.407549346923828,115.76458740234376,145.0447998046875,880.1249963539689,0,1102,151,1253,353.6024651184082,0.7981298713047995,5.440587199914656,7.298013244984782,0.2822046808604357,2.4890239270723384
1189,3.713572066704308,1.0986122886681098,5.2574953720277815,4.2626798770413155,3.258096538021482,4.060443010546419,80.93540039062499,20.69756918334961,41.63351440429687,129.38540039062502,491.97450148678416,0,256,129,385,272.6518843688965,0.3217790745963619,3.910381923101578,1.9844961240156245,0.708186712644645,1.8044052863369944
1190,3.7376696182833684,1.6094379124341003,7.011213987350367,4.74493212836325,5.823045895483019,4.02535169073515,51.79669189453125,14.728486953735354,97.4671875,128.44735107421874,750.6983674500589,1,1486,173,1659,292.4397174224854,0.7588104128587536,3.516769377174761,8.589595375672893,0.176274694045997,2.567019193097372
1191,0.0,1.791759469228055,4.6443908991413725,4.844187086458591,3.367295829986474,3.1354942159291497,90.65978393554688,16.72620767211914,17.744622802734373,131.18232421875,549.771707337828,0,131,153,284,256.3129386291504,0.1352668730964811,5.420223502381066,0.8562091503212013,0.902510347282563,2.1449237415639297
1192,0.0,5.459585514144159,3.828641396489095,8.411610428841172,0.0,7.789040401657477,174.51040649414062,19.58454373168945,5.201202392578125,8589.509326171876,14758.203235062008,0,45,7145,7190,8788.805478790284,0.0006055296286517,8.910618949108189,0.006298110566829,1.222365156994306,1.679204673567504
1193,3.6888794541139363,1.9459101490553132,5.638354669333745,4.9344739331306915,1.3862943611198906,3.332204510175204,102.26332397460938,17.43570726013184,45.62083740234375,150.9863525390625,643.4118974175926,0,322,171,493,316.30622117614746,0.3021520596720077,5.865166376277584,1.8830409356615028,0.6415947691186732,2.0341424048604138
1194,0.0,1.0986122886681098,5.0689042022202315,4.68213122712422,0.6931471805599453,3.367295829986474,109.9828125,19.86924668884277,19.401361083984373,151.34091796875,541.1424720085705,0,159,137,296,300.59433824157713,0.1281964015036721,5.535328752862261,1.160583941597368,1.0155214129748704,1.8002417316718489
1195,0.0,2.1972245773362196,6.54965074223381,4.672828834461906,5.8971538676367405,4.7535901911063645,65.275927734375,21.002130844116213,142.00477294921876,181.02114257812505,745.11514575,1,1061,229,1290,409.303974105835,0.784465123388269,3.1080621397782653,4.633187772905532,0.317289902407378,1.8204444444399968
1196,3.8501476017100584,1.791759469228055,5.484796933490655,5.111987788356544,6.97166860472579,4.48863636973214,134.32928466796872,18.872379684448244,141.71325073242187,221.579296875,940.3535024724968,0,1351,258,1609,516.4942119598388,0.6395599802436746,7.117771415522378,5.236434108506836,0.3210032392538954,1.8206467385229776
1197,3.6888794541139363,1.3862943611198906,4.983606621708336,4.454347296253507,0.6931471805599453,3.1354942159291497,104.09996337890624,20.434740737915043,26.1191162109375,125.92236328125,489.7248667729385,0,185,110,295,276.5761836090088,0.2074223793941393,5.094263964928253,1.6818181818028926,0.937546385112106,1.7706689722188222
1198,0.0,1.3862943611198906,4.74493212836325,4.820281565605037,2.9444389791664403,4.189654742026425,83.33876953125,18.886819656372072,20.23928833007812,142.67988281249998,517.2817043641343,0,132,191,323,265.14476033020014,0.1418510299488635,4.412535887095235,0.6910994764361723,0.8208816109268708,1.9509407001593488
1199,0.0,1.6094379124341003,4.718498871295094,4.356708826689592,3.9889840465642745,3.4657359027997265,86.57418823242188,18.40717208862305,24.69973754882812,124.6142578125,505.07638592556674,0,164,112,276,254.29535568237304,0.1982095627114692,4.703285643818566,1.4642857142726402,0.921359984353086,1.986180143039832
1200,3.6888794541139363,1.3862943611198906,5.25227342804663,4.927253685157205,4.406719247264253,3.1780538303479458,114.62178955078126,18.471378570556645,39.87960205078125,161.206787109375,636.0961796688933,0,310,163,473,334.1795572814941,0.2473816566015704,6.205372766669559,1.9018404907858784,0.7065106919255552,1.903456288115129
1201,4.060443010546419,1.3862943611198906,5.556828061699537,4.110873864173311,2.1972245773362196,3.5553480614894135,76.5525146484375,18.785031326293943,37.56813354492187,119.347412109375,499.2648771744383,0,323,97,420,252.25309162902832,0.3147796242969899,4.075186956819687,3.329896907182166,0.6006025991153041,1.9792220342999576
1202,0.0,1.791759469228055,4.787491742782046,5.272999558563747,6.787844982309579,4.653960350157523,61.59375,9.757129943847657,52.03273315429687,121.6090576171875,880.4474483439352,0,1005,303,1308,244.99267071533205,0.4278688954046709,6.3126913701221286,3.3168316831573703,0.1873032650727406,3.5937705637054456
1203,0.0,1.6094379124341003,6.922643891475888,4.543294782270004,5.958424693029782,4.23410650459726,64.790771484375,18.845296005249025,132.79235229492187,158.97095947265623,754.7605141428395,1,1400,165,1565,375.3993792572021,0.8353245947221415,3.438034163161493,8.484848484797062,0.2398718078319247,2.010553442134784
1204,4.0943445622221,1.791759469228055,5.488937726156687,5.209486152841421,0.6931471805599453,4.394449154672439,70.2652587890625,10.756796127319337,23.37116088867188,119.95843505859376,727.2286967553665,0,301,267,568,224.35165086364748,0.1948271572320978,6.53217351624576,1.1273408239658151,0.3949853008155853,3.2414679987984907
1205,3.6635616461296463,0.0,5.14166355650266,3.5263605246161616,6.8885724595653635,3.295836866004329,29.623370361328124,9.203196853637696,48.19833984374999,52.313891601562496,576.1329658675079,0,1188,59,1247,139.33879866027831,0.9213296577115876,3.2188130743286503,20.135593219997705,0.1117392130394278,4.134763406910389
1206,0.0,0.6931471805599453,5.71042701737487,4.1588830833596715,5.1647859739235145,3.784189633918261,87.2048583984375,18.92291459655761,66.39219360351562,126.81394042968752,579.771454397683,0,475,107,582,299.33390702819827,0.5235401831851719,4.608426357834593,4.43925233640711,0.5143194278826185,1.9368719706756432
1207,3.6635616461296463,1.0986122886681098,5.293304824724492,4.762173934797756,3.6375861597263857,3.713572066704308,91.4209716796875,17.03555438232422,32.225152587890626,133.667724609375,578.6483809217301,0,273,158,431,274.3494032592773,0.241084021455613,5.366480574836927,1.7278481012548872,0.6365415388831572,2.1091658084372145
1208,3.6635616461296463,1.3862943611198906,5.4510384535657,4.23410650459726,2.1972245773362196,3.332204510175204,78.46265258789062,17.300787826538087,32.551721191406244,113.454052734375,513.2016334456176,0,278,98,376,241.76921434021,0.2869154552577442,4.535206914855039,2.8367346938486047,0.6430032296265078,2.122692232938036
1209,0.0,2.0794415416798357,6.93537044601511,4.663439094112067,4.955827057601261,3.8918202981106265,72.39127807617187,21.52433990478516,126.98739624023436,154.61806640625,662.4178924418604,1,1168,160,1328,375.5210806274414,0.8212972726341116,3.3632287165617125,7.299999999954376,0.2827718980626194,1.7639965546895318
1210,0.0,1.3862943611198906,5.424950017481403,4.653960350157523,1.0986122886681098,4.007333185232471,109.778466796875,20.37784405517578,25.781396484375,162.0157470703125,560.295713578919,0,228,161,389,317.9534544067383,0.1591289547492388,5.387148242681991,1.4161490683141855,0.8173610653108507,1.7621941382036537
1211,4.07753744390572,2.0794415416798357,7.020190708311925,4.762173934797756,4.584967478670572,4.770684624465665,49.2018310546875,16.7635400390625,96.40464477539062,146.94327392578128,708.9303965866966,1,1273,240,1513,309.3132897949219,0.6560670808479946,2.935050170614444,5.304166666644567,0.2044370719066209,2.2919493599981857
1212,3.6635616461296463,2.0794415416798357,5.996452088619021,4.969813299576001,7.094234845924755,4.7535901911063645,50.25800170898438,8.73631773376465,76.99053955078124,101.619140625,967.5416750963092,0,1643,265,1908,237.60399961853028,0.7576381681295447,5.752767153716427,6.199999999976604,0.1245303981228541,4.072076550250042
1213,0.0,1.3862943611198906,5.783825182329737,4.77912349311153,0.6931471805599453,4.060443010546419,120.33045043945312,21.23756625366212,39.091058349609376,165.268798828125,580.7051522028688,0,325,178,503,345.9278738708496,0.2365301776654556,5.6659246637094265,1.825842696618956,0.6877293715112561,1.6786885245853114
1214,0.0,1.0986122886681098,5.521460917862246,5.0369526024136295,3.6109179126442243,4.454347296253507,67.92319335937499,12.025976852416992,18.499713134765624,114.56422119140623,631.7325920445288,0,285,240,525,213.01310453796384,0.1614789760905899,5.648039588574103,1.1874999999950522,0.4057392467382059,2.965698253221664
1215,4.343805421853684,1.6094379124341003,4.997212273764115,5.3706380281276624,2.772588722239781,4.836281906951478,139.96724853515624,20.335257614135745,18.211376953125,240.84459228515627,712.8463205633657,0,238,343,581,419.35847538757326,0.0756146392171737,6.882983790231266,0.6938775510183852,0.7217873930926876,1.699849561649731
1216,4.007333185232471,2.1972245773362196,7.213031659834869,5.123963979403259,6.343880434126331,5.017279836814924,94.81261596679688,19.600929656982423,163.00552368164062,264.41630859375005,1008.6843349051246,1,1978,325,2303,541.83537789917,0.6164730328017184,4.837148932279582,6.08615384613512,0.2352737203208574,1.8616066356061545
1217,0.0,1.9459101490553132,5.87493073085203,4.897839799950911,6.598509028614515,3.7376696182833684,107.56181030273436,16.359689849853517,76.7898193359375,158.23601074218752,764.261606042885,0,1088,180,1268,358.94733023071285,0.485286623286814,6.574807425039458,6.044444444410865,0.2830814907180045,2.12917478881798
1218,0.0,1.3862943611198906,6.626717749249025,4.553876891600541,4.90527477843843,4.394449154672439,47.23154296875,18.697583175659183,103.17974853515624,140.304638671875,643.1247704091342,1,888,177,1065,309.41351335144043,0.7353979847788447,2.526077435917532,5.016949152514028,0.2905291205175116,2.078528385657729
1219,3.713572066704308,1.6094379124341003,5.0689042022202315,4.6443908991413725,6.777646593635117,4.394449154672439,89.87684326171875,18.23250032043457,123.67073364257811,172.82310791015627,806.499006660989,0,1075,187,1262,404.60318513488767,0.7155914225669054,4.929485351828424,5.748663101573537,0.3206047425788962,1.99330859540842
1220,3.8066624897703196,1.6094379124341003,5.455321115357702,4.795790545596741,6.812345094177479,4.553876891600541,94.3582763671875,16.408817687988282,133.8708251953125,185.7544189453125,933.1147371973004,0,1185,218,1403,430.3923381958008,0.7206871629471405,5.750461621041104,5.435779816488827,0.306765743546325,2.168056106915698
1221,0.0,2.1972245773362196,5.44673737166631,5.209486152841421,2.1972245773362196,4.812184355372417,108.1740234375,16.955266342163085,29.95032348632812,181.096875,694.0855124125765,0,239,312,551,336.1764882659912,0.1653828840843484,6.379966038169568,0.7660256410231858,0.6101206683582234,2.0646462100625373
1222,0.0,1.0986122886681098,5.929589143389895,4.454347296253507,7.078341579557671,2.302585092994046,120.95700073242188,20.661354492187503,186.51527709960936,181.2380126953125,874.7033887433183,0,1560,96,1656,509.3716450195312,1.0291178672993926,5.854262883505727,16.249999999830727,0.3075915730792413,1.7172204171436785
1223,3.9512437185814275,2.0794415416798357,5.030437921392435,5.017279836814924,1.3862943611198906,4.543294782270004,102.56127319335938,18.820183227539065,22.95060424804688,174.64068603515625,607.6801723255815,0,206,250,456,318.9727467041016,0.1314161365771053,5.449536380593506,0.823999999996704,0.6995016375074607,1.9051162790637948
1224,0.0,1.6094379124341003,5.030437921392435,4.762173934797756,0.6931471805599453,4.61512051684126,111.58709106445312,20.720281951904298,22.63677978515625,171.41689453125,565.6211349764636,0,153,220,373,326.36104733276363,0.1320568771644467,5.385404084658815,0.6954545454513843,0.8749625933830796,1.7331147194107788
1225,0.0,1.6094379124341003,5.365976015021851,4.653960350157523,6.851184927493743,3.6109179126442243,112.07076416015624,17.759404129028322,140.65389404296874,177.69924316406252,885.0229332590093,0,1157,144,1301,448.18330549621584,0.791527817101152,6.310502499949446,8.034722222166426,0.3444913954618535,1.974689646855905
1226,3.7376696182833684,1.6094379124341003,5.54907608489522,3.871201010907891,6.646390514847729,2.833213344056216,96.34866943359374,19.661917831420897,108.33475341796876,140.16522216796875,674.2468034716343,0,1066,67,1133,364.51056285095217,0.7729075140149355,4.900268135325164,15.91044776095656,0.3217215912185617,1.849731865645504
1227,3.4965075614664802,2.4849066497880004,5.602118820879701,4.060443010546419,2.6390573296152584,3.8501476017100584,38.39276733398437,10.190094589233398,23.71047363281249,60.99558105468751,490.4122186728048,0,315,114,429,133.28891661071776,0.3887244489263148,3.767655637935055,2.763157894712604,0.3106967753156342,3.6793173141426174
1228,0.0,2.1972245773362196,4.890349128221754,4.919980925828125,6.855408798609928,4.48863636973214,94.87836914062498,14.667219360351565,114.3213134765625,165.00201416015625,926.0506281976744,0,1080,232,1312,388.8689161376953,0.6928479876912637,6.468735948044215,4.655172413773038,0.2963939909583833,2.3813953488310857
1229,0.0,1.3862943611198906,4.941642422609304,4.465908118654584,3.1780538303479458,3.713572066704308,46.296496582031246,9.687035705566409,16.248779296874996,71.126513671875,540.0140229911484,0,162,129,291,143.35882525634764,0.2284489771508606,4.779222249655684,1.2558139534786372,0.4926420111885052,3.766869755117994
1230,3.784189633918261,2.1972245773362196,5.030437921392435,5.262690188904886,3.332204510175204,4.624972813284271,111.19108886718747,17.927479614257816,25.577490234375,180.2793090820313,657.0770938042502,0,222,301,523,334.9753677978516,0.1418770149745513,6.202271108569794,0.7375415282367523,0.6404882749468664,1.9615683926909413
1231,3.713572066704308,2.1972245773362196,5.3706380281276624,4.8283137373023015,6.856461984594587,3.4011973816621555,51.382232666015625,9.58740788269043,79.95833129882813,100.11826171875002,903.5235622855184,0,1203,161,1364,241.04623356628423,0.7986388289745445,5.359345642676186,7.472049689394584,0.1767201125851228,3.7483413406387625
1232,0.0,1.3862943611198906,5.476463551931511,4.189654742026425,6.53813982376767,3.1780538303479458,79.74986572265624,14.819323059082032,88.41566162109373,120.46102294921874,735.397853561127,0,928,91,1019,303.44587335205074,0.7339773435066382,5.381478317148907,10.197802197690134,0.2977879031911216,2.4234893868716822
1233,0.0,2.0794415416798357,5.159055299214529,4.68213122712422,0.6931471805599453,4.007333185232471,76.62420043945313,17.333275268554686,25.72245483398437,128.15819091796877,526.7323624335194,0,174,168,342,247.83812145996097,0.2007086293083525,4.420641756843322,1.0357142857081207,0.7246728697638488,2.1253080814546497
1234,3.6635616461296463,0.0,5.389071729816501,4.174387269895637,4.189654742026425,4.07753744390572,82.06523437499999,22.18455697631836,40.3925537109375,134.08597412109378,471.8868283647637,0,321,122,443,278.72831918334964,0.3012436906648977,3.699205463462896,2.6311475409620395,0.6291835647465474,1.6929992250003845
1235,3.5263605246161616,2.4849066497880004,7.088408778675395,4.795790545596741,3.9318256327243257,4.736198448394496,47.63743286132813,14.6144091796875,80.42030639648436,134.4904541015625,722.1168927407172,1,1280,244,1524,277.1626025390625,0.5979629330060541,3.2596208490097265,5.245901639322763,0.181865224763045,2.605390792707464
1236,0.0,1.3862943611198906,4.672828834461906,4.736198448394496,0.6931471805599453,3.713572066704308,114.55570678710936,21.36499127197266,17.547088623046875,154.77125244140626,518.4199986655033,0,107,156,263,308.2390391235351,0.1133743401706756,5.361841964898234,0.6858974358930392,1.1720115555983388,1.681876507719227
1237,0.0,5.7899601708972535,4.5217885770490405,8.144679183447758,0.0,8.089175678837561,161.19926147460936,16.852510025024415,10.397625732421874,7499.549377441407,14771.92118262578,0,91,7028,7119,7687.998774673463,0.0013864333987447,9.565296874215065,0.0129482071713128,1.079926783912401,1.9214260584024707
1238,4.07753744390572,2.0794415416798357,5.093750200806762,4.6443908991413725,4.553876891600541,4.174387269895637,101.47890014648438,18.7228356628418,37.16510009765624,195.1504028320313,675.5137356140351,0,314,174,488,352.5172387390137,0.1904433685922459,5.420060399422509,1.8045977011390544,0.7223713908571544,1.916257309936085
1239,0.0,1.9459101490553132,4.941642422609304,4.7535901911063645,4.204692619390966,4.5217885770490405,59.25300292968749,13.286081451416017,26.056988525390626,144.5490966796875,673.375669117647,0,205,212,417,243.1451695861816,0.1802639319355357,4.4597801949281735,0.9669811320709104,0.5830819414522747,2.769438809995372
1240,0.0,2.1972245773362196,6.470799503782602,4.1588830833596715,7.038783541388542,4.543294782270004,60.01962890625,17.37325213623047,221.60786132812493,221.82542724609377,1135.415602820837,1,1784,164,1948,520.8261696166992,0.9990192020740416,3.454714663216644,10.878048780421476,0.2673645634581272,2.1800279422484925
1241,3.6635616461296463,2.1972245773362196,5.924255797414532,4.605170185988092,6.856461984594587,4.499809670330265,86.58028564453124,14.583932556152345,150.10048828125,184.6958862304688,1058.2677755389288,0,1360,196,1556,435.9605927124024,0.812689937734388,5.936689936355335,6.93877551016868,0.2801803295065053,2.42743906955514
1242,4.007333185232471,2.302585092994046,5.517452896464707,4.189654742026425,5.293304824724492,3.828641396489095,54.62523193359375,12.95181655883789,37.65097045898437,121.2854736328125,647.6783704188482,0,500,119,619,226.5134925842285,0.3104326456493951,4.21757300848287,4.201680672233599,0.3659345599093095,2.8593368237221064
1243,0.0,1.9459101490553132,5.916202062607435,4.406719247264253,6.878326468291325,3.8066624897703196,100.1313720703125,17.34843374633789,183.94096069335936,203.53088378906247,1034.8524408655949,0,1340,131,1471,504.9516502990722,0.9037496288921456,5.771781679465883,10.229007633509704,0.3432710063213657,2.0494089686619
1244,0.0,1.791759469228055,5.170483995038151,4.330733340286331,4.127134385045092,3.9889840465642745,32.816271972656246,9.233229400634766,21.080401611328124,95.37982177734376,647.3138909521437,0,236,133,369,158.5097247619629,0.2210153176876084,3.554148883904698,1.7744360902122225,0.4295656497602529,4.083748753713021
1245,3.8066624897703196,1.9459101490553132,6.26530121273771,4.770684624465665,7.340835554123275,4.143134726391533,90.2909729003906,11.41968264770508,168.1987609863281,185.448046875,1343.7638113292503,0,2110,185,2295,455.35746340942376,0.906985885371952,7.906609638633786,11.405405405343757,0.1984128380868084,2.95100864552666
1246,0.0,1.3862943611198906,5.017279836814924,4.204692619390966,5.41610040220442,4.143134726391533,73.97429809570312,18.11754936218262,49.06653442382813,162.8212646484375,623.6416890495868,0,374,131,505,303.9796465301514,0.3013521270054675,4.083018989644879,2.854961832039275,0.6019398941179197,2.0515902829884927
1247,0.0,2.1972245773362196,5.652489180268651,4.584967478670572,7.388946097618437,4.2626798770413155,118.6821716308594,17.13321629333496,242.50665893554685,265.3578002929688,1297.256979611292,0,1901,175,2076,643.6798471527101,0.9138855487454788,6.927022316884031,10.86285714279507,0.3100577298421965,2.015376099387975
1248,0.0,1.9459101490553132,6.726233402358747,4.356708826689592,6.0014148779611505,4.290459441148391,26.3322509765625,10.225451065063478,60.711492919921874,118.57459716796876,819.1764397150799,1,1236,155,1391,215.8437921295166,0.5120109565576514,2.575167668050824,7.974193548335651,0.1551716693956588,3.7952281676914734
1249,3.912023005428146,2.302585092994046,5.3612921657094255,4.736198448394496,1.0986122886681098,4.465908118654584,98.060888671875,17.94381564331055,36.51036987304687,201.09195556640623,706.2226580727738,0,263,208,471,353.6070297546387,0.1815605689945591,5.46488498409017,1.264423076916998,0.7507580249551761,1.9971963186388328
1250,3.713572066704308,0.6931471805599453,6.124683390894205,3.2188758248682006,7.288244401020124,2.995732273553991,85.27642822265625,16.4982566986084,252.47894897460927,180.380859375,1170.267406513026,0,1958,44,2002,534.634493270874,1.3996992244522046,5.168814485998412,44.49999999898864,0.2670501964388646,2.188911155640528
1251,0.0,1.6094379124341003,5.53338948872752,3.871201010907891,2.302585092994046,4.07753744390572,63.80744018554688,17.0366570892334,31.468469238281248,127.86042480468753,528.790470973594,0,261,109,370,240.17299131774905,0.2461157882597732,3.745302840081565,2.394495412822069,0.6491161927489187,2.2017066451564578
1252,3.784189633918261,3.367295829986474,5.700443573390687,4.174387269895637,5.1298987149230735,4.30406509320417,52.30903930664062,13.548460830688477,43.14369506835937,126.28897705078128,649.4262436404988,0,509,165,674,235.29017225646976,0.3416267680327278,3.8608842699161134,3.084848484829789,0.3490952110624936,2.76010781669986
1253,3.8501476017100584,1.3862943611198906,6.297109319933935,4.143134726391533,7.682943169878292,3.784189633918261,125.66370849609372,16.30466427612305,327.82868041992185,244.553759765625,1483.857206909667,0,2758,108,2866,714.3508129577635,1.3405178506875757,7.707224531596858,25.537037036800584,0.2492501091966204,2.0772107765422585
1254,0.0,1.6094379124341003,6.661854740545311,4.204692619390966,2.302585092994046,4.007333185232471,46.29567260742187,19.615798736572263,86.12171630859375,163.5579345703125,628.1915862592637,1,790,124,914,315.5911222229004,0.5265517477603266,2.3601217175391773,6.370967741884105,0.3452856917095788,1.9905236301722853
1255,0.0,1.6094379124341003,5.19295685089021,4.6443908991413725,5.393627546352362,4.174387269895637,84.60752563476562,16.901992126464847,46.785333251953126,181.14506835937505,706.9474314341848,0,398,171,569,329.4399193725586,0.2582755008205748,5.005772396336811,2.327485380103348,0.5789805261370469,2.1459070071971538
1256,4.110873864173311,2.1972245773362196,6.716594773520978,4.382026634673881,5.181783550292085,4.418840607796598,48.56753540039062,19.160610305786133,116.03380737304688,185.06594238281247,747.927005291169,1,1062,169,1231,368.8278954620361,0.6269862832589788,2.534759312086704,6.28402366860187,0.2996164869713538,2.027848257931256
1257,3.6888794541139363,2.0794415416798357,5.4638318050256105,4.499809670330265,6.591673732008658,4.477336814478207,85.647216796875,17.950681365966798,134.5590087890625,220.58616943359377,932.6855572997456,0,1002,183,1185,458.74307638549806,0.6100065526953209,4.771251577919751,5.475409836035654,0.3871249589747771,2.033132717002456
1258,0.0,2.302585092994046,5.493061443340548,4.68213122712422,5.272999558563747,4.770684624465665,46.473486328125,10.841185638427731,38.94450073242187,132.88802490234374,781.4231835778957,0,436,233,669,229.1471976013184,0.2930625296052688,4.28675311666171,1.871244635185102,0.3425219695081851,3.410136330508586
1259,0.0,1.791759469228055,5.0689042022202315,4.51085950651685,4.31748811353631,4.406719247264253,55.64844360351562,12.393068481445315,28.04348144531249,121.69683837890626,646.1676084751901,0,232,176,408,217.7818319091797,0.2304372226809044,4.490287750958627,1.3181818181743286,0.5337789997760929,2.967040927186666
1260,4.382026634673881,2.70805020110221,5.3230099791384085,4.969813299576001,5.476463551931511,4.330733340286331,75.89053344726562,11.117396255493166,49.6001953125,175.60111083984376,972.2011061959516,0,521,232,753,312.2092358551025,0.2824594621013257,6.826286631902809,2.2456896551627343,0.4146204991430118,3.113940891370811
1261,4.248495242049359,2.302585092994046,7.053585727193677,4.795790545596741,5.91350300563827,4.844187086458591,28.50853271484375,10.046957244873049,57.61148071289062,138.90358886718752,901.3330324128248,1,1594,255,1849,235.0705595397949,0.4147587631271428,2.837529016713402,6.250980392132349,0.1271338883394634,3.8343084483806
1262,0.0,2.3978952727983707,5.236441962829949,4.919980925828125,2.995732273553991,4.1588830833596715,90.87253417968748,16.018090209960935,26.764288330078124,185.77335205078128,710.833642105263,0,206,209,415,319.4282647705078,0.1440695774419682,5.673119141101153,0.985645933009638,0.7697066620957544,2.225331069602541
1263,0.0,1.6094379124341003,6.202535517187923,4.110873864173311,7.309212365692763,4.499809670330265,56.68698120117188,17.615533309936524,232.48498535156247,219.30904541015627,1138.497661834632,1,1986,153,2139,526.0965452728271,1.0600793273971176,3.218011070148982,12.980392156777906,0.2459544391176162,2.164047021525407
1264,3.6888794541139363,1.791759469228055,5.497168225293202,4.23410650459726,7.1929342212158,4.204692619390966,63.90598754882812,12.07045935058594,174.23151855468748,158.33411865234376,1218.3388252639245,0,1611,139,1750,408.5420841064453,1.1004041329598042,5.294412224703901,11.589928057470576,0.2334526194892639,2.982162358929723
1265,3.7376696182833684,1.6094379124341003,5.594711379601839,4.394449154672439,7.275864600546533,4.634728988229636,111.25189819335937,18.85205195617676,243.68389892578125,260.61936035156253,1192.5341577845345,0,1753,186,1939,634.40720942688,0.9350184061388565,5.901315063531164,9.42473118274503,0.3271826763416982,1.879761358418332
1266,0.0,2.0794415416798357,5.111987788356544,4.672828834461906,5.262690188904886,4.718498871295094,62.84981689453125,13.346376068115235,41.12374877929688,149.5405517578125,730.9608502047981,0,357,224,581,266.8604934997559,0.2750006489585755,4.70912977193649,1.593749999992885,0.459312381238032,2.7391122628000675
1267,0.0,1.6094379124341003,5.860786223465865,4.1588830833596715,7.789868559054706,3.6375861597263857,105.7662048339844,13.370231460571292,297.5342651367187,212.45181884765628,1585.775903423077,0,2765,104,2869,629.1225202789308,1.40047878502124,7.91057395961899,26.58653846128282,0.2192828582358701,2.5206153846113777
1268,4.02535169073515,1.791759469228055,4.859812404361672,4.770684624465665,5.176149732573829,4.584967478670572,80.405419921875,14.85495895385742,42.332849121093744,178.97464599609376,764.8231287325812,0,359,219,578,316.5678739929199,0.2365298664805358,5.412698895110932,1.639269406385209,0.5476952837238274,2.415984664152215
1269,0.0,1.6094379124341003,5.0106352940962555,4.454347296253507,3.6109179126442243,4.174387269895637,49.16178588867187,12.194920532226565,25.376770019531243,115.86888427734377,618.4326181648813,0,185,153,338,202.60236071777345,0.2190128107091321,4.031333025477659,1.2091503267894828,0.599415268394006,3.052445272458153
1270,0.0,2.1972245773362196,5.641907070938114,4.51085950651685,6.651571873589727,4.276666119016055,94.38316040039064,18.35928167724609,133.70993041992185,195.93526611328127,870.9016606788826,0,1054,169,1223,442.3876386108399,0.6824189084058719,5.140896144767212,6.236686390495641,0.3617233349227131,1.9686392309958505
1271,3.7376696182833684,1.791759469228055,5.420534999272286,4.02535169073515,5.017279836814924,3.828641396489095,36.85902099609375,10.113414047241212,37.02810058593749,104.7620361328125,702.0853520431328,0,416,105,521,188.7625717620849,0.3534496078201602,3.644567583238992,3.9619047618670296,0.3623081991587766,3.719409761614803
1272,3.6635616461296463,1.3862943611198906,5.655991810819852,3.4965075614664802,7.2399325913204695,3.5553480614894135,93.59181518554688,19.174840713500977,211.2166076660156,195.0643432617188,984.9520489054898,0,1716,69,1785,519.0476068267823,1.082804802421232,4.880969629894659,24.869565217030875,0.29078297301204,1.8976140838508724
1273,3.6635616461296463,1.9459101490553132,5.662960480135946,4.465908118654584,7.6290038896529575,4.219507705176107,123.69852905273436,17.87134135437012,302.7848510742187,272.05495605468747,1384.402448163,0,2381,159,2540,716.4096775360106,1.1129547333526284,6.92161414149053,14.974842767201418,0.2820510541479246,1.9324172907916644
1274,0.0,1.9459101490553132,5.14166355650266,4.276666119016055,4.51085950651685,4.143134726391533,75.414111328125,16.970255172729495,36.71268310546875,147.0758056640625,599.1150030784509,0,260,139,399,276.1728552703857,0.2496174196663929,4.443899667747394,1.8705035971088453,0.6921625445355729,2.1693478980391494
1275,3.828641396489095,2.4849066497880004,5.081404364984463,4.812184355372417,3.912023005428146,4.31748811353631,81.31805419921874,17.638640258789064,35.34268798828125,173.874755859375,640.3862111738221,0,254,207,461,308.1741383056641,0.2032652055406027,4.610222386846909,1.2270531400906906,0.6684905386225501,2.078001141473376
1276,3.7376696182833684,1.791759469228055,5.147494476813453,4.394449154672439,2.995732273553991,4.204692619390966,38.370355224609376,10.312694641113282,24.70929565429688,100.4521728515625,632.8079513441456,0,231,151,382,173.844518371582,0.2459806986013498,3.720691492979812,1.5298013244931803,0.4550903622280809,3.640079982205233
1277,0.0,1.791759469228055,4.990432586778736,4.343805421853684,4.997212273764115,4.127134385045092,83.83661499023437,18.74272430419922,42.85535888671875,174.700927734375,628.3440664869721,0,293,142,435,320.1356259155273,0.2453069908800548,4.473021831035424,2.06338028167561,0.7359439676202101,1.962743336322111
1278,0.0,2.4849066497880004,5.123963979403259,4.356708826689592,5.220355825078324,4.02535169073515,63.6873046875,15.012695938110353,48.63323364257811,145.8090087890625,673.4124611014973,0,351,143,494,273.142243057251,0.3335406642301561,4.242229706496945,2.45454545452829,0.5529195203576884,2.465427733043416
1279,3.6635616461296463,1.0986122886681098,5.459585514144159,3.7612001156935624,7.3864708488298945,3.8501476017100584,101.23385009765626,18.222780532836914,241.5221740722656,215.6756103515625,1131.4857408682635,0,1885,90,1975,576.6544150543214,1.1198399933930965,5.555345953362084,20.94444444421173,0.2919769190146984,1.962155688619352
1280,4.1588830833596715,2.0794415416798357,6.6052979209482015,4.574710978503383,4.5217885770490405,4.31748811353631,27.929772949218748,11.690259979248047,43.5531005859375,115.244091796875,662.1586351970669,1,892,177,1069,198.4172253112793,0.3779204634830623,2.389149000656025,5.039548022570398,0.1856101265772625,3.337203381182896
1281,0.0,2.302585092994046,5.5254529391317835,4.5217885770490405,6.774223886357614,3.9318256327243257,70.00718994140625,11.539538406372072,137.93142700195312,161.74896240234378,1165.738166713326,0,1124,150,1274,381.2271177520752,0.852749995749597,6.066723595866012,7.493333333283378,0.2992363561630894,3.057857409473129
1282,0.0,4.8283137373023015,3.7612001156935624,8.279189777195004,0.0,7.758760544157663,167.75661621093752,19.120912857055668,5.201202392578125,8358.442822265626,14754.264890600318,0,42,6405,6447,8550.521553726197,0.0006222693034068,8.773462724101137,0.0065573770491793,1.326279130405595,1.725539757767044
1283,4.1588830833596715,1.3862943611198906,5.948034989180646,5.075173815233827,7.634820677745543,3.5553480614894135,162.37177734374998,18.97977635192872,268.64170532226564,274.3682373046875,1266.1160458473355,0,2513,196,2709,724.3614963226319,0.9791282983786436,8.554988969545725,12.821428571363157,0.267390733230847,1.7479063316773222
1284,0.0,1.0986122886681098,5.902633333401366,4.553876891600541,7.324489979348532,3.5553480614894135,85.09993286132813,11.02679965209961,188.3583984375,162.89871826171876,1373.676346607946,0,1881,130,2011,447.3838492126465,1.1562914702233602,7.717555005854007,14.469230769119468,0.2224683486884257,3.0704647676093284
1285,0.0,1.0986122886681098,5.556828061699537,5.049856007249537,1.791759469228055,4.30406509320417,114.04253540039062,17.877927658081056,21.28112182617188,214.73411865234377,720.4372353450851,0,263,230,493,367.9357035369873,0.0991045203232332,6.378957202148816,1.1434782608645937,0.7463198854690487,1.9580519868485773
1286,3.970291913552122,1.0986122886681098,5.5134287461649825,4.653960350157523,3.784189633918261,4.736198448394496,104.17708740234374,18.83737747192383,39.24876708984375,204.3639404296875,696.2813947490437,0,342,219,561,366.6271723937988,0.1920532898667387,5.53033921797682,1.5616438356093076,0.6535243714672822,1.8991538193990165
1287,3.6635616461296463,0.6931471805599453,5.762051382780177,4.204692619390966,7.299797366758161,3.295836866004329,61.2160400390625,9.759904174804689,187.86934204101564,138.58172607421875,1429.3588343760289,0,1834,93,1927,397.4270123291016,1.3556573969864163,6.27219683066359,19.72043010731484,0.2062413141301999,3.5965316650112555
1288,0.0,1.0986122886681098,4.867534450455582,4.532599493153256,3.332204510175204,4.406719247264253,44.546868896484376,10.725266693115236,22.391455078125,111.13732910156249,653.080179351842,0,156,175,331,188.80091976928708,0.2014755551436832,4.153450927325328,0.8914285714234776,0.5703955280021652,3.459094267901029
1289,0.0,0.6931471805599453,5.605802066295998,4.127134385045092,6.903747257584598,4.204692619390966,83.4448974609375,16.717820114135744,150.5290100097656,186.20364990234376,948.091902615894,0,1266,128,1394,436.8953774871826,0.8084106304463073,4.991374287212801,9.89062499992273,0.3134113181397914,2.170066225160596
1290,3.6635616461296463,0.6931471805599453,5.58724865840025,4.219507705176107,6.984716320118266,4.406719247264253,99.36952514648438,19.7983391418457,181.26469116210936,213.4742065429688,941.1332239982116,0,1383,149,1532,513.9067619934083,0.8491175308562381,5.019083895347475,9.281879194568578,0.3354482780633634,1.831330687974976
1291,0.0,1.0986122886681098,5.5254529391317835,4.59511985013459,5.0106352940962555,3.6109179126442243,72.32783203125,14.935800842285158,47.48148193359374,127.03425292968753,638.4330397439714,0,399,136,535,261.7793677368164,0.3737691279178113,4.842581445089847,2.933823529390193,0.4893072294136955,2.4388210776923804
1292,0.0,0.6931471805599453,5.529429087511423,2.8903717578961645,6.400257445308821,4.07753744390572,54.01878662109375,15.119084701538084,105.22996215820312,123.650390625,742.9030937618867,0,852,76,928,298.018224105835,0.8510281417265203,3.572887359512277,11.210526315641966,0.3211403276999071,2.4928109547272763
1293,0.0,1.791759469228055,5.87493073085203,4.8283137373023015,3.912023005428146,4.48863636973214,119.2250061035156,20.588785400390627,56.32113647460937,215.05942382812503,709.7190687384777,0,404,217,621,411.1943518066406,0.2618863915461765,5.790774141317865,1.8617511520651533,0.6621487146634114,1.72599420594787
1294,3.6635616461296463,1.791759469228055,5.204006687076795,4.709530201312334,3.332204510175204,3.828641396489095,101.78228759765624,19.906653900146484,30.853564453125,153.88828125,556.7267706254158,0,246,160,406,306.43078720092774,0.2004932682482897,5.112978208346421,1.5374999999903909,0.754755633497963,1.8168108227929176
1295,0.0,0.6931471805599453,6.731018100482083,4.356708826689592,5.081404364984463,4.700480365792417,41.53524169921874,16.659341720581054,72.64478759765625,152.39256591796877,661.3656459417089,1,997,187,1184,283.2319369354248,0.4766950878449244,2.4932102596474524,5.331550802110527,0.2392161629520148,2.335067341258769
1296,0.0,0.6931471805599453,5.214935757608986,4.499809670330265,5.955837369464831,4.5217885770490405,91.51869506835938,18.40985650634766,69.79169311523437,184.4291015625,718.129861458835,0,568,181,749,364.14934625244143,0.3784201762280162,4.97117916328315,3.1381215469439883,0.4861807026060817,1.9720751083239056
1297,3.6635616461296463,1.9459101490553132,5.0106352940962555,4.836281906951478,4.276666119016055,3.8066624897703196,60.54021606445312,12.580099548339849,26.201953125,131.20986328125,668.0885205624834,0,258,175,433,230.53213201904296,0.1996949960128842,4.812379729350394,1.4742857142772898,0.5324067714053362,2.898027770395141
1298,3.6888794541139363,0.6931471805599453,5.82600010738045,4.48863636973214,4.543294782270004,4.624972813284271,47.412158203125,10.981269332885743,48.771826171875,121.206298828125,768.2249290113951,0,470,190,660,228.3715525360108,0.4023868944355182,4.3175480685845375,2.473684210513297,0.3460175038419162,3.3639256749673048
1299,0.0,0.6931471805599453,5.87493073085203,4.276666119016055,7.696667081526462,4.204692619390966,120.99688110351563,16.13509689331055,335.18364257812493,255.5401245117188,1535.7615618158402,0,2555,138,2693,727.8557450866699,1.3116673681570588,7.498986953476601,18.514492753489023,0.2702769198241365,2.1099806825470044
1300,0.0,1.9459101490553132,6.86484777797086,4.553876891600541,4.574710978503383,4.04305126783455,66.64768066406249,21.54773126220703,105.19969482421872,177.14501953125,657.810101744501,1,1053,156,1209,370.5401262817383,0.5938619956801364,3.093025425737701,6.749999999956732,0.3064848025487442,1.775273594100746
1301,3.6635616461296463,1.0986122886681098,6.272877006546167,3.7376696182833684,5.564520407322694,3.5553480614894135,43.13671875,19.379365402221683,119.14656372070311,130.1255126953125,630.5810668744599,1,827,77,904,311.7881605682373,0.9156280060065384,2.225909768068506,10.740259740120257,0.3448984077078456,2.022466362171022
1302,3.713572066704308,1.3862943611198906,6.773080375655535,4.51085950651685,5.976350909297934,4.820281565605037,65.1104736328125,19.13212953186035,114.89320678710938,215.00606689453127,821.0176671607478,1,1306,216,1522,414.1418768463135,0.5343719293415777,3.403200543932244,6.046296296268305,0.2721037298594227,1.9824550789473576
1303,0.0,1.0986122886681098,6.1070228877422545,3.5263605246161616,6.82001636467413,3.5553480614894135,85.43248901367187,18.08968231201172,211.64672241210937,163.14140625000002,966.1738324497596,0,1363,69,1432,478.310299987793,1.29732069421102,4.72271914649497,19.753623188119512,0.3340155726169406,2.0199728763365488
1304,0.0,1.6094379124341003,5.081404364984463,5.231108616854587,0.6931471805599453,4.204692619390966,116.94721069335937,19.96849530029297,24.50538940429688,199.91466064453127,641.9915444342028,0,161,256,417,361.3357560424805,0.1225792511923244,5.85658603358997,0.6289062499975434,0.8665126044163406,1.7767174537715835
1305,3.58351893845611,0.6931471805599453,5.087596335232384,4.969813299576001,3.6635616461296463,4.276666119016055,107.05572509765626,20.196595962524416,26.6798583984375,179.451416015625,594.1001553458777,0,234,215,449,333.3835954742432,0.148674549305121,5.300681624319352,1.0883720930181937,0.7425024398073512,1.7820317598380309
1306,3.7376696182833684,1.3862943611198906,5.537334267018537,4.804021044733257,3.6109179126442243,4.007333185232471,37.789947509765625,8.735100265502929,32.59473266601562,87.9012451171875,706.1864471612903,0,330,178,508,167.02102555847168,0.3708108186885226,4.326217943333891,1.853932584259248,0.3287815463742971,4.22812903223275
1307,0.0,1.3862943611198906,5.472270673671475,3.784189633918261,4.248495242049359,3.6109179126442243,47.54432373046875,12.858565475463868,37.123681640625,93.71026611328126,558.6065852647531,0,306,82,388,191.23683695983888,0.3961538386344143,3.69748272600806,3.731707317027662,0.4928784457715103,2.9210197896085446
1308,0.0,1.6094379124341003,5.049856007249537,5.087596335232384,3.6109179126442243,4.574710978503383,102.15324096679689,17.13460340881348,25.79254760742188,206.1625854492188,725.3295868729518,0,191,261,452,351.242977432251,0.1251078004823038,5.961809475455428,0.7318007662807211,0.7770862332554733,2.0650365515444107
1309,3.7376696182833684,1.3862943611198906,5.0369526024136295,4.430816798843313,3.1780538303479458,4.382026634673881,91.81005249023438,21.1669481048584,29.966253662109374,169.14836425781252,544.3454599190931,0,217,165,382,312.0916185150147,0.1771595829106467,4.337425122936075,1.315151515143545,0.8169937657439731,1.7441848086386864
1310,0.0,1.791759469228055,5.384495062789089,5.117993812416755,1.6094379124341003,4.718498871295094,100.6072998046875,17.441799591064456,22.15090942382812,210.66005859375,715.3423773643603,0,221,282,503,350.86006741333006,0.1051500202344487,5.768171986706067,0.7836879432596323,0.6975349252736234,2.038825286206235
1311,0.0,1.6094379124341003,5.075173815233827,4.912654885736052,0.6931471805599453,4.060443010546419,64.84367065429687,13.378718811035156,21.986828613281247,119.71058349609376,598.6817361468804,0,160,196,356,219.91980157470704,0.1836665395070522,4.846777300974825,0.81632653060808,0.6177522516126104,2.7222729915968267
1312,0.0,1.0986122886681098,5.043425116919247,4.543294782270004,4.624972813284271,3.713572066704308,37.943701171875,9.245813232421876,30.93480834960937,89.70677490234375,674.370252360515,0,255,135,390,167.83109765625,0.3448436127922407,4.103879260151574,1.8888888888748967,0.430336147835435,4.018148375205979
1313,3.6888794541139363,0.6931471805599453,5.8805329864007,4.663439094112067,7.25063551189868,4.634728988229636,129.07891845703122,19.652422576904296,201.34149169921872,247.08046875,1058.67658837851,0,1804,208,2012,597.1533014831542,0.8148822637297342,6.568091946188753,8.673076923035225,0.2967958754884977,1.7728723692011648
1314,0.0,1.0986122886681098,6.851184927493743,4.499809670330265,4.532599493153256,3.2188758248682006,30.27299194335937,12.654689437866212,67.69528198242186,101.39194335937502,653.5563935559737,1,1036,115,1151,212.01490672302248,0.667659379422427,2.392235075353351,9.008695652095575,0.1842006140076788,3.0825964251971256
1315,0.0,0.6931471805599453,5.560681631015528,3.6375861597263857,6.380122536899765,4.553876891600541,47.96174926757813,13.829641113281252,72.08404541015624,122.06689453125,699.4760867389491,0,848,132,980,255.9423303222656,0.5905290348081369,3.4680400504428257,6.424242424193756,0.2611656431857188,2.732944120089406
1316,3.912023005428146,0.6931471805599453,5.204006687076795,4.948759890378168,3.091042453358316,3.4011973816621555,57.0988037109375,12.083287673950196,29.881823730468746,127.98262939453126,686.5874096068661,0,251,170,421,227.04654450988767,0.233483433428444,4.72543609379662,1.4764705882266091,0.5393029560792124,3.0239940937482173
1317,4.007333185232471,1.791759469228055,6.1224928095143865,5.111987788356544,4.90527477843843,4.663439094112067,79.28118896484375,12.599828521728517,51.01160888671874,160.18095703125002,843.9802142432226,0,643,275,918,303.073583404541,0.31846238049663,6.292243487427657,2.338181818173316,0.3301455156908615,2.784736976280436
1318,0.0,1.3862943611198906,5.25227342804663,4.804021044733257,3.332204510175204,3.5553480614894135,91.74364013671877,17.81467918395996,29.227093505859376,158.22052001953125,602.4320896007429,0,217,158,375,297.00593284606936,0.1847237861566045,5.149890109397722,1.373417721510295,0.7920158209207396,2.0283503559201286
1319,0.0,1.3862943611198906,5.337538079701318,4.382026634673881,6.92951677076365,3.713572066704308,61.03361206054687,11.562380905151368,120.4018615722656,140.42684326171874,1038.4621706586825,0,1228,122,1350,333.4246977996826,0.8573991893203123,5.278637034702432,10.065573770409298,0.2469812576292115,3.1145328390743963
1320,3.871201010907891,1.0986122886681098,6.880384082186005,4.605170185988092,5.342334251964811,3.970291913552122,48.61845703125,16.390560653686528,93.38109741210936,129.93101806640627,675.2220477058319,1,1227,153,1380,288.32113316345215,0.7186974965721015,2.966247345379769,8.01960784308484,0.208928357364669,2.341909662656257
1321,3.6635616461296463,0.6931471805599453,5.517452896464707,4.836281906951478,0.6931471805599453,3.7376696182833684,107.112744140625,20.956830047607426,37.86602783203124,154.78330078125003,553.5589679747169,0,287,167,454,320.7189028015137,0.2446389735886391,5.1111138417492965,1.7185628742412062,0.706429301323364,1.7259942059466855
1322,0.0,1.3862943611198906,4.7535901911063645,4.727387818712341,3.4339872044851463,3.871201010907891,100.53396606445312,20.83609611511231,21.75584106445312,162.79888916015625,535.0703815052042,0,145,162,307,305.9247924041748,0.133636299218951,4.824990511860396,0.8950617283895367,0.9964976951243594,1.7490258873708509
1323,0.0,1.791759469228055,6.805722553416985,4.624972813284271,3.970291913552122,3.6109179126442243,49.486926269531246,18.16680693054199,82.66964721679688,137.41131591796875,612.0806627823941,1,954,142,1096,287.7346963348389,0.6016218290606216,2.724029955072067,6.7183098591076185,0.2625316572395769,2.12723967799832
1324,3.5553480614894135,1.6094379124341003,5.817111159963204,4.68213122712422,7.270312886079025,3.367295829986474,105.95802612304688,15.620566864013671,203.59083251953123,192.7923706054688,1149.0469253943538,0,1805,139,1944,517.9617961120606,1.056010836316259,6.783238216557139,12.985611510697948,0.266441253143927,2.2184009207187554
1325,3.6888794541139363,1.0986122886681098,5.53338948872752,4.127134385045092,7.394493107219038,4.060443010546419,102.3963134765625,17.166467147827152,238.2771972656249,226.2781494140625,1203.7976600943396,0,1917,120,2037,584.118127304077,1.0530278680534573,5.964903121231815,15.974999999866874,0.2867541125693619,2.060880503141126
1326,0.0,1.3862943611198906,5.497168225293202,4.1588830833596715,7.260522598089852,3.4011973816621555,90.95311889648436,15.851202255249024,215.40146484375,196.319091796875,1164.087640141135,0,1665,95,1760,518.5248777923584,1.0972008013643508,5.737931888455204,17.526315789289196,0.2946164078363999,2.2449986297572493
1327,0.0,1.0986122886681098,5.883322388488279,3.5263605246161616,7.3796321526095525,3.6635616461296463,96.776806640625,18.779343154907227,252.3690307617188,206.9181884765625,1105.8807911994363,1,1960,73,2033,574.8433690338135,1.2196560999232062,5.153364834817606,26.84931506812535,0.2827562070996216,1.9237949861999053
1328,0.0,5.429345628954441,3.8501476017100584,8.271292652979412,0.0,7.506042178518122,167.70849609375,20.506601303100584,5.201202392578125,8837.448669433596,14739.422389375906,0,46,5954,6000,9030.864969223025,0.0005885411714545,8.178268724628412,0.0077258985555915,1.50514416153692,1.6321163520444473
1329,4.007333185232471,2.4849066497880004,4.770684624465665,5.0238805208462765,1.9459101490553132,2.8903717578961645,113.12858276367189,19.297450744628907,18.59210815429688,150.287548828125,553.8021576172314,0,177,179,356,301.30569049072267,0.1237102361382968,5.862358933046988,0.988826815636934,0.846364299128866,1.8380076284435296
1330,0.0,1.791759469228055,5.181783550292085,4.663439094112067,1.0986122886681098,1.791759469228055,95.32512817382812,20.113603546142578,24.303076171874995,118.94465332031253,469.7499562759768,0,179,115,294,258.68646121215824,0.2043225608991738,4.739336138867587,1.5565217391168995,0.8798859224873413,1.815904682730581
1331,0.0,1.9459101490553132,5.153291594497779,5.225746673713202,3.8918202981106265,3.7376696182833684,103.84683837890626,16.733702087402346,23.635601806640626,178.14331054687503,677.3372587367746,0,220,232,452,322.35945281982424,0.1326774591420242,6.2058495980324375,0.948275862064878,0.7131846301307767,2.101186277646576
1332,3.7612001156935624,2.772588722239781,5.700443573390687,4.48863636973214,3.4657359027997265,3.9889840465642745,109.06309204101564,19.955108139038085,43.70125122070312,160.25496826171874,597.9561453115581,0,371,156,527,332.9744196624756,0.2726982613672243,5.465422250566039,2.3782051281898835,0.6318300183336695,1.7958020496466045
1333,3.5553480614894135,2.0794415416798357,5.568344503761097,4.564348191467836,7.1731917424865985,4.30406509320417,66.85433349609374,10.566761306762697,170.9690185546875,154.47864990234376,1336.424745343187,0,1598,175,1773,402.8687632598877,1.1067485290793366,6.3268518658579245,9.131428571376391,0.2272243447601018,3.3172707025631367
1334,0.0,1.791759469228055,5.545177444479562,3.9318256327243257,2.70805020110221,3.4339872044851463,97.5882568359375,21.83165084838868,35.243920898437494,135.76585693359377,489.371107882964,0,269,85,354,290.42968551635744,0.2595934036303142,4.470035615225595,3.164705882315709,0.8204228404393701,1.6849899727406374
1335,0.0,1.3862943611198906,5.780743515792329,3.6635616461296463,6.885509670034818,3.295836866004329,88.31788330078125,20.28996180725097,170.33659057617183,172.24822998046878,820.5961740855859,0,1300,67,1367,451.19266566467286,0.9889018342568594,4.352787064629492,19.402985074337263,0.3300604723221235,1.8187267580578
1336,3.6888794541139363,1.0986122886681098,5.389071729816501,3.7376696182833684,6.493753839851686,3.828641396489095,43.54013671875,10.319445602416993,90.41808471679688,103.6811279296875,889.7408884691196,0,917,88,1005,247.9587949676514,0.8720785211484468,4.219232155682173,10.420454545336131,0.2467251691217956,3.588261059994289
1337,0.0,1.3862943611198906,5.298317366548036,4.844187086458591,0.6931471805599453,3.258096538021482,63.89511108398438,13.056194503784182,18.7147705078125,92.2386474609375,523.5321810645353,0,200,154,354,187.9047235565185,0.2028951098349007,4.89385410584771,1.2987012986928657,0.5308043038304738,2.7861576396416643
1338,0.0,0.6931471805599453,5.857933154483459,3.1354942159291497,6.967909201801884,4.219507705176107,94.24769897460936,21.85805094909668,204.08626098632809,178.89375,843.4266226663228,0,1410,90,1500,499.0857609100341,1.1408238744237138,4.31180708608388,15.666666666492592,0.3327238406064676,1.6899432697232772
1339,0.0,1.6094379124341003,4.736198448394496,5.123963979403259,0.6931471805599453,4.330733340286331,88.38396606445312,15.03892140197754,15.6689208984375,151.6541748046875,638.3052289013598,0,114,246,360,270.74598316955564,0.103320076209665,5.877014959793199,0.4634146341444576,0.7520721754688988,2.3575796819828025
1340,3.6635616461296463,1.6094379124341003,5.6937321388027,4.955827057601261,3.4339872044851463,2.6390573296152584,101.07745971679688,18.933028564453124,26.68463745117188,132.7004150390625,530.5843569979716,0,364,158,522,279.3955407714844,0.2010893292467528,5.338684160717516,2.303797468339849,0.5352404995612052,1.8990437554264104
1341,0.0,1.9459101490553132,5.220355825078324,4.04305126783455,3.367295829986474,3.58351893845611,40.09921875,18.922695053100583,27.548052978515624,113.0031005859375,414.6078914283904,1,212,97,309,199.5730673675537,0.2437813903816017,2.1191071692142724,2.185567010286747,0.6458675319317406,2.0774741647014405
1342,0.0,1.791759469228055,5.697093486505405,4.060443010546419,4.653960350157523,3.8066624897703196,100.45717163085938,22.45125736999512,49.63364868164062,144.0396240234375,518.687460075,0,401,106,507,316.58170170593263,0.3445832979487635,4.474456373238162,3.7830188678888392,0.6244215023773337,1.6383999999948249
1343,3.7376696182833684,1.791759469228055,5.8664680569332965,4.787491742782046,6.71174039505618,4.543294782270004,126.97926635742188,18.74667109680176,143.0418273925781,218.32452392578128,937.6142714422753,0,1214,217,1431,507.0922887725831,0.6551798433809917,6.773430103668459,5.594470046057169,0.3543621864236399,1.8490012413912305
1344,4.110873864173311,1.6094379124341003,5.886104031450156,4.060443010546419,4.553876891600541,3.4339872044851463,101.68934326171876,21.60889906311035,53.38839111328125,136.73316650390626,530.2907009087623,0,513,91,604,313.41979994201665,0.3904567741533695,4.705901164146392,5.637362637300688,0.5189069535455261,1.6919502246034723
1345,0.0,1.6094379124341003,5.4638318050256105,3.828641396489095,6.930494765951626,3.5263605246161616,99.47532348632812,19.83398002624512,173.21676635742188,182.4772705078125,868.3837010432939,0,1257,82,1339,475.0033403778076,0.9492511909808328,5.015398994537807,15.329268292495984,0.3547448397143039,1.8281633563898128
1346,0.0,1.3862943611198906,7.053585727193677,4.762173934797756,5.267858159063328,4.5217885770490405,38.60831909179688,13.177347564697268,65.61639404296874,116.86545410156252,683.0822143619862,1,1349,210,1559,234.2675148010254,0.5614695510050643,2.929900641939541,6.423809523778934,0.1502678093655389,2.915821320507219
1347,3.4657359027997265,1.791759469228055,6.490723534502507,3.8918202981106265,6.400257445308821,4.060443010546419,51.409423828125,20.39693934631348,166.53246459960934,154.7592041015625,749.1152258505379,1,1290,110,1400,393.09803187561033,1.076074703054459,2.5204479433281364,11.727272727166117,0.2807843084823782,1.9056702529756693
1348,3.713572066704308,2.1972245773362196,5.117993812416755,4.219507705176107,5.762051382780177,4.442651256490317,34.754095458984374,10.69940547180176,55.09132690429687,122.769140625,794.8677078535737,1,523,159,682,223.313968460083,0.448739207779627,3.248226786743471,3.289308176079942,0.3274398364512545,3.5594177710029618
1349,3.6635616461296463,0.6931471805599453,5.4680601411351315,3.784189633918261,5.849324779946859,4.2626798770413155,55.76544799804688,15.961941970825198,81.53860473632812,115.13565673828126,635.0628431294679,0,620,114,734,268.40165144348146,0.7081959407324881,3.4936505906662108,5.438596491180363,0.3656698248543812,2.366091414533751
1350,0.0,2.0794415416798357,5.568344503761097,5.0369526024136295,3.258096538021482,3.6888794541139363,108.36090087890624,18.056945388793945,33.24627685546875,157.5406494140625,620.9179203405017,0,286,199,485,317.2047725372314,0.2110330062679687,6.001064883330346,1.4371859296410192,0.6540304588383039,1.957467144557748
1351,4.07753744390572,1.791759469228055,5.170483995038151,4.68213122712422,3.912023005428146,2.302585092994046,117.65451049804688,21.01501904296875,34.872747802734374,132.58681640625,520.2384682086921,0,282,121,403,306.12909375000004,0.2630182151415433,5.598591666839978,2.330578512377433,0.7596255428020854,1.6994087750177866
1352,4.0943445622221,1.3862943611198906,5.6131281063880705,5.062595033026967,7.559038255443384,4.07753744390572,149.27025146484374,17.925433868408206,246.1562622070312,253.352490234375,1240.7184812017265,0,2249,218,2467,666.7044377746581,0.9715959846234068,8.327288061885655,10.316513761420566,0.2702490627378953,1.8609722853220607
1353,0.0,1.791759469228055,5.910796644040527,3.4965075614664802,6.439350371100098,1.0986122886681098,39.3589599609375,8.72662289428711,100.41108398437498,74.7134765625,940.0012824829712,0,993,39,1032,223.2101434020996,1.3439487573441216,4.510216659206582,25.461538460885603,0.2162888986452357,4.211283896652512
1354,0.0,2.0794415416798357,5.187385805840755,5.198497031265826,0.6931471805599453,3.9889840465642745,117.03982543945312,19.456070892333983,21.91832885742188,199.217578125,649.4972527295904,0,179,240,419,357.6318033142089,0.1100220626292279,6.015594108446283,0.7458333333302257,0.8535365234208959,1.8161059690688013
1355,3.713572066704308,1.9459101490553132,5.389071729816501,4.110873864173311,4.795790545596741,3.828641396489095,100.25744018554688,20.3850640411377,50.334576416015615,140.15833740234376,554.875660090345,0,378,111,489,311.13541804504393,0.3591265232489465,4.918181271263413,3.405405405374726,0.6362687485570709,1.7833895722158857
1356,0.0,1.9459101490553132,5.7745515455444085,5.081404364984463,5.916202062607435,3.6375861597263857,70.1597900390625,11.472747299194335,24.312634277343744,127.06179199218752,715.7750242336177,0,691,203,894,233.00696360778807,0.1913449660669611,6.115343448545588,3.403940886682739,0.2606341874804558,3.0719040029867224
1357,0.0,1.6094379124341003,5.937536205082426,5.0689042022202315,5.953243334287785,4.0943445622221,50.77364501953125,9.417895385742188,35.12603759765624,103.58646240234374,758.3997668140562,0,762,221,983,198.9040404052734,0.3390987276009378,5.3911880451556735,3.447963800889376,0.2023438864751486,3.812892715829097
1358,0.0,1.791759469228055,5.204006687076795,4.770684624465665,3.6888794541139363,4.343805421853684,83.35838012695312,15.731351486206057,27.677087402343748,148.34776611328127,629.491985580616,0,220,198,418,275.1145851287842,0.186568952989979,5.298869597742225,1.1111111111054994,0.6581688639428852,2.288108372312052
1359,3.871201010907891,1.791759469228055,5.236441962829949,4.07753744390572,3.1780538303479458,3.6635616461296463,77.2617919921875,18.71800570678711,31.28527221679688,119.52469482421876,489.4865329580534,0,257,101,358,246.78976473999023,0.261747350725684,4.127672210295612,2.544554455420351,0.6893568847466505,1.9834150475072467
1360,0.0,1.3862943611198906,7.07326971745971,4.61512051684126,5.043425116919247,3.367295829986474,50.20806884765624,17.538633224487306,100.84916381835936,115.36973876953128,623.2825328890079,1,1333,131,1464,283.9656046600342,0.8741387897128454,2.8627127440405906,10.175572519006296,0.1939655769534428,2.194922633792257
1361,0.0,1.3862943611198906,5.958424693029782,3.4011973816621555,6.811244378601294,3.4339872044851463,73.35368041992189,17.613073425292967,161.735888671875,146.90712890625002,841.4891710044342,0,1293,62,1355,399.6097714233399,1.1009396880527638,4.164729155697427,20.854838709341053,0.2949149604598117,2.105777263666731
1362,3.8066624897703196,1.791759469228055,5.6131281063880705,5.049856007249537,6.97166860472579,4.442651256490317,130.91786499023436,18.7056563873291,142.00477294921876,233.496826171875,967.5719719129556,0,1382,244,1626,525.1251204986572,0.6081657523005564,6.998838333837732,5.663934426206295,0.3229551786582622,1.842555105709492
1363,4.330733340286331,2.1972245773362196,4.812184355372417,4.997212273764115,3.9512437185814275,4.276666119016055,110.86512451171876,18.36614241027832,22.64952392578125,178.9866943359375,636.2223903820199,0,248,226,474,330.8674851837158,0.1265430595815359,6.036385977473334,1.097345132738507,0.6980326691624847,1.9228918490640787
1364,0.0,1.6094379124341003,5.1647859739235145,5.003946305945459,3.1780538303479458,4.248495242049359,98.18267211914063,17.436889801025387,23.52568359375,157.65941162109377,607.4383239647742,0,197,221,418,296.8046571350098,0.1492183901468601,5.630744544117965,0.8914027149280932,0.7100589883595687,2.0465929673280616
1365,0.0,1.3862943611198906,5.0106352940962555,4.634728988229636,6.133398042996649,4.477336814478207,68.00015258789062,13.910732482910156,56.48203124999999,141.45611572265625,731.9094167132254,0,609,192,801,279.84903204345704,0.3992901329225053,4.888322930984618,3.17187499998348,0.3493745718390857,2.615372336170717
1366,3.4965075614664802,1.9459101490553132,7.077498053569231,4.8283137373023015,5.19295685089021,4.406719247264253,77.74661865234376,22.43411302185059,130.65133666992188,194.99893798828128,718.6665850587145,1,1395,211,1606,425.8310063323975,0.670010503734659,3.4655534887050723,6.611374407551605,0.2651500662092979,1.687680263696078
1367,3.713572066704308,1.0986122886681098,4.48863636973214,4.969813299576001,3.4657359027997265,3.7612001156935624,100.19893798828124,20.03164897155762,22.165246582031248,141.39243164062498,513.9368781640322,0,159,187,346,283.7882651824951,0.1567640242457358,5.002031441622649,0.8502673796745975,0.8201972982129332,1.8109870675298183
1368,0.0,1.3862943611198906,4.584967478670572,4.787491742782046,1.6094379124341003,3.6375861597263857,43.36001586914063,10.13395133972168,14.69718017578125,73.30726318359376,516.3273850222718,0,101,159,260,141.49841056823732,0.2004873669717082,4.278687987666299,0.6352201257821685,0.5442246560295888,3.64899777280272
1369,0.0,1.791759469228055,6.97914527506881,4.74493212836325,3.912023005428146,3.367295829986474,58.186944580078126,19.9480428314209,91.06803588867189,122.93093261718752,562.9312241987651,1,1122,147,1269,292.13395591735843,0.7408065158955643,2.916924987022225,7.632653061172568,0.2302080030867834,1.926962658035156
1370,3.6635616461296463,1.3862943611198906,4.820281565605037,4.804021044733257,3.5553480614894135,3.5553480614894135,88.78557128906249,18.15095489501953,26.248150634765626,124.03249511718752,515.5671819182775,0,195,158,353,257.2171719360352,0.2116231767308591,4.891509664239924,1.2341772151820622,0.7286605437260808,2.0044042084580744
1371,3.6888794541139363,1.3862943611198906,5.402677381872279,3.784189633918261,6.813444599510896,3.8066624897703196,90.39133300781248,18.299984985351564,156.91701049804686,172.42379150390624,869.6944079011149,0,1169,90,1259,438.0321199951171,0.9100658855050284,4.939421156641815,12.988888888744569,0.3479206671920327,1.98545807076619
1372,0.0,1.3862943611198906,5.017279836814924,4.276666119016055,6.522092798170152,3.970291913552122,86.05541381835938,17.023903610229493,105.28412475585937,163.18443603515627,790.5766800974027,0,829,126,955,371.5478782196045,0.6451848430724846,5.054975391284204,6.579365079312862,0.3890553698630528,2.1277922077864813
1373,0.0,1.0986122886681098,5.075173815233827,3.5263605246161616,6.583409222158765,3.9318256327243257,71.69040527343749,16.107150009155273,124.41148681640624,150.47171630859373,828.6377835378607,1,881,85,966,362.6807584075928,0.8268097810516837,4.450843583640679,10.364705882231004,0.3754459196762084,2.284758053263816
1374,0.0,5.476463551931511,3.8501476017100584,8.23323750070527,0.0,7.76046702921342,166.38123779296876,19.3783475189209,5.201202392578125,8433.109826660157,14749.911054413067,0,46,6346,6392,8624.070614364624,0.0006167597125481,8.58593528792531,0.0072486605735885,1.3491975304072708,1.710318910172566
1375,3.828641396489095,1.9459101490553132,5.303304908059076,4.859812404361672,3.58351893845611,3.6375861597263857,79.912353515625,13.88214193725586,27.32980957031249,128.09794921875002,638.5078050820954,0,280,171,451,249.2222542419433,0.2133508751449926,5.75648584138199,1.6374269005752198,0.552599233351199,2.562001563711378
1376,0.0,2.0794415416798357,5.568344503761097,4.5217885770490405,4.465908118654584,3.713572066704308,48.33270263671875,9.581465240478517,29.650836181640624,96.0665771484375,694.4304273514138,0,347,138,485,183.6315812072754,0.3086488252362412,5.044395759793053,2.5144927536049675,0.3786218169214366,3.7816503173481313
1377,0.0,1.9459101490553132,5.1298987149230735,4.919980925828125,4.110873864173311,4.465908118654584,67.95318603515625,10.57934014892578,20.868530273437496,142.85372314453127,800.6257809379729,0,228,228,456,242.2547796020508,0.1460832088511814,6.423197011548303,0.999999999995614,0.5312604815822797,3.3048915784028985
1378,3.7376696182833684,2.1972245773362196,5.521460917862246,4.844187086458591,3.9512437185814275,4.418840607796598,92.14425659179688,15.304568984985352,37.34192504882813,167.84886474609377,721.6013887793196,0,341,216,557,312.63961537170417,0.2224735037981524,6.0207024893138055,1.578703703696395,0.5612919486016927,2.308093259131872
1379,3.713572066704308,0.6931471805599453,5.707110264748875,4.3694478524670215,7.515344571180436,3.871201010907891,114.13861083984374,17.572652481079103,283.1540954589844,227.94942626953124,1276.823354337152,0,2175,126,2301,642.8147850494385,1.2421794609955985,6.495240883881604,17.261904761767763,0.2793632268792521,1.9863005394889388
1380,0.0,1.791759469228055,5.497168225293202,4.356708826689592,4.02535169073515,4.204692619390966,96.2909912109375,20.925315582275392,41.16198120117187,163.83160400390625,564.4874754597947,0,298,148,446,322.209891998291,0.2512456705236139,4.601650609651895,2.013513513499909,0.7224437040304228,1.7519247219791652
1381,0.0,1.3862943611198906,5.8971538676367405,4.04305126783455,7.060476365999801,4.204692619390966,89.15009765625,17.949334167480473,198.6859313964844,193.2450439453125,1009.3345091043764,0,1527,125,1652,499.0304071655274,1.028155378989608,4.96676349214112,12.215999999902271,0.3020765176544947,2.02259119807014
1382,3.6635616461296463,1.3862943611198906,5.855071922202427,4.04305126783455,6.853299093186078,4.127134385045092,74.98992919921875,14.568873870849613,143.5898254394531,150.80218505859375,952.263113760218,0,1332,120,1452,383.9508135681152,0.952173374561579,5.147270122512104,11.0999999999075,0.2644289349640846,2.480169542833383
1383,0.0,1.6094379124341003,4.90527477843843,4.624972813284271,0.6931471805599453,3.4339872044851463,79.047509765625,17.269991867065432,19.531988525390624,130.252880859375,522.7382182861218,0,135,135,270,246.10237101745605,0.1499543687354447,4.577159640230903,0.9999999999925928,0.9114902630242392,2.124068192122049
1384,0.0,0.6931471805599453,5.66988092298052,3.5553480614894135,6.513230110912307,4.060443010546419,56.932690429687504,15.047318939208983,90.19824829101562,115.608984375,691.6292338728059,0,962,92,1054,277.7872420349121,0.780201026571257,3.78357703826917,10.456521739016775,0.2635552580973895,2.4897804118138467
1385,0.0,1.3862943611198906,5.298317366548036,4.890349128221754,0.6931471805599453,4.499809670330265,79.32469482421875,14.00203761291504,22.67023315429688,154.21186523437498,687.9722586247086,0,200,224,424,270.20883082580565,0.1470070614845044,5.665225091624302,0.892857142853157,0.6372849783612462,2.546076146066724
1386,3.4965075614664802,2.302585092994046,6.244166900663736,4.890349128221754,7.362645270417825,3.332204510175204,101.04845581054686,13.21581756591797,173.80140380859373,176.270654296875,1191.6802091165414,0,2121,168,2289,464.3363314819336,0.985991709742516,7.64602381191254,12.624999999924851,0.2028555401842423,2.566416040094724
1387,0.0,2.0794415416798357,5.863631175598097,4.204692619390966,4.04305126783455,4.174387269895637,50.38126831054687,21.41761683654785,47.76822509765625,156.15509033203125,502.774906427379,1,407,137,544,275.72220057678226,0.3059024524642852,2.352328398284817,2.970802919686345,0.5068422804710945,1.823483583744082
1388,0.0,2.1972245773362196,5.117993812416755,4.3694478524670215,0.6931471805599453,4.0943445622221,50.90960083007812,11.835677581787111,16.900323486328126,99.643212890625,559.7842670795617,0,167,145,312,179.28881478881834,0.1696083756824404,4.301367663488661,1.1517241379230916,0.5746436371418068,3.122248689834896
1389,3.9318256327243257,1.3862943611198906,5.2574953720277815,4.727387818712341,4.007333185232471,4.5217885770490405,82.88541870117187,18.13004837036133,29.46126708984375,169.70086669921875,607.5115573466741,0,295,206,501,300.1776008605957,0.173607051411752,4.571715254334331,1.4320388349445048,0.5991568879441049,2.02384040515662
1390,3.970291913552122,1.9459101490553132,5.700443573390687,4.248495242049359,5.030437921392435,4.189654742026425,86.39555053710937,19.12600227355957,56.64611206054687,271.3114013671875,832.7514828223017,0,502,140,642,433.4790662384033,0.2087863310383862,4.517177677638798,3.585714285688674,0.6752010377534706,1.9210881163114504
1391,0.0,1.9459101490553132,5.924255797414532,3.9512437185814275,7.7266536648476425,4.04305126783455,113.41598510742188,17.416512176513674,329.84703369140624,246.5228027343749,1416.739381977135,0,2640,113,2753,707.2023337097168,1.3379980676492391,6.511980352406746,23.362831858200327,0.2568842476242135,2.0033013388734893
1392,0.0,1.6094379124341003,7.00669522683704,4.709530201312334,5.472270673671475,4.219507705176107,46.6534423828125,14.224974014282228,81.87313842773436,142.38383789062502,762.7819861621358,1,1340,181,1521,285.13539271545415,0.5750170780622716,3.27968559609962,7.40331491708617,0.1874657414301556,2.6751571556767964
1393,3.6635616461296463,1.0986122886681098,6.336825731146441,3.7612001156935624,6.70808408385307,3.6109179126442243,45.17325439453125,16.585914413452148,174.68234252929688,147.41143798828125,894.4103991680297,1,1420,80,1500,383.8529493255616,1.1849985653216313,2.723591432207651,17.749999999778126,0.2559019662168704,2.330086041379125
1394,4.02535169073515,2.0794415416798357,6.042632833682381,4.68213122712422,5.0238805208462765,4.406719247264253,21.41757202148437,10.475256591796876,24.691772460937496,106.32315673828124,612.6662926661311,1,626,195,821,162.9077578125,0.2322332520796486,2.0445868635057383,3.210256410239948,0.1984260143876998,3.760817169723271
1395,3.6635616461296463,0.6931471805599453,5.583496308781699,3.5553480614894135,7.264730177929867,4.204692619390966,58.49033203125,9.117195693969729,210.06166992187497,142.90535888671874,1613.3677204987118,0,1731,101,1832,420.5745565338134,1.4699355682450033,6.415386264388417,17.13861386121645,0.2295712644833973,3.836103956909634
1396,0.0,1.791759469228055,5.598421958998375,4.962844630259907,0.6931471805599453,4.1588830833596715,111.81253051757812,19.687150360107424,30.35654296875,192.807861328125,642.0791570718233,0,270,210,480,354.66408517456057,0.1574445292815684,5.679467493602693,1.2857142857081634,0.7388835107787952,1.810386740326388
1397,4.1588830833596715,1.791759469228055,5.198497031265826,4.852030263919617,3.58351893845611,3.871201010907891,44.84168701171875,9.14787190246582,27.37919311523437,92.02349853515626,689.4451239534037,0,278,179,457,173.3922505645752,0.2975239319387212,4.901870892478255,1.5530726256896477,0.379414115020122,3.9762164785597647
1398,3.6635616461296463,1.0986122886681098,5.545177444479562,4.897839799950911,4.007333185232471,4.07753744390572,86.73832397460937,16.957092544555664,28.34774780273437,156.47351074218753,615.3419948255663,0,347,193,540,288.51667506408694,0.181166433015363,5.115164863409493,1.7979274611305809,0.534290139006579,2.1327779224086454
1399,0.0,1.3862943611198906,5.968707559985366,3.784189633918261,6.180016653652572,3.295836866004329,33.78147583007812,9.179266616821293,27.082891845703124,62.837255859375,544.0081220014993,0,872,72,944,132.88089015197755,0.431000550149446,3.680193335325103,12.1111111109429,0.140763654821861,4.093953023457447
1400,0.0,2.302585092994046,5.375278407684165,5.0238805208462765,4.51085950651685,4.204692619390966,111.83560180664062,17.92616734313965,35.01771240234375,210.45867919921872,735.4389647407141,0,305,226,531,375.2381607513428,0.1663875898842348,6.238678891012444,1.3495575221179223,0.7066632029202187,1.9599258328795188
1401,3.6888794541139363,1.9459101490553132,5.424950017481403,4.382026634673881,0.6931471805599453,4.219507705176107,79.11293334960936,17.487624298095703,32.88944091796875,135.09114990234377,555.8273543403001,0,266,152,418,264.5811484680176,0.2434611071228632,4.523938300395689,1.749999999988487,0.6329692547066618,2.100782151549952
1402,0.0,2.1972245773362196,6.206575926724928,4.955827057601261,6.6039438246004725,4.174387269895637,137.394140625,19.787317062377927,119.31383056640624,239.6345947265625,900.2738212232514,0,1232,213,1445,516.1298829803467,0.4978990228938046,6.943545715921592,5.784037558658291,0.357183310020754,1.7442776535684297
1403,0.0,1.0986122886681098,5.1647859739235145,4.852030263919617,3.8066624897703196,4.30406509320417,76.37783203125,14.629402999877932,26.95226440429688,147.21350097656253,653.7648692724401,0,218,202,420,265.17300041198735,0.183082830211373,5.220844078645345,1.0792079207867369,0.6313642866937047,2.4654277330431444
1404,0.0,1.0986122886681098,5.652489180268651,4.762173934797756,5.056245805348308,3.9889840465642745,35.701995849609375,9.056466979980469,25.01196899414062,95.5777587890625,681.2686420218785,0,440,171,611,165.34819061279296,0.2616923572049817,3.9421549180919353,2.573099415189631,0.2706189699059285,4.1202062114676
1405,4.0943445622221,2.0794415416798357,5.41610040220442,4.48863636973214,5.739792912179234,4.189654742026425,99.65824584960936,17.988707290649415,76.65122680664062,168.3359619140625,721.0871752230111,0,593,160,753,362.6341418609619,0.4553467122213412,5.540044886709118,3.706249999976836,0.4815858457642501,1.98847017415557
1406,0.0,1.0986122886681098,6.648984550024776,4.553876891600541,3.8066624897703196,3.6375861597263857,49.960546875,19.399483566284182,75.68267211914062,137.38721923828126,564.9977825091576,1,815,133,948,282.42992179870606,0.5508712712739855,2.5753544779539816,6.127819548826107,0.2979218584371393,2.0004884004813177
1407,0.0,1.0986122886681098,5.940171252720432,3.7612001156935624,6.634633357861686,4.574710978503383,69.2343017578125,17.024617126464843,135.0321350097656,162.36170654296876,837.9905115317957,0,1139,140,1279,383.6527604370117,0.8316747703880404,4.066717109668256,8.135714285656174,0.2999630652358966,2.1842421010475
1408,3.7612001156935624,1.791759469228055,6.0014148779611505,4.77912349311153,6.408528791059498,4.406719247264253,122.677294921875,19.083650344848632,100.87783813476562,211.8700561523437,832.728300503215,0,1051,204,1255,454.508839553833,0.4761306999501334,6.42839774878613,5.151960784288471,0.3621584378912118,1.8321498462358348
1409,4.31748811353631,2.0794415416798357,5.5053315359323625,4.983606621708336,3.6635616461296463,4.584967478670572,99.59035034179686,16.617204345703126,28.58988647460937,185.08659667968752,701.8791086293097,0,357,249,606,329.88403784179684,0.1544676221149217,5.993207296722912,1.433734939753278,0.5443630987479414,2.1276540484319635
1410,0.0,1.791759469228055,5.267858159063328,4.795790545596741,3.6888794541139363,4.543294782270004,119.1762268066406,20.71218379211426,32.97864990234375,204.9577514648437,648.9105004717228,0,232,218,450,377.82481196594233,0.1609046238382433,5.753918949206147,1.064220183481357,0.8396106932557839,1.7174904345046007
1411,0.0,1.3862943611198906,5.707110264748875,4.553876891600541,7.123672785204607,4.2626798770413155,82.86762084960937,14.13281565856934,138.05568237304686,175.33260498046877,1029.995228515625,0,1540,167,1707,410.3887238616944,0.7873930943285662,5.863489827202241,9.221556886172326,0.2404151867963995,2.509803921562512
1412,3.7376696182833684,1.3862943611198906,6.816735880594968,4.762173934797756,4.356708826689592,4.430816798843313,65.11294555664062,20.56052416992188,103.59711914062498,190.58752441406253,705.303187669991,1,1030,202,1232,379.85811328125,0.5435671587559457,3.1668913212206853,5.099009900964857,0.3083263906501149,1.8567543064321024
1413,3.713572066704308,1.3862943611198906,4.68213122712422,4.976733742420574,3.7376696182833684,4.174387269895637,93.38582153320311,19.27646438598633,23.850659179687497,167.513232421875,574.5288226643598,0,188,211,399,304.026177520752,0.1423807470891508,4.844551348132519,0.8909952606592845,0.7619703697242857,1.8897347174101624
1414,0.0,1.0986122886681098,5.823045895483019,4.584967478670572,7.419979923661835,3.2188758248682006,112.53993530273438,15.321658447265628,210.03777465820312,195.5583251953125,1189.7863942281513,0,2005,123,2128,533.4576936035156,1.0740415906474725,7.3451536387350815,16.300813007997554,0.2506850063925117,2.2303294309786668
1415,0.0,1.6094379124341003,6.777646593635117,4.727387818712341,6.343880434126331,3.5553480614894135,78.22172241210937,21.312979431152343,164.07284545898438,190.59957275390624,802.3860536956171,1,1445,150,1595,454.2071200561524,0.8608248333797011,3.670144883361808,9.633333333269112,0.2847693542670016,1.7665642352648585
1416,3.58351893845611,2.3978952727983707,5.823045895483019,4.787491742782046,7.232733136177615,3.58351893845611,108.11667480468748,14.576358306884766,199.84564819335927,188.34309082031248,1195.499100835535,0,1755,164,1919,510.8817721252441,1.0610723617303262,7.417262427351563,10.701219512129873,0.2662229140828441,2.340069984998633
1417,3.6635616461296463,1.6094379124341003,5.886104031450156,4.0943445622221,7.268920128193722,4.174387269895637,108.70713500976562,19.650706146240235,239.78737792968752,226.74459228515624,1083.0240201677873,0,1831,127,1958,594.8898113708497,1.057521925934494,5.531970922329046,14.417322834532149,0.303825235633578,1.8205455858628208
1418,0.0,1.9459101490553132,5.198497031265826,4.30406509320417,6.507277712385012,4.48863636973214,53.814935302734376,10.713042114257812,91.67178955078124,121.082373046875,938.343608798926,0,849,167,1016,277.28214001464846,0.7571026834313442,5.023310346749188,5.0838323352989,0.2729154921401334,3.384075183298753
1419,0.0,1.3862943611198906,5.988961416889864,4.110873864173311,7.171656822768514,4.23410650459726,92.60996704101562,18.489191528320312,214.3564453125,193.82164306640627,1018.5978346602816,1,1699,131,1830,519.2772469482422,1.1059469000474431,5.008870555218922,12.96946564875596,0.2837580584415073,1.96156839269302
1420,0.0,5.429345628954441,3.8501476017100584,8.735042754269337,0.0,8.158229916959494,217.00524902343747,22.07782891845704,5.201202392578125,9897.601025390624,14781.359146822042,0,46,9934,9980,10141.885305725096,0.0005255013188786,9.829102753495487,0.0046305617072675,1.016220972517443,1.4574567450961513
1421,3.6635616461296463,1.0986122886681098,5.723585101952381,4.762173934797756,6.882437470997847,4.477336814478207,123.576416015625,21.21265805053711,178.07865600585936,226.38142089843748,919.2867595770762,0,1317,205,1522,549.2491509704589,0.7866310552267669,5.825597891381198,6.424390243871101,0.3608732923588029,1.6737153948278851
1422,0.0,2.1972245773362196,5.916202062607435,5.455321115357702,5.420534999272286,4.59511985013459,107.41744995117186,17.087586181640624,23.6849853515625,196.1039428710937,706.9698348163929,0,595,339,934,344.2939643554687,0.120777711068312,6.286285775125913,1.7551622418827282,0.3686230881746253,2.0533901491355326
1423,0.0,1.791759469228055,5.8664680569332965,4.762173934797756,6.222576268071369,4.248495242049359,138.27233276367187,23.222114364624023,86.723876953125,226.40207519531253,723.2310846121652,0,855,190,1045,474.6203992767335,0.3830524825266155,5.954338635432701,4.499999999976316,0.4541822002643821,1.5238095238063132
1424,4.060443010546419,1.9459101490553132,4.564348191467836,5.3981627015177525,3.7376696182833684,4.584967478670572,143.21420288085938,22.534379516601565,26.670300292968747,242.818798828125,676.5271262274086,0,193,323,516,435.2376815185547,0.109836225290518,6.355364822403697,0.5975232198123915,0.8434838789102931,1.5543854655815528
1425,3.6635616461296463,1.3862943611198906,6.0014148779611505,4.0943445622221,6.863803391452954,4.189654742026425,101.8399658203125,23.853965423583983,204.92578125,191.91800537109376,810.14979602555,0,1397,127,1524,522.5377178649902,1.067777777560196,4.2693096936979655,10.999999999913385,0.3428725182838893,1.55041400520167
1426,0.0,0.6931471805599453,5.10594547390058,4.127134385045092,4.418840607796598,4.143134726391533,93.03101806640623,25.4162017364502,35.828558349609374,159.90556640625002,464.70589051638535,0,246,124,370,314.18134455871586,0.22406073255987,3.66030373174632,1.9838709677259363,0.8491387690753155,1.4791008395727951
1427,0.0,1.0986122886681098,5.1298987149230735,4.68213122712422,3.5263605246161616,3.4965075614664802,83.60985717773437,23.73045726013184,25.362432861328124,151.85555419921874,452.5092896971756,0,201,141,342,284.5583014984131,0.1670168272402353,3.523314205777194,1.425531914883507,0.832041817244389,1.590216441807476
1428,3.6888794541139363,1.9459101490553132,5.648974238161206,4.890349128221754,4.060443010546419,4.6913478822291435,99.95833740234374,18.40337997436524,30.055462646484376,177.28099365234377,634.7753378338191,0,379,246,625,325.69817367553713,0.1695357298439729,5.431520597637388,1.5406504064978024,0.5211170778800256,1.9489680604234456
1429,0.0,1.6094379124341003,5.720311776607412,5.062595033026967,5.924255797414532,4.3694478524670215,96.9593994140625,16.95124969482422,41.579351806640624,171.13806152343753,685.9545183618536,0,677,239,916,326.6280624389649,0.2429579453937155,5.719896830848261,2.8326359832517465,0.3565808541906204,2.1001089533999666
1430,0.0,2.1972245773362196,7.186901020411631,4.962844630259907,5.056245805348308,4.430816798843313,60.64667358398437,18.79166752624512,110.38337402343748,155.9433837890625,701.2459467413504,1,1477,233,1710,345.76509892272946,0.7078426242952391,3.2273172934789165,6.33905579396421,0.202201812235396,2.028099275849801
1431,0.0,1.791759469228055,6.082218910376446,4.941642422609304,7.562161631225652,4.204692619390966,96.4281005859375,15.035638229370116,189.46235961914056,185.47730712890623,1131.511202151072,0,2360,210,2570,486.40340556335445,1.0214853911289712,6.413302788249105,11.238095238041724,0.1892620255109592,2.326281414165316
1432,3.7612001156935624,1.791759469228055,5.10594547390058,5.10594547390058,7.020190708311925,4.48863636973214,165.12088623046873,22.21829182434082,162.81436157226562,270.33720703125005,952.1959811970216,0,1324,257,1581,620.4907466583252,0.6022639774954935,7.431754318851009,5.1517509727426,0.3924672654382876,1.5345853041702429
1433,0.0,1.3862943611198906,4.787491742782046,5.093750200806762,7.29641326877392,4.23410650459726,169.73464965820312,23.394485916137697,176.39005737304686,283.4492431640625,955.7969138970784,0,1593,233,1826,652.9684361114502,0.6222985653566508,7.255327185192111,6.836909871215292,0.357594981440905,1.4637720003551244
1434,0.0,1.791759469228055,5.14166355650266,5.0106352940962555,2.995732273553991,4.499809670330265,115.3226623535156,19.745269500732423,23.280358886718748,190.7114501953125,627.3923312489715,0,189,243,432,349.05974093627924,0.1220711124725582,5.840521059659244,0.7777777777745771,0.8080086595728501,1.7973780922552864
1435,3.6635616461296463,0.6931471805599453,5.236441962829949,4.897839799950911,5.572154032177765,3.4011973816621555,78.54109497070313,21.69395718383789,29.88819580078125,124.90513916015624,442.4849194641534,0,487,163,650,255.02838711547847,0.2392871582506996,3.6204134774266175,2.987730061331364,0.3923513647924402,1.735041829920127
1436,4.1588830833596715,1.6094379124341003,5.14166355650266,5.5053315359323625,4.356708826689592,4.927253685157205,127.659375,19.430015075683595,27.133868408203124,243.3196655273437,748.7165663784612,0,310,386,696,417.5429240112304,0.1115153119633167,6.5702149224368736,0.8031088082880748,0.5999179942681473,1.7931487359046474
1437,0.0,1.6094379124341003,6.1903154058531475,4.912654885736052,7.4645098346365275,4.174387269895637,137.61644897460937,18.317678192138672,214.7483276367188,239.37125244140623,1133.362052330196,0,2231,203,2434,610.0537072448731,0.8971349961432322,7.512767039774556,10.990147783197092,0.2506383349402721,1.857807007594188
1438,0.0,2.302585092994046,7.195187320178709,5.0238805208462765,3.7376696182833684,4.51085950651685,85.60173339843749,25.81945816040039,131.76485595703124,230.0165771484375,696.7692821515234,1,1373,250,1623,473.20262466430665,0.5728493902047158,3.3153961970592585,5.491999999978033,0.2915604588194794,1.472454390218871
1439,3.8066624897703196,1.791759469228055,7.1785454837637,4.700480365792417,5.153291594497779,4.532599493153256,60.002490234375,18.753746383667,115.53519287109371,174.01933593750002,749.010560510147,1,1526,206,1732,368.3107654266357,0.6639215823230408,3.199493530713034,7.407766990255302,0.212650557405556,2.033637435605476
1440,3.7612001156935624,1.0986122886681098,5.662960480135946,4.663439094112067,6.0844994130751715,4.30406509320417,96.53307495117188,19.537591369628903,114.27670898437498,181.41357421875,765.7538475595912,0,767,180,947,411.7609495239258,0.6299236949377848,4.940889238593209,4.261111111087439,0.4348056489160412,1.8597048808127363
1441,0.0,0.0,6.683360945766275,4.07753744390572,4.174387269895637,3.7376696182833684,51.351416015625,26.01001190185547,103.45374755859376,147.9570556640625,499.0137787762286,1,862,99,961,328.7722311401367,0.6992146950584567,1.974294214374714,8.707070706982757,0.3421147046199735,1.5178099958265938
1442,0.0,1.791759469228055,5.662960480135946,5.521460917862246,5.537334267018537,4.77912349311153,74.16826171874999,10.034298568725587,37.97753906249999,151.76088867187502,931.8486759576456,0,540,372,912,273.94098802185056,0.2502458926974372,7.391474471621019,1.4516129032219045,0.3003738903745068,3.401640195150045
1443,3.6635616461296463,2.302585092994046,5.849324779946859,5.209486152841421,6.013715156042802,4.30406509320417,132.7423095703125,21.8466646270752,84.16549072265623,218.7462158203125,738.8192945887339,0,792,264,1056,457.5006807403564,0.3847631850756614,6.07609041609606,2.9999999999886366,0.4332392810037151,1.614903159032496
1444,3.6635616461296463,1.3862943611198906,6.066108090103747,4.356708826689592,7.360103972989152,3.713572066704308,115.60413208007812,19.87462550354004,251.06594238281244,208.415625,1063.1290178045588,0,2039,120,2159,594.9603249664306,1.2046406903590257,5.816669705483013,16.99166666652507,0.2755721746022024,1.7868906096599917
1445,0.0,1.9459101490553132,5.318119993844216,5.272999558563747,3.5553480614894135,4.74493212836325,144.59337158203127,24.07884777832032,31.5736083984375,248.45570068359373,658.6208423221645,0,237,314,551,448.7015284423828,0.127079428290193,6.004995459384592,0.7547770700612906,0.8143403419992169,1.4678373051391764
1446,0.0,1.9459101490553132,6.728628613084702,4.2626798770413155,5.1647859739235145,3.332204510175204,15.087799072265629,12.050031829833983,40.811517333984376,62.42589111328126,436.0657183831785,1,1009,103,1112,130.37523934936524,0.6537594675143992,1.2520962005808578,9.796116504759262,0.1172439202781007,3.344697356307917
1447,3.6635616461296463,0.6931471805599453,5.68697535633982,3.7612001156935624,6.80903930604298,4.110873864173311,82.72770996093749,19.29549481201172,164.5714599609375,161.10523681640626,819.3913923058933,0,1237,103,1340,427.69990155029296,1.0215152729483263,4.287410650135331,12.00970873774748,0.3191790310074431,1.915809167441732
1448,4.007333185232471,0.0,7.004881989712859,4.624972813284271,5.707110264748875,3.9889840465642745,54.29910278320313,21.677700988769534,145.423388671875,158.72999267578126,681.9284958940107,1,1455,154,1609,380.1301851196289,0.9161683070697152,2.504836781761534,9.448051947990598,0.2362524456925995,1.7939340851808714
1449,0.0,1.9459101490553132,5.3230099791384085,5.393627546352362,1.0986122886681098,4.804021044733257,97.57078857421877,17.285095458984376,23.68976440429688,194.5135620117188,687.3462783725911,0,206,346,552,333.0592104492188,0.1217897824664167,5.644793157208688,0.5953757225416318,0.6033681348706801,2.063735986893917
1450,0.0,2.302585092994046,5.0238805208462765,5.111987788356544,1.0986122886681098,4.605170185988092,105.15728759765624,18.390761215209963,17.849761962890625,178.07962646484376,618.5309697784343,0,153,273,426,319.4774372406006,0.100234722618953,5.717941000993946,0.5604395604375075,0.7499470357742973,1.936070901027913
1451,3.8066624897703196,2.0794415416798357,7.367077059881012,5.159055299214529,5.204006687076795,4.543294782270004,90.32623901367188,24.413007888793945,158.70119018554684,246.4849365234375,801.17162673407,1,1807,273,2080,519.9253736114501,0.6438575615342423,3.699922574941431,6.619047619023374,0.2499641219284616,1.540935810013495
1452,0.0,1.791759469228055,5.0106352940962555,5.429345628954441,0.6931471805599453,4.564348191467836,144.80809936523437,24.09249440002441,19.89201049804688,258.16322021484376,655.588561168308,0,150,327,477,446.9558244781495,0.0770520699324081,6.010506714451167,0.4587155963288724,0.93701430708011,1.466786034016414
1453,0.0,1.791759469228055,6.0014148779611505,5.0689042022202315,7.501082124259871,3.8918202981106265,125.3291748046875,16.169360641479493,242.44453125,230.8048828125,1286.2563571611008,0,2212,211,2423,614.747949508667,1.050430685411042,7.75102847761511,10.483412322225195,0.2537135573703728,2.0923312687533806
1454,3.6888794541139363,1.0986122886681098,5.950642552587727,4.454347296253507,7.541683099882111,4.394449154672439,131.5828125,21.594284454345704,313.12034912109374,263.762255859375,1192.1955702681153,0,2306,167,2473,730.0597019348145,1.1871309945379256,6.093409243177142,13.80838323345025,0.2952121722339342,1.6330110634882449
1455,3.7612001156935624,1.0986122886681098,5.575949103146316,5.135798437050262,4.74493212836325,4.634728988229636,137.2410461425781,22.47536723327637,60.08384399414063,242.68798828125003,725.423140754392,0,419,273,692,462.4882456512452,0.2475765052049554,6.106287150373087,1.534798534792913,0.6683356151019897,1.5685223301866429
1456,0.0,1.9459101490553132,5.3981627015177525,5.442417710521793,1.0986122886681098,4.564348191467836,155.65111083984374,22.845931640625,20.427264404296874,277.3510620117188,721.8923765206532,0,222,331,553,476.2753688964844,0.0736512932600925,6.813077850423459,0.6706948640463121,0.8612574482741829,1.5157037790800316
1457,0.0,1.6094379124341003,5.429345628954441,5.225746673713202,3.367295829986474,4.0943445622221,121.3681640625,20.028620269775395,40.177496337890624,196.49981689453128,666.2041314798882,0,255,248,503,378.0740975646973,0.2044658207455272,6.059736637954708,1.028225806447467,0.7516383649382617,1.762099376205277
1458,3.713572066704308,1.3862943611198906,5.793013608384144,4.584967478670572,7.387090235656757,4.290459441148391,142.1717102050781,24.29159536743164,257.15126953125,267.34577636718745,1009.2443967638404,0,1981,172,2153,690.9603514709472,0.9618677093933304,5.8527119379667685,11.517441860398154,0.3209290996147823,1.4606400998463305
1459,3.6635616461296463,1.791759469228055,5.170483995038151,5.159055299214529,1.6094379124341003,4.248495242049359,120.08704833984372,20.99148797607421,33.634973144531244,183.582275390625,607.6933891304348,0,217,247,464,358.2957848510742,0.1832147088970315,5.720749690112316,0.8785425101179006,0.7721891914877198,1.6960662525832582
1460,0.0,1.6094379124341003,4.859812404361672,5.187385805840755,7.356279876550748,3.6375861597263857,67.97098388671876,12.21314762878418,80.78032836914062,137.10838623046877,872.3875510450162,0,1693,219,1912,298.0728461151123,0.5891713161350018,5.5653944377908,7.730593607270637,0.1558958400182826,2.9267595569748184
1461,0.0,1.0986122886681098,7.050122520269059,4.736198448394496,4.04305126783455,4.382026634673881,39.92371215820312,14.976770645141604,67.08674926757811,123.38360595703126,634.1940069805963,1,1208,194,1402,245.3708380279541,0.5437249847471435,2.665708990374936,6.226804123679243,0.1750148630725956,2.5846348004311768
1462,3.871201010907891,1.3862943611198906,5.71042701737487,5.14166355650266,3.871201010907891,4.394449154672439,138.20443725585938,23.843327545166016,53.02677612304688,223.3917114257813,653.4319700291069,0,395,253,648,438.4662523498536,0.2373712783897396,5.796356946750183,1.5612648221282164,0.6766454511561373,1.4902674185885605
1463,4.174387269895637,2.5649493574615367,5.247024072160486,5.75890177387728,3.9318256327243257,4.74493212836325,151.31387329101562,21.244970855712893,27.430169677734373,278.6453979492187,774.1309183119446,0,303,442,745,478.6344117736816,0.0984411365826142,7.122338473022858,0.6855203619893993,0.6424622976819316,1.6173741362256435
1464,0.0,1.3862943611198906,4.605170185988092,5.087596335232384,4.2626798770413155,3.9512437185814275,85.94104614257812,17.332736389160157,23.40142822265625,147.75739746093748,575.0484528712111,0,169,215,384,274.43260821533204,0.1583773714523125,4.958308036771799,0.786046511624251,0.7146682505588994,2.095408620020501
1465,0.0,1.3862943611198906,5.697093486505405,4.882801922586371,6.461468176353717,4.276666119016055,145.9554016113281,23.71929048156738,94.43408203125,234.80837402343752,740.5561293033159,1,936,205,1141,498.917148147583,0.4021751030967143,6.153447200227124,4.565853658514313,0.4372630570965344,1.4843268708069544
1466,3.8066624897703196,1.791759469228055,7.3427791893318455,5.043425116919247,3.784189633918261,4.23410650459726,71.91123046875,22.748499252319338,143.04501342773438,185.7148315429688,710.6075607426377,0,1631,227,1858,423.4195746917725,0.7702401161959317,3.161141738097607,7.185022026400066,0.2278899756143942,1.6782586427617214
1467,4.219507705176107,1.3862943611198906,7.282761179605593,5.099866427824199,6.0063531596017325,4.787491742782046,82.01859741210937,20.97225297546387,153.3183837890625,227.35733642578128,862.6128659173787,0,1926,285,2211,483.666570602417,0.6743498415255121,3.9108148039294974,6.757894736818393,0.2187546678435994,1.7834866379977274
1468,0.0,5.187385805840755,4.31748811353631,7.973155433444133,0.0,7.195937226475569,138.63504638671876,18.30965986633301,10.397625732421874,7766.931298828126,14721.986315656854,0,74,4412,4486,7934.2736308136,0.0013387044808789,7.5716887911207476,0.01677243880326,1.768674460724884,1.8554926387313628
1469,3.6635616461296463,1.3862943611198906,5.655991810819852,4.110873864173311,6.946013991099227,4.499809670330265,70.66867675781249,14.116554473876954,135.07833251953122,167.01236572265626,993.896547001176,0,1361,152,1513,386.8759294738769,0.8087924024921361,5.006085364780804,8.953947368362146,0.2557012091696108,2.569031752247378
1470,0.0,1.6094379124341003,5.123963979403259,4.90527477843843,5.262690188904886,4.30406509320417,69.63079833984375,11.70084297180176,43.04970703125,151.4682861328125,834.2446536686664,0,359,211,570,275.849634475708,0.2842159776814161,5.9509215277649945,1.7014218009398037,0.4839467271495159,3.0242731887292305
1471,0.0,1.0986122886681098,5.225746673713202,4.499809670330265,6.327936783729195,4.77912349311153,73.59263305664062,11.650223236083985,86.65856323242187,167.5786376953125,1021.5889902654056,0,744,209,953,339.480057220459,0.5171217789075556,6.316843167638789,3.559808612423159,0.356222515446068,3.00927541554812
1472,4.219507705176107,1.0986122886681098,5.802118375377063,4.820281565605037,5.634789603169249,4.1588830833596715,72.99673461914062,12.121458297729491,52.63011474609375,123.50236816406252,761.3538016275347,0,676,188,864,261.2506758270264,0.4261466037295165,6.022108299196291,3.5957446808319378,0.3023734673920417,2.9142653859724805
1473,3.7612001156935624,0.6931471805599453,5.0369526024136295,3.5263605246161616,3.4965075614664802,2.6390573296152584,34.116174316406244,11.001622009277344,27.317065429687503,61.7701171875,465.7025045006884,0,227,47,274,134.2049789428711,0.4422375522831813,3.101013131021596,4.8297872339397925,0.4897991932203697,3.470083659828004
1474,0.0,1.0986122886681098,5.5093883366279774,3.5553480614894135,7.1693500166706,3.6375861597263857,73.39290161132813,13.766537338256835,198.8006286621093,164.38238525390625,1176.2172401960784,0,1544,73,1617,450.3424528656005,1.2093791457876162,5.331253589967027,21.15068493121712,0.2785049182840581,2.611828471220089
1475,0.0,1.3862943611198906,5.241747015059643,4.143134726391533,3.8501476017100584,1.9459101490553132,41.33155517578125,13.118589752197266,24.82717895507812,66.81837158203125,424.5910198669623,0,234,71,305,146.09569546508789,0.371562167213651,3.1506096275102977,3.295774647840904,0.4790022802118324,2.9062527715987327
1476,3.6635616461296463,1.6094379124341003,5.455321115357702,4.770684624465665,7.166265974133638,4.356708826689592,110.07954711914064,14.987114135742187,185.42724609375,237.64661865234376,1249.6673454393656,0,1565,198,1763,548.1405260009766,0.7802646094629843,7.3449462061059005,7.904040404000485,0.3109135144643594,2.279830237246241
1477,3.8066624897703196,1.6094379124341003,6.311734809152915,4.442651256490317,6.576469569048224,4.605170185988092,55.84405517578126,9.5402459564209,101.21715087890622,149.48203125,1175.377165172492,0,1311,187,1498,316.0834832611084,0.6771191830337743,5.853523632935568,7.010695187128285,0.2110036603877819,3.7185655923622702
1478,0.0,1.3862943611198906,6.806829360392176,4.532599493153256,7.217443431696533,3.912023005428146,47.942962646484375,8.892028930664063,197.10884399414056,147.39422607421875,1623.1850905949148,1,2265,144,2409,401.33806164550776,1.3372901316605936,5.391678661296515,15.729166666557438,0.166599444435592,4.044433473206412
1479,0.0,1.3862943611198906,5.666426688112432,4.5217885770490405,6.9957661563048505,3.784189633918261,115.06854858398437,17.74548307800293,184.15601806640623,194.9128784179688,1007.1682352287738,0,1379,137,1516,511.8829281463624,0.944811956809542,6.484385241680879,10.065693430583464,0.337653646534317,1.9675753572676824
1480,3.713572066704308,1.6094379124341003,5.298317366548036,4.795790545596741,6.729824070489475,4.204692619390966,111.12962036132812,16.129054458618164,144.0613586425781,212.4638671875,1036.5939224808735,0,1075,190,1265,483.7839006500244,0.6780510989888248,6.890026978305521,5.657894736812327,0.3824378661261992,2.142679657355147
1481,0.0,1.3862943611198906,5.720311776607412,4.709530201312334,6.366470447731438,4.48863636973214,93.11522827148436,14.38515591430664,109.68722534179688,187.6287963867188,982.7399606608386,0,885,201,1086,404.8164059143066,0.5845969672754158,6.47300792703987,4.402985074604961,0.3727591214677108,2.42761890649867
1482,0.0,1.791759469228055,5.402677381872279,4.804021044733257,6.759255270663693,4.454347296253507,68.70003662109376,10.705672439575196,102.33704223632812,168.55971679687502,1144.323723905892,0,1082,211,1293,350.3024680938721,0.6071263299465762,6.417162210261183,5.127962085283754,0.2709222491056467,3.26667331272121
1483,3.7376696182833684,0.6931471805599453,4.976733742420574,4.23410650459726,3.4965075614664802,3.1780538303479458,40.49571533203125,13.055870178222657,27.199182128906244,64.26756591796875,424.0550378368732,0,217,92,309,145.01833355712893,0.4232178664304808,3.1017247242912123,2.358695652148275,0.4693149953289955,2.924147777955921
1484,3.6635616461296463,1.791759469228055,5.209486152841421,5.111987788356544,3.912023005428146,4.543294782270004,109.13642578125,17.47918684387207,28.370050048828123,211.7392456054688,737.0486871013248,0,269,263,532,366.72490827941897,0.133985789774446,6.24379307514913,1.0228136882090388,0.6893325343585144,2.00981354268343
1485,0.0,1.3862943611198906,5.327876168789581,4.762173934797756,6.413458957167357,4.477336814478207,94.4701721191406,15.109744125366213,99.55404052734372,188.64602050781247,924.6261116194936,0,814,206,1020,397.779977279663,0.5277293433427774,6.252268160801742,3.95145631066043,0.3899803698816402,2.324466198476104
1486,0.0,1.9459101490553132,6.311734809152915,4.736198448394496,6.838405200847344,4.574710978503383,58.68429565429688,13.221655426025391,118.36598510742188,190.75792236328127,1062.6935403013024,1,1482,215,1697,381.0298585510254,0.620503639588735,4.438498339197732,6.893023255781893,0.2245314428702421,2.789003319424121
1487,3.6635616461296463,1.6094379124341003,4.859812404361672,4.700480365792417,4.248495242049359,4.634728988229636,60.98779907226562,21.658001953125,33.52186889648437,199.04029541015623,561.0088864265928,1,235,215,450,315.2079653320312,0.1684174997190316,2.815947620719917,1.0930232558088695,0.700462145180735,1.7798055510236297
1488,3.6888794541139363,1.3862943611198906,5.6937321388027,4.110873864173311,6.246106765481563,4.574710978503383,64.05232543945313,14.675482177734375,102.0041015625,147.00867919921876,823.8898043728425,0,850,159,1009,327.7405883789063,0.6938644855354106,4.364580642690477,5.345911949651913,0.3248172332790698,2.5138473340928287
1489,0.0,1.3862943611198906,4.812184355372417,3.367295829986474,1.791759469228055,3.58351893845611,23.15385131835937,19.12211036682129,19.997149658203124,110.92906494140624,365.547398718279,1,127,66,193,173.20217628479003,0.1802697036036996,1.2108418408316846,1.924242424213269,0.8974206025072157,2.110524281837616
1490,0.0,1.791759469228055,5.5134287461649825,4.976733742420574,3.9318256327243257,4.605170185988092,57.00602416992187,9.92927197265625,24.19315795898437,139.97244873046873,828.2526943016514,0,297,248,545,231.10090283203124,0.1728422855943452,5.741208854099962,1.1975806451564617,0.4240383538194627,3.583944000859478
1491,3.6635616461296463,1.6094379124341003,5.017279836814924,4.762173934797756,1.9459101490553132,3.9318256327243257,37.99462280273437,9.351253967285157,23.64515991210937,85.81688232421875,623.6535853865761,0,194,170,364,156.80791900634767,0.2755303999800612,4.063051108609968,1.1411764705815226,0.4307909862799914,3.9771816967825018
1492,3.7612001156935624,1.791759469228055,5.541263545158426,3.713572066704308,3.9318256327243257,3.4965075614664802,49.137725830078125,13.187167144775392,45.35480346679688,104.89973144531253,604.9329303517152,0,346,77,423,212.5794278869629,0.432363389700472,3.7261775244746,4.493506493448136,0.5025518389750837,2.845679548401724
1493,0.0,1.6094379124341003,4.962844630259907,4.919980925828125,4.532599493153256,4.543294782270004,107.57384033203124,18.79741557312012,31.035168457031247,201.1917846679688,679.1438049647439,0,234,233,467,358.5982090301514,0.154256638799119,5.722799493784486,1.004291845489252,0.7678762505982517,1.8938850999831591
1494,0.0,0.0,6.322565239927284,3.5553480614894135,0.6931471805599453,0.6931471805599453,8.329559326171875,10.711869552612306,19.216571044921874,31.9625244140625,267.8991898358365,1,557,35,592,70.22052433776855,0.6012219434040063,0.7776008925876943,15.914285713831022,0.1186157505703546,3.815112352955333
1495,3.6635616461296463,0.6931471805599453,5.579729825986222,3.4011973816621555,7.286191714702382,3.295836866004329,90.39166259765624,17.755736755371093,244.2350830078125,169.5614501953125,1063.7553664634904,0,1761,56,1817,521.9439325561523,1.4403927468480922,5.090842685827836,31.44642857086703,0.2872558792272234,2.0380644358712043
1496,3.784189633918261,1.6094379124341003,6.576469569048224,4.143134726391533,3.9889840465642745,3.4011973816621555,40.01401977539062,20.97368000793457,90.1090393066406,112.91531982421876,497.8790945269336,1,813,95,908,264.01205891418454,0.7980231508542869,1.9078206475136965,8.557894736752022,0.2907621794205878,1.8858195211714943
1497,0.0,1.6094379124341003,5.916202062607435,5.0106352940962555,6.218600119691729,4.564348191467836,50.83132324218749,10.14448942565918,44.30181884765624,133.9224609375,855.1285871154265,0,871,248,1119,239.20009245300287,0.3308020069015948,5.010732537076283,3.512096774179387,0.2137623703778276,3.574950905505456
1498,0.0,1.9459101490553132,5.181783550292085,4.795790545596741,3.828641396489095,4.060443010546419,46.03925170898437,9.430224746704102,24.82399291992187,108.00648193359376,726.6768112707573,0,222,183,405,188.2999513092041,0.2298379918989927,4.882094853592239,1.2131147540917318,0.4649381513796028,3.859144977014013
1499,4.07753744390572,1.9459101490553132,6.683360945766275,4.890349128221754,4.867534450455582,4.442651256490317,50.421313476562496,17.07468301391602,62.379382324218746,177.35328369140626,690.9113178917028,1,985,222,1207,307.22866250610355,0.3517238645121835,2.9529867952755366,4.436936936916951,0.254539074155633,2.248850456378652
1500,0.0,1.9459101490553132,5.017279836814924,5.0369526024136295,6.19644412779452,4.6913478822291435,115.81111450195314,18.374100860595703,67.84821166992187,240.3936401367188,844.5936578502766,0,640,267,907,442.4270671691895,0.2822379644946197,6.302954107757929,2.3970037453093744,0.487791694783574,1.9090008738669344
1501,0.0,1.6094379124341003,6.056784013228625,4.23410650459726,6.9584483932976555,3.332204510175204,75.79627075195313,12.985676147460936,176.9221252441406,157.39262695312502,1156.396082742514,0,1477,99,1576,423.0966990966797,1.124081405005762,5.836913679765263,14.91919191904122,0.2684623725231035,2.7331720743950747
1502,3.6635616461296463,1.6094379124341003,5.68697535633982,4.02535169073515,7.2682230211595655,4.290459441148391,77.33529052734376,15.30503302001953,183.99990234375,180.14161376953126,1081.0217623862488,0,1765,131,1896,456.78183966064455,1.0214180859850268,5.052931961736607,13.473282442645242,0.2409186918040103,2.3666040733734124
1503,3.7376696182833684,0.6931471805599453,5.375278407684165,4.672828834461906,6.030685260261263,4.564348191467836,61.78985595703125,11.370749404907228,79.01845092773436,154.5595458984375,967.5789869561032,0,671,202,873,306.73860218811035,0.5112492435708039,5.434105858047557,3.321782178201377,0.3513615145335154,3.154408933374391
1504,0.0,2.0794415416798357,5.476463551931511,5.187385805840755,5.2832037287379885,4.248495242049359,132.7620849609375,18.50416539001465,49.50302124023437,241.66215820312505,820.4636724108659,0,434,254,688,442.4314297943116,0.2048439093985935,7.174713485073195,1.7086614173161077,0.6430689386535879,1.854442558003732
1505,0.0,1.9459101490553132,4.969813299576001,4.8283137373023015,3.332204510175204,3.7612001156935624,81.17781372070313,15.91702038574219,23.949426269531248,146.831396484375,608.9316353798127,0,170,172,342,267.8756568603516,0.1631083463264391,5.100063438275093,0.9883720930175096,0.7832621545601413,2.2731876517431617
1506,3.6888794541139363,1.3862943611198906,5.476463551931511,4.454347296253507,6.78897174299217,3.7376696182833684,53.421075439453126,8.573670959472656,139.96730346679686,124.61253662109377,1338.653496372279,0,1164,129,1293,326.57458648681643,1.12322008090782,6.23082874135726,9.02325581388354,0.2525712192471491,4.099074305716744
1507,3.6635616461296463,1.0986122886681098,5.0106352940962555,4.406719247264253,4.5217885770490405,3.4657359027997265,56.67956542968749,13.124457550048833,34.08898315429687,106.77066650390628,592.8907691316671,0,278,114,392,210.6636726379395,0.3192729264524205,4.3186215665848975,2.438596491206679,0.537407328156638,2.8143949153864507
1508,0.0,2.0794415416798357,4.969813299576001,4.955827057601261,2.833213344056216,3.784189633918261,84.76177368164062,16.914181777954106,20.77932128906249,147.64552001953123,579.1181645292154,0,159,191,350,270.10079676818845,0.1407379058042057,5.011284305050308,0.8324607329799348,0.7717165621926192,2.1440816593521355
1509,0.0,1.791759469228055,5.117993812416755,4.51085950651685,4.23410650459726,4.499809670330265,52.649505615234375,20.75250993347168,32.18214111328125,177.92127685546876,530.7607864651775,1,234,184,418,283.5054335174561,0.1808785418016248,2.5370186922681137,1.2717391304278711,0.6782426639157365,1.8721362052153587
1510,3.9512437185814275,2.0794415416798357,4.927253685157205,4.430816798843313,4.290459441148391,3.9889840465642745,43.86692504882812,10.29044091796875,32.41790771484375,114.7449462890625,723.7368039495337,0,260,143,403,201.3202199707032,0.2825214422332368,4.262880997447505,1.818181818169104,0.4995538957077012,3.594953373542209
1511,3.9318256327243257,1.791759469228055,5.4510384535657,5.231108616854587,5.545177444479562,4.532599493153256,83.15057373046875,11.012434524536134,43.48778686523437,185.7613037109375,998.4518234878462,0,537,283,820,323.4120988311768,0.2341057367505961,7.55060777320904,1.8975265017600795,0.3944049985741248,3.087243263604549
1512,0.0,1.6094379124341003,4.941642422609304,4.6913478822291435,3.091042453358316,3.713572066704308,78.93907470703125,17.974671478271482,21.932666015625,133.04637451171874,516.6514042939408,0,160,152,312,251.89278671264643,0.1648497833627801,4.391683864601606,1.0526315789404432,0.8073486753584587,2.051076614914241
1513,0.0,0.6931471805599453,5.720311776607412,3.9889840465642745,6.859614903654202,3.871201010907891,88.33568115234375,18.11532398986817,153.9062072753906,183.4376953125,891.616893715512,1,1256,101,1357,443.7949077301026,0.8390107988020713,4.876295957879266,12.43564356423331,0.3270411995060984,2.009074187610433
1514,3.828641396489095,1.9459101490553132,6.720220155135295,4.663439094112067,3.912023005428146,3.713572066704308,28.8555908203125,14.036091796875,41.14764404296874,103.99610595703123,527.619888337044,0,922,151,1073,188.03543261718747,0.3956652382693475,2.055813771799434,6.105960264860226,0.1752427144613348,2.805959924629709
1515,3.871201010907891,1.791759469228055,6.532334292222349,4.882801922586371,5.783825182329737,4.127134385045092,56.93763427734375,15.04693473815918,87.34674682617187,167.5855224609375,815.4381485498972,0,1057,197,1254,326.9168383026123,0.5212069965411857,3.784002208048748,5.365482233475302,0.2606992330959741,2.494328994435546
1516,0.0,5.556828061699537,4.663439094112067,7.696667081526462,0.0,8.447199819595703,164.4205078125,25.79876119995117,15.597235107421874,10621.224316406251,14690.094555380732,0,105,7119,7224,10827.040820526125,0.0014684969117287,6.373193911591306,0.014749262536871,1.4987598035056235,1.3567968200073277
1517,3.6635616461296463,1.6094379124341003,6.1092475827643655,3.9512437185814275,8.310169021981912,5.111987788356544,187.49987182617187,23.32021536254883,608.8162719726562,520.0321655273438,1929.763417311412,0,4551,220,4771,1339.6685246887205,1.170728105547297,8.040228998881702,20.686363636269608,0.2807940735041793,1.4404782838040946
1518,0.0,1.6094379124341003,5.983936280687191,4.543294782270004,5.877735781779639,5.153291594497779,133.80457763671873,22.402698348999028,109.59164428710936,406.3801757812501,1061.0831785094906,0,752,269,1021,672.1790960540773,0.2696776339449974,5.972699160890346,2.795539033446857,0.658353669004328,1.5785721167719076
1519,0.0,1.6094379124341003,6.156978985585555,4.3694478524670215,7.640603826393634,5.220355825078324,169.15704345703125,23.757216613769533,319.4860473632812,491.6738159179688,1451.9638514563107,0,2551,266,2817,1004.0741233520508,0.6497926816910964,7.120238292219328,9.59022556387372,0.3564338386055003,1.4460723742262738
1520,3.7376696182833684,2.1972245773362196,5.808142489980444,4.248495242049359,1.9459101490553132,4.68213122712422,89.69556884765625,20.71533723449707,61.184619140625,273.59886474609374,793.5231598400784,0,379,184,563,445.1943899688721,0.2236289218421361,4.329911110206648,2.0597826086844577,0.7907538010090255,1.7824194952092254
1521,3.713572066704308,1.0986122886681098,6.582025138892826,3.5553480614894135,8.16223106548118,4.276666119016055,146.26785278320312,19.13058274841309,541.5192443847657,347.012841796875,1868.5853985228875,0,4266,107,4373,1053.930521713257,1.5605164396197908,7.645760440187871,39.86915887813206,0.2410085803139757,1.7729682934730502
1522,0.0,1.791759469228055,6.47543271670409,3.258096538021482,8.243282523048375,4.465908118654584,136.11763916015624,16.916716506958007,513.1507873535156,357.43637695312503,2032.2344723720084,0,4449,116,4565,1023.6215199737547,1.4356423140988128,8.046339199224827,38.35344827553144,0.2242325344958445,1.9853377764294449
1523,0.0,2.0794415416798357,5.786897381366708,3.4339872044851463,3.970291913552122,4.02535169073515,60.50692749023437,18.75705949401856,56.30202026367187,163.74210205078126,607.1017100278552,0,377,92,469,299.3081092987061,0.3438457156600268,3.225821590335287,4.09782608691198,0.6381836019148569,2.028350355920181
1524,3.713572066704308,1.6094379124341003,6.131226489483141,4.454347296253507,7.6511201757027,5.10594547390058,170.0571533203125,25.491525100708007,380.4858764648438,478.8578247070313,1438.002891026708,0,2601,253,2854,1054.8923795928956,0.7945696130095259,6.671125114790334,10.28063241102656,0.3696189136624127,1.3631749729581888
1525,0.0,1.9459101490553132,5.8888779583328805,4.31748811353631,5.886104031450156,5.267858159063328,116.92331542968748,25.69543107604981,97.96102294921874,406.1839599609375,923.891794999782,0,719,273,992,646.7637294158935,0.2411740309942284,4.550354305365944,2.6336996336899867,0.6519795659427838,1.4284842408103813
1526,0.0,2.0794415416798357,6.5638555265321274,4.2626798770413155,8.213652703029998,4.672828834461906,113.30211181640622,20.351972854614257,466.5438720703124,411.85356445312505,1780.1762975199956,1,4398,183,4581,1012.051521194458,1.1327906623527089,5.567131629951586,24.03278688511457,0.2209237112408288,1.7589779376223964
1527,0.0,2.0794415416798357,6.464588303689961,4.1588830833596715,8.017966703493599,4.804021044733257,132.82025756835935,19.153744583129885,375.13970947265625,358.54482421875,1596.0654953803005,0,3675,191,3866,885.6585358428955,1.0462839905415433,6.934427729521334,19.240837696234344,0.2290891194626659,1.8021228620119345
1528,3.713572066704308,1.9459101490553132,6.206575926724928,4.5217885770490405,7.685703061234547,5.093750200806762,186.20755004882807,24.066932556152345,391.9221496582032,472.08149414062507,1510.683445455326,0,2711,259,2970,1074.2781264038083,0.8302001974697742,7.737070339422623,10.467181467141051,0.3617098068698474,1.4062312247862632
1529,0.0,1.9459101490553132,6.240275845170769,4.276666119016055,7.537430036586509,5.2574953720277815,131.38472900390624,18.298148803710937,308.2154479980469,384.4349853515625,1579.3990581368732,0,2388,268,2656,842.3333111572265,0.8017362096100198,7.180219726384599,8.910447761160782,0.3171435659476315,1.8750286106638303
1530,0.0,1.9459101490553132,6.0867747269123065,4.31748811353631,7.442492722794441,5.176149732573829,170.12834472656252,25.56557611083985,290.43577880859374,473.10732421875,1304.3521785210391,0,2145,256,2401,959.237023864746,0.6138898383946629,6.654586776465139,8.37890624996727,0.3995156284316312,1.359780894678639
1531,3.7612001156935624,1.6094379124341003,6.111467339502679,3.4965075614664802,6.322565239927284,4.060443010546419,107.26814575195311,27.400914505004884,168.84234008789062,226.2127441406249,721.8064190993014,0,1048,93,1141,529.7241444854736,0.7463873917827705,3.9147651706458704,11.268817204179904,0.4642630538869495,1.3626081170965627
1532,3.8501476017100584,2.1972245773362196,5.996452088619021,4.77912349311153,7.293017679772782,5.220355825078324,133.87000122070313,20.449220626831057,133.8150695800781,422.4234008789063,1211.2971835136825,0,1916,310,2226,710.5576923065187,0.3167794902018729,6.546459821481325,6.180645161270386,0.3192083074151839,1.704713349284876
1533,0.0,2.0794415416798357,5.834810737062605,4.3694478524670215,6.066108090103747,5.25227342804663,114.76318359375,24.70806431579589,119.29471435546874,368.9855712890625,930.355597082768,0,771,275,1046,627.7515335540771,0.3233045507399806,4.644766264257172,2.8036363636261687,0.6001448695539933,1.482044323833008
1534,0.0,2.0794415416798357,6.352629396319567,4.584967478670572,7.334981878871814,5.231108616854587,106.142431640625,24.363765289306645,263.69219970703125,476.9094360351562,1321.441667561687,1,2105,290,2395,871.1078326721191,0.5529188138920359,4.356569289511863,7.258620689630143,0.3637193455831964,1.516966807090523
1535,3.7376696182833684,1.3862943611198906,6.129050210060545,4.290459441148391,7.628031126930335,4.875197323201151,68.34358520507811,18.120752700805664,213.0629150390625,315.4685668945313,1274.3254726508155,1,2553,205,2758,614.9958198394776,0.6753855610268111,3.771564367647263,12.453658536524618,0.2229861565769596,2.07208802326715
1536,3.4657359027997265,2.6390573296152584,6.594413459749778,3.8918202981106265,8.37655086161377,4.762173934797756,189.93603515625,22.77287356567383,656.7963684082031,502.3434814453125,2009.061010994413,0,5104,177,5281,1371.8487585754392,1.307464698292094,8.340450958029525,28.83615819192748,0.2597706416540767,1.4644916201106644
1537,0.0,1.9459101490553132,5.517452896464707,3.1780538303479458,5.958424693029782,4.30406509320417,24.059564208984376,19.45531745910645,59.9994140625,189.49284667968752,607.3286129736226,1,634,102,736,293.00714241027833,0.3166315516047126,1.2366574977930345,6.215686274448865,0.3981075304482068,2.0727433740203787
1538,0.0,1.791759469228055,6.180016653652572,4.836281906951478,7.372118028337787,5.062595033026967,118.65514526367188,16.304135375976564,185.51008300781248,349.5688110351563,1406.6122690755333,0,2072,287,2359,670.0381746826172,0.5306825928146804,7.277610404979063,7.219512195096796,0.2840348345410484,2.0993016849222306
1539,3.6635616461296463,1.3862943611198906,5.713732805509369,4.31748811353631,2.9444389791664403,4.812184355372417,86.93789062499998,20.080028366088868,40.207763671875,236.46416015625,705.6206515602199,0,358,199,557,383.6898428192138,0.1700374536468301,4.329570109945215,1.7989949748653318,0.6888507052397217,1.839039173864328
1540,3.7376696182833684,1.9459101490553132,5.707110264748875,3.7612001156935624,5.4116460518550396,4.48863636973214,58.96823730468749,17.882313537597657,33.286102294921875,193.0057983398437,643.7700486066104,0,564,136,700,303.1424514770507,0.1724616699656836,3.2975731678906586,4.147058823498919,0.4330606449665966,2.1236552171025216
1541,0.0,1.9459101490553132,5.739792912179234,4.543294782270004,5.955837369464831,5.220355825078324,86.41137084960937,20.499311462402343,52.518603515625,308.00892333984376,844.6107106699752,0,695,283,978,467.43820916748047,0.1705100064828567,4.215330402871364,2.4558303886839017,0.4779531791073645,1.806892748824368
1542,0.0,1.6094379124341003,6.505784060128229,2.6390573296152584,5.2574953720277815,2.1972245773362196,34.06475830078125,24.500500946044923,110.8628723144531,100.58986816406252,442.39749075,1,859,25,884,270.0179997253418,1.1021276231571666,1.3903698693511777,34.3599999986256,0.305450225933299,1.6383999999939325
1543,3.6888794541139363,1.0986122886681098,6.395261598115449,3.4657359027997265,7.519692404116539,4.5217885770490405,103.9058349609375,19.483094696044923,293.7540344238281,269.4869384765625,1267.3626230496254,0,2480,124,2604,686.629902557373,1.090049247222741,5.333127851434059,19.99999999983871,0.2636827582784598,1.845772545482582
1544,4.04305126783455,1.3862943611198906,6.113682179832232,3.713572066704308,4.795790545596741,4.624972813284271,36.76937255859375,21.18957106018067,86.72546997070312,193.9490112304688,635.2745213545543,1,627,144,771,338.6334248199464,0.4471560304434883,1.7352579933038526,4.35416666663643,0.4392132617633037,1.875994732919404
1545,0.0,2.1972245773362196,5.4510384535657,4.77912349311153,6.594413459749778,5.19295685089021,100.40114135742186,20.35065060424805,107.52072143554688,338.5118774414063,1012.1193961307902,0,962,305,1267,566.784390838623,0.3176276184100519,4.933559290312336,3.1540983606453965,0.4473436391777235,1.785722070841536
1546,0.0,2.0794415416798357,5.556828061699537,4.418840607796598,0.6931471805599453,4.912654885736052,113.86702880859376,25.46434162902833,46.37114868164062,313.6578735351562,721.442676535426,0,259,224,483,499.3603926544189,0.1478399000760148,4.471626655932006,1.156249999994838,1.033872448557733,1.4447334773570113
1547,4.23410650459726,1.6094379124341003,5.717027701406222,4.276666119016055,6.51025834052315,4.890349128221754,50.16917724609375,21.341056045532227,70.80803833007812,304.39097900390624,817.5240840268082,1,1042,207,1249,446.7092506256104,0.2326220000394191,2.3508291781205406,5.033816425096456,0.3576535233188572,1.830103323090011
1548,0.0,1.9459101490553132,5.659482215759621,4.8283137373023015,6.723832440821209,5.153291594497779,150.28687133789063,25.48609638977051,162.35079345703124,454.28609619140633,1101.9686035946188,0,1117,302,1419,792.4098573760987,0.3573756600031842,5.896817976106975,3.698675496676495,0.5584283702435097,1.3906548402138377
1549,0.0,2.0794415416798357,6.0473721790462776,3.6109179126442243,3.1354942159291497,3.9318256327243257,70.61182250976562,21.95387168884277,53.01721801757813,224.36590576171875,641.3333439583113,0,444,93,537,369.94881797790526,0.2362980143411237,3.2163721965467733,4.774193548335761,0.6889177243523582,1.7335731668559635
1550,3.4339872044851463,2.0794415416798357,6.251903883165888,3.7376696182833684,7.171656822768514,4.770684624465665,106.11705322265624,23.414559173583985,252.4056701660156,325.3791870117187,1109.494785782671,0,1849,165,2014,707.3164695739746,0.7757277669888251,4.5320969927908825,11.206060605992691,0.3511998359352648,1.5685974150288975
1551,3.8066624897703196,1.3862943611198906,5.529429087511423,4.418840607796598,7.142036574706803,5.19295685089021,124.27333374023436,21.220386978149417,223.468505859375,412.0773193359376,1305.9038596030207,0,1558,264,1822,781.0395459136964,0.5422975140173987,5.856317976780631,5.901515151492798,0.4286715400182589,1.6720073476863986
1552,0.0,2.3978952727983707,5.765191102784844,4.553876891600541,5.877735781779639,5.267858159063328,151.41060791015624,26.02411756896973,89.88123779296875,461.0848022460937,994.0542369955436,0,674,297,971,728.4007655181885,0.1949342883455128,5.818088067849609,2.2693602693526285,0.7501552682980827,1.3647078422371002
1553,0.0,2.3978952727983707,6.452048954437226,4.394449154672439,8.264105763728956,4.663439094112067,160.3769348144531,17.740084304809574,474.7351684570313,415.15825195312505,1974.641205354624,0,4514,195,4709,1068.010439529419,1.1435041125221077,9.040370499362982,23.14871794859924,0.226801962100062,1.848896913613345
1554,3.6635616461296463,1.6094379124341003,6.423246963533519,4.330733340286331,8.413830678421084,4.762173934797756,201.2905700683594,20.61615348815918,695.9622985839844,508.5173950195312,2230.805179338488,0,5161,195,5356,1426.3864171600342,1.3686106028996023,9.763730667517889,26.46666666653094,0.2663156118670216,1.5639557082845088
1555,3.6635616461296463,2.302585092994046,5.4638318050256105,3.6375861597263857,5.849324779946859,4.30406509320417,75.06375732421874,18.65461752319336,79.95673828125,216.904541015625,779.494129179609,0,619,119,738,390.5796541442871,0.3686263916213796,4.023870080791943,5.201680672225196,0.5292407237720296,1.995736646562891
1556,0.0,1.6094379124341003,6.52795791762255,4.356708826689592,8.13739583005665,4.605170185988092,165.5811584472656,20.20220928955078,449.5670837402344,426.724658203125,1759.635817271716,0,4102,180,4282,1062.0751096801755,1.0535296592239174,8.196190627760362,22.788888888762287,0.2480324870807864,1.6567903731403149
1557,0.0,2.0794415416798357,5.945420608606575,4.219507705176107,6.342121418721152,5.402677381872279,53.634814453125,19.82672012329101,144.4166015625,330.6632446289063,1069.85322093923,1,948,295,1243,548.5413807678224,0.4367482745901734,2.7051783712533206,3.213559322023005,0.4413044093060185,1.950360097609681
1558,4.110873864173311,1.6094379124341003,6.396929655216146,4.0943445622221,7.941295570906532,4.564348191467836,170.7123779296875,23.07869760131836,407.35530395507806,444.0553344726562,1545.6796535337123,0,3469,158,3627,1045.20171395874,0.9173525737235448,7.396967578991055,21.955696202392687,0.2881725155661571,1.4788338297666148
1559,4.23410650459726,1.791759469228055,5.4680601411351315,4.7535901911063645,5.25227342804663,5.318119993844216,143.17218017578122,23.92711331176758,78.90216064453124,445.1138671875,1021.445439944071,0,494,323,817,691.1153213195801,0.1772628679104198,5.983679615015828,1.5294117647011474,0.845918385947043,1.4779667132719585
1560,0.0,1.791759469228055,6.0867747269123065,4.30406509320417,7.891704659330107,4.584967478670572,162.94476928710935,23.7377720489502,417.8007202148437,403.30957031250006,1468.3572927745663,0,3113,175,3288,1007.7928318634032,1.0359305877370562,6.864366586056723,17.78857142846978,0.3065063357247861,1.457003112492996
1561,0.0,1.791759469228055,6.282266746896006,4.174387269895637,7.697121317282625,4.672828834461906,123.979833984375,17.629888458251955,366.5597167968749,365.7273559570313,1707.0551526080474,1,2735,175,2910,873.8967951965332,1.0022759053302512,7.032366328971972,15.628571428482124,0.300308177043379,1.9533830104299552
1562,4.127134385045092,1.791759469228055,6.139884552226255,4.204692619390966,5.278114659230517,4.859812404361672,43.98129272460937,19.57499858093262,58.49879150390625,222.85469970703124,690.1987025038168,0,719,199,918,344.9097825164795,0.2624974549809687,2.2468094973556387,3.61306532661501,0.3757187173378036,2.00109923663542
1563,3.871201010907891,1.791759469228055,6.013715156042802,4.61512051684126,5.356586274672012,5.043425116919247,74.08405151367187,27.03485572814942,77.14984130859375,364.85126953125,776.0752116038724,0,666,259,925,543.1200180816651,0.2114555923225979,2.740316140610776,2.571428571418643,0.587156776303868,1.4289202860605124
1564,0.0,6.037870919922137,3.9318256327243257,8.111328003286733,0.0,8.295049140435111,162.3327209472656,19.2767338256836,5.198016357421875,8354.675134277344,14745.656288604394,0,50,7752,7802,8541.482605407715,0.0006221685791342,8.421173545622048,0.0064499484004119,1.094781159370241,1.7263579368840505
1565,3.6888794541139363,1.9459101490553132,4.882801922586371,4.574710978503383,4.276666119016055,4.59511985013459,54.0896484375,13.439786819458009,31.619805908203126,170.63203125,747.2690392645816,0,241,200,441,269.78127241516114,0.1853099073859722,4.02459124985263,1.2049999999939751,0.6117489170397945,2.769907016050595
1566,0.0,2.3978952727983707,6.827629234502852,4.59511985013459,6.3835066348840055,4.59511985013459,77.14742431640624,21.433314193725582,170.19003295898435,324.23975830078126,1043.6526687523497,1,1513,206,1719,593.0105297698974,0.5248894640508045,3.5994164792018526,7.344660194139104,0.3449741301742597,1.7599226596457782
1567,0.0,2.302585092994046,6.240275845170769,4.23410650459726,8.127699852817772,3.8918202981106265,155.6949462890625,16.250317291259766,491.83461914062497,383.13376464843753,2086.060589662512,0,3898,125,4023,1046.9136473693848,1.2837151525672694,9.581040387637351,31.18399999975053,0.2602320773972469,1.992581331709864
1568,3.6635616461296463,1.791759469228055,6.282266746896006,3.6635616461296463,7.699389406256737,4.727387818712341,103.15964355468748,16.24624575805664,288.8363891601562,255.63134765625,1431.4542989405802,0,2778,155,2933,663.8736261291504,1.129894247349615,6.349752741933012,17.922580645045663,0.226346275529807,2.156215042439339
1569,3.6635616461296463,2.1972245773362196,6.835184586147301,4.553876891600541,6.336825731146441,4.663439094112067,60.05011596679687,18.91706675720215,189.09755859375,239.2869140625,1023.6376481435872,1,1531,207,1738,507.351655380249,0.7902544914912014,3.174388330620024,7.396135265664753,0.291916947859584,2.0176097530900448
1570,0.0,2.302585092994046,5.5093883366279774,4.0943445622221,4.787491742782046,4.6913478822291435,80.629541015625,20.40238801574707,55.12955932617188,264.21837158203124,768.5230557074315,0,365,176,541,420.3798599395752,0.2086514991212384,3.951965865438945,2.073863636351853,0.7770422549700521,1.8281633563893127
1571,0.0,2.4849066497880004,6.773080375655535,4.51085950651685,5.869296913133774,4.624972813284271,65.8210693359375,19.65981719970703,137.76416015624997,287.7401733398438,987.2038022522256,1,1226,202,1428,510.9852200317383,0.4787797218466983,3.348000068564745,6.069306930663023,0.3578327871368211,1.9319615588665684
1572,3.7376696182833684,1.9459101490553132,5.5909869805108565,4.3694478524670215,6.587550014824796,4.543294782270004,54.24702758789063,10.802226654052737,106.13798217773436,183.15714111328123,1189.1803116550593,0,1033,177,1210,354.34437753295896,0.5794913675329174,5.021837563694945,5.836158192057424,0.2928465930022034,3.356001638663204
1573,3.970291913552122,2.0794415416798357,4.736198448394496,4.442651256490317,5.332718793265369,4.430816798843313,53.0606689453125,13.06243153381348,47.338110351562506,166.68878173828128,797.6327184377445,0,371,174,545,280.14999256896976,0.2839909792226106,4.062082071312473,2.132183908033724,0.5140366836118454,2.8471630897456803
1574,0.0,1.9459101490553132,5.659482215759621,3.9318256327243257,2.3978952727983707,4.634728988229636,25.13221435546875,9.511311126708986,17.99313354492187,98.43837890625,614.2730913264674,0,296,158,454,151.07503793334962,0.1827857563753183,2.642350146895301,1.8734177215071304,0.3327644007335173,4.066013152969736
1575,0.0,1.3862943611198906,5.720311776607412,3.6635616461296463,3.091042453358316,4.290459441148391,37.13917236328125,14.472514251708986,22.52208251953125,111.57967529296876,497.2998404020593,0,325,113,438,185.71344442749023,0.2018475359441079,2.5661866151784567,2.876106194664813,0.42400329777869,2.677780501742548
1576,3.6635616461296463,1.791759469228055,5.241747015059643,3.6635616461296463,4.77912349311153,3.713572066704308,67.74274291992187,20.93843330383301,54.48438720703125,163.41507568359376,556.9990232035929,0,344,83,427,306.5806391143799,0.3334110208545946,3.235330071437842,4.144578313203077,0.7179874452310584,1.816810822792921
1577,0.0,2.1972245773362196,5.556828061699537,4.762173934797756,0.6931471805599453,4.343805421853684,44.659423828125,10.312744537353517,28.40509643554688,137.10150146484375,789.4064918050699,0,259,200,459,220.47876626586915,0.2071829712428311,4.330508106938438,1.294999999993525,0.4803458960030257,3.5804195804033414
1578,0.0,2.4849066497880004,5.638354669333745,4.68213122712422,5.135798437050262,4.23410650459726,44.56038208007812,10.998847778320313,44.596527099609375,145.15667724609378,829.7272753922379,0,449,186,635,245.3124342041016,0.3072302834797926,4.051368195481271,2.413978494610677,0.3863187940215988,3.382328653991167
1579,3.6888794541139363,2.3978952727983707,6.60934924316738,4.663439094112067,6.434546518787453,4.442651256490317,37.52149658203125,13.640459518432618,77.23108520507813,205.73056640625,945.961843571799,1,1402,199,1601,334.12360771179203,0.3753991764752974,2.7507501876001297,7.045226130617864,0.2086968193076722,2.831173319500772
1580,4.110873864173311,2.0794415416798357,5.598421958998375,4.204692619390966,3.713572066704308,4.276666119016055,88.16165771484374,20.84988743591309,45.117443847656254,216.26597900390627,657.8018704406267,0,369,144,513,370.3949680023194,0.2086201632603189,4.228399696717808,2.562499999982205,0.7220174814845953,1.7759471031332468
1581,0.0,1.791759469228055,5.572154032177765,3.5263605246161616,3.58351893845611,4.02535169073515,60.00364379882812,17.821330352783203,45.9999755859375,145.12225341796875,571.9666376557632,0,297,93,390,268.9472031555176,0.3169739616234825,3.3669564845976967,3.193548387062435,0.6896082132175076,2.1266874350907425
1582,0.0,2.0794415416798357,5.783825182329737,4.418840607796598,0.6931471805599453,4.442651256490317,41.39928588867188,11.933214752197268,19.203826904296875,133.1616943359375,651.4897333268897,0,325,173,498,205.6980218811036,0.1442143478266779,3.4692483748002414,1.878612716752147,0.4130482367082138,3.167214382354601
1583,3.713572066704308,2.302585092994046,5.8998973535824915,4.127134385045092,7.624130585661289,4.07753744390572,77.09798583984374,10.775926345825196,252.78958740234376,207.8837768554688,1747.6710894020418,0,2450,128,2578,548.5472764434815,1.2160140210309909,7.154650408552426,19.140624999850463,0.2127801692952942,3.1859990277044496
1584,4.31748811353631,1.9459101490553132,5.424950017481403,4.74493212836325,3.1780538303479458,4.624972813284271,43.285693359375,9.969802688598632,29.668359375,156.68177490234376,887.2637918973896,0,323,221,544,239.6056303253174,0.1893542461674452,4.341680041926448,1.4615384615318483,0.4404515263324944,3.703017290073821
1585,0.0,2.6390573296152584,6.586171654854675,4.605170185988092,6.152732694704104,4.700480365792417,50.56089477539063,16.37161006164551,109.49606323242186,230.08714599609377,949.9862301026956,1,1193,221,1414,406.5157140655517,0.4758895276740271,3.0883275732759805,5.3981900452244425,0.2874934328608658,2.33689915845952
1586,0.0,1.3862943611198906,6.263398262591624,4.204692619390966,8.20631072579402,3.9512437185814275,95.77518310546876,10.201051803588868,379.01711425781247,251.33009033203123,2347.751918410041,0,4187,120,4307,736.3234394989013,1.5080451121295757,9.388755683250722,34.891666666375905,0.1709597026929951,3.188479128145908
1587,3.6635616461296463,2.0794415416798357,6.439350371100098,4.418840607796598,7.3758821482150125,4.127134385045092,63.88011474609375,10.768327148437502,159.03413085937498,194.2984130859375,1407.3337625689917,0,2259,150,2409,427.98098583984375,0.8185045278173025,5.932222698994673,15.0599999998996,0.1776591888084956,3.288309081778569
1588,4.189654742026425,2.1972245773362196,5.7899601708972535,4.736198448394496,6.9975959829819265,4.04305126783455,66.2719482421875,9.882169921875,145.08248291015624,186.35511474609376,1432.12152519837,0,1484,177,1661,407.5917158203125,0.7785269704405515,6.706214197833499,8.384180790913085,0.2453893532932372,3.513617842581986
1589,0.0,1.9459101490553132,6.1903154058531475,4.04305126783455,7.685243607975833,4.127134385045092,112.59942626953124,15.73054316711426,343.4721130371093,287.2152099609375,1656.4421337662336,0,2662,123,2785,759.0172924346923,1.1958702085541608,7.158012604279919,21.642276422588274,0.272537627445034,2.182350982348108
1590,0.0,1.3862943611198906,6.115892125483034,3.9318256327243257,7.55171221535131,4.248495242049359,107.03809204101562,17.08404853820801,312.2107360839844,272.08249511718753,1455.930437939037,0,2355,122,2477,708.4153717803956,1.1474855666417123,6.265382107488308,19.303278688366365,0.2859973240937059,2.0551931761135065
1591,3.6635616461296463,1.791759469228055,6.210600077024653,3.970291913552122,7.407924322559599,4.04305126783455,74.29795532226564,15.18318640136719,162.5531066894531,196.8130737304688,1075.3695292827376,0,2183,113,2296,448.8473221435547,0.8259263655992697,4.893436288886103,19.31858407062549,0.1954909939648777,2.3958470424747387
1592,3.9318256327243257,0.6931471805599453,6.063785208687608,3.6888794541139363,5.7899601708972535,4.04305126783455,25.225817871093746,17.418153762817383,73.02551879882813,125.8500732421875,555.6883206361466,1,805,96,901,241.5195636749268,0.580258055612861,1.4482486613188117,8.385416666579319,0.2680572293836389,2.3008004493655614
1593,0.0,2.3978952727983707,6.489204931325317,4.605170185988092,5.823045895483019,4.61512051684126,19.889593505859377,11.93858857727051,31.71538696289062,164.81956787109374,761.8614610568112,1,994,209,1203,228.36313691711425,0.1924248884544034,1.6659920371207475,4.755980861221263,0.1898280439874683,3.3361840765482094
1594,0.0,1.9459101490553132,5.7899601708972535,4.127134385045092,1.9459101490553132,4.1588830833596715,40.983837890625,12.889575988769533,45.37391967773437,125.4851806640625,664.2643898610861,0,332,130,462,224.73251422119145,0.3615878738609279,3.179611022360542,2.553846153826509,0.4864340134647294,2.9558001082314806
1595,3.6635616461296463,1.0986122886681098,6.180016653652572,3.9889840465642745,8.111928063310739,4.23410650459726,110.98262329101564,15.520504943847657,365.387255859375,296.63701171875,1744.427876451526,0,3853,123,3976,788.5273958129883,1.2317655633767552,7.1507095732641455,31.325203251777843,0.1983217796309833,2.2122603294597925
1596,0.0,2.4849066497880004,6.075346031088684,4.77912349311153,6.9930151229329605,4.219507705176107,107.20272216796874,18.28488139343262,172.86630249023435,287.76427001953124,1136.9832106026522,0,1522,196,1718,586.118176071167,0.6007219119938024,5.862915917005063,7.765306122409361,0.3411630826954748,1.9398531849363068
1597,0.0,0.6931471805599453,6.025865973825314,3.8066624897703196,7.86940171257709,4.499809670330265,125.22238769531252,16.916841247558594,424.5152893066406,315.28095703125,1779.0729902733317,0,3028,134,3162,881.9354752807617,1.3464666350375771,7.402232240370651,22.5970149252045,0.278916975104517,2.017237133708621
1598,3.970291913552122,2.3978952727983707,5.958424693029782,4.31748811353631,4.882801922586371,4.343805421853684,33.276708984375,9.638935729980467,37.123681640625,114.3869384765625,762.8064949712643,0,569,160,729,194.42626483154297,0.3245447612701599,3.4523219070151545,3.5562499999777737,0.2667026952418055,3.9233716474894
1599,4.343805421853684,2.0794415416798357,5.659482215759621,4.844187086458591,1.3862943611198906,4.532599493153256,101.41116943359374,18.90261680603028,46.14812622070312,289.3821899414063,866.5216119909503,0,365,225,590,455.84410240173344,0.1594712039116424,5.364927537222085,1.6222222222150124,0.7726171227134929,1.9009165796454413
1600,0.0,1.9459101490553132,5.6240175061873385,4.7535901911063645,7.463936604468925,4.718498871295094,73.82318115234375,10.217288040161131,172.98896484374998,213.25045166015627,1577.6137688882066,0,2019,232,2251,470.2798856964112,0.8112009306250865,7.225320540533005,8.70258620685904,0.208920429007642,3.354627354620221
1601,0.0,1.0986122886681098,6.194405391104672,3.1354942159291497,6.71174039505618,3.8501476017100584,27.213903808593752,16.92236476135254,119.80607299804689,123.9498779296875,678.6311954895332,1,1310,70,1380,287.8922194976807,0.9665687050135068,1.6081619909964928,18.714285714018366,0.208617550360487,2.357240486287762
1602,3.8501476017100584,2.302585092994046,5.176149732573829,4.836281906951478,4.962844630259907,4.418840607796598,112.26390380859374,20.596359649658204,45.06009521484375,288.45618896484376,811.8479979281768,0,364,216,580,466.3765476379394,0.1562112270025842,5.45066728843056,1.6851851851773836,0.8040974959260955,1.7407564810842404
1603,3.7376696182833684,1.9459101490553132,5.303304908059076,3.970291913552122,0.6931471805599453,4.356708826689592,35.61119384765625,12.895289108276367,23.36160278320312,130.7520263671875,605.6239928395512,0,242,135,377,202.62011210632323,0.1786710572073175,2.761566146046229,1.7925925925793142,0.5374538782646838,2.9889628751106705
1604,0.0,1.3862943611198906,6.234410725718371,3.784189633918261,8.178358165605836,4.605170185988092,90.24400634765624,9.114092147827147,357.47951660156247,226.00103759765628,2408.0130188872145,0,4071,145,4216,682.8386526947021,1.5817605104822223,9.901590292706151,28.07586206877189,0.1619636272994639,3.526474386563927
1605,0.0,1.9459101490553132,6.018593214496234,4.330733340286331,7.236339342754344,4.465908118654584,58.17969360351562,8.557734100341799,171.9264221191406,171.9263671875,1662.0407944410128,0,1798,167,1965,410.590217010498,1.0000003195009672,6.798492791963869,10.766467065803797,0.2089517643818265,4.047930821484891
1606,4.2626798770413155,2.302585092994046,5.777652323222656,4.787491742782046,7.035268599281097,4.30406509320417,69.55614624023437,10.659732971191406,148.42144775390625,198.2313354492188,1396.8077022168966,0,1527,201,1728,426.8686624145509,0.748728486426299,6.525130265616321,7.597014925335339,0.2470304759342036,3.272218893541366
1607,4.382026634673881,2.4849066497880004,5.616771097666572,4.795790545596741,6.892641641172089,4.442651256490317,56.71285400390625,10.88948519897461,53.9778076171875,171.27747802734376,970.3092670374116,0,1337,215,1552,292.8576248474121,0.3151483092730675,5.208038117728328,6.218604651133867,0.1886969232263037,3.3132457027187168
1608,0.0,2.0794415416798357,5.081404364984463,4.248495242049359,4.330733340286331,4.584967478670572,49.54130859375,14.115741165161133,27.688238525390624,173.50986328125,708.3556649118511,0,235,173,408,264.8551515655517,0.1595773174021232,3.5096498306807,1.3583815028823216,0.6491547832473104,2.674502122092416
1609,0.0,2.0794415416798357,6.0844994130751715,4.219507705176107,6.556778356158042,4.59511985013459,85.38387451171874,17.48181637573242,165.78374633789062,251.80341796875007,1083.3565721636387,0,1141,172,1313,520.4528551940919,0.6583856076084191,4.884153492503283,6.633720930193991,0.3963845050980163,2.081565239482724
1610,3.970291913552122,1.791759469228055,6.467698726104354,4.343805421853684,3.8066624897703196,4.499809670330265,42.87749633789062,18.741950912475588,85.42238159179686,229.12327880859377,785.3069729548929,1,739,170,909,376.1651076507568,0.3728227966866023,2.2877819142649347,4.347058823503841,0.4138230007154488,2.087665647293125
1611,4.04305126783455,1.0986122886681098,5.225746673713202,3.58351893845611,3.8501476017100584,3.5263605246161616,44.48490600585937,15.482064880371096,27.833203125,85.859912109375,430.96741154195695,0,287,70,357,173.66008612060546,0.3241699466128004,2.873318665611985,4.099999999941429,0.4864428182636387,2.48167222052494
1612,0.0,2.302585092994046,6.47543271670409,4.430816798843313,6.386879319362645,4.276666119016055,49.06159057617187,15.810591705322263,125.1538330078125,214.05424804687505,977.4047441499964,1,1241,163,1404,404.0802633361817,0.5846827808800169,3.103083773680232,7.613496932468629,0.2878064553674458,2.418838119134783
1613,0.0,1.0986122886681098,5.971261839790462,3.6635616461296463,8.131236549696116,4.394449154672439,124.35606079101564,14.124278411865236,458.3924011230469,318.2689453125,2136.765195596409,0,3789,120,3909,915.1416856384278,1.440267446362142,8.804418686461513,31.574999999736875,0.234111457057609,2.3349009548214474
1614,0.0,5.755742213586912,3.912023005428146,8.414495793177895,0.0,8.429454277108231,177.97439575195312,19.76900514221192,5.201202392578125,8689.469238281252,14760.479041613904,0,49,9405,9454,8892.413841567995,0.0005985638765672,9.00269864177076,0.0052099946836783,0.9405980369755716,1.659895648649831
1615,3.7612001156935624,1.9459101490553132,5.1298987149230735,4.90527477843843,5.356586274672012,4.634728988229636,118.05347900390623,20.54834948730469,58.011328125,274.392333984375,815.4870504068477,0,421,242,663,471.005490600586,0.2114174520928561,5.745156275013602,1.7396694214804147,0.7104155212667806,1.7313748282748826
1616,0.0,2.0794415416798357,7.065613363597717,4.875197323201151,4.787491742782046,4.605170185988092,29.278454589843747,12.266082550048829,54.587933349609365,163.4890869140625,825.7089384645249,1,1289,236,1525,259.62155740356445,0.3338934382694879,2.386944199013258,5.461864406756518,0.170243644198947,3.180432883613878
1617,0.0,1.6094379124341003,5.955837369464831,4.7535901911063645,7.042286171939743,4.1588830833596715,120.05985717773436,21.273616287231444,227.3905151367188,281.81066894531256,1090.815661575069,0,1528,182,1710,650.5346575469971,0.8068910804084521,5.64360358629536,8.395604395558266,0.380429624296267,1.6767986899984455
1618,3.6888794541139363,1.0986122886681098,5.5134287461649825,3.7612001156935624,7.155396301896734,4.442651256490317,99.70735473632811,19.33647459411621,208.0305725097656,218.52934570312505,1019.2898289338656,0,1566,128,1694,545.603747543335,0.951957147171556,5.156439155745126,12.23437499990442,0.322080134322912,1.868187001136827
1619,3.6635616461296463,2.0794415416798357,6.97354301952014,4.762173934797756,7.430707082545968,4.3694478524670215,88.87620849609375,21.24680204772949,309.9789184570312,288.850341796875,1238.9838938399998,1,2791,201,2992,708.9522707977294,1.0731471409299598,4.183039324800805,13.885572139234402,0.2369492883681458,1.7476266666642015
1620,0.0,1.9459101490553132,5.420534999272286,4.23410650459726,3.5553480614894135,4.727387818712341,79.66318359375,19.72502160644532,43.61522827148437,236.6276733398437,716.2455152003685,0,259,186,445,379.6311068115234,0.1843200655937652,4.038686759343306,1.3924731182720835,0.8531036108104951,1.8866881621322944
1621,0.0,2.4849066497880004,7.2254814727822945,4.867534450455582,5.934894195619588,4.51085950651685,56.83051757812501,17.52938246154785,129.42471313476562,240.2284057617188,964.8795413820544,1,1750,230,1980,444.0130189361573,0.5387569081343466,3.242014811391413,7.608695652140832,0.2242489994625924,2.1730884010827105
1622,3.7376696182833684,1.3862943611198906,5.978885764901122,4.584967478670572,7.782807262839695,4.3694478524670215,128.00165405273438,16.61285838317871,328.33207397460933,326.38780517578124,1629.6017758663595,0,2833,178,3011,799.3343915863036,1.0059569284360212,7.704974730575986,15.915730336989238,0.2654714020544796,2.038698438372364
1623,0.0,1.0986122886681098,5.730099782973574,4.574710978503383,0.6931471805599453,4.605170185988092,83.28208007812499,22.096964126586915,54.96069946289062,211.9716064453125,631.6281812322029,0,308,197,505,372.311350112915,0.2592833086671487,3.7689376512202246,1.56345177664181,0.7372501982419362,1.6965053067518503
1624,0.0,2.0794415416798357,5.66988092298052,4.406719247264253,3.332204510175204,4.543294782270004,83.88374633789063,19.56584262084961,69.41733398437499,231.7239990234376,764.4813361204015,0,316,181,497,404.59092196655286,0.2995690315919942,4.287254475011252,1.7458563535815148,0.8140662413797561,1.889516780066832
1625,0.0,1.0986122886681098,5.8289456176102075,3.8918202981106265,3.8066624897703196,4.189654742026425,35.85377197265625,11.734073867797852,27.269274902343746,96.668994140625,558.7600887265136,0,383,115,498,171.52611488342285,0.2820891553127455,3.0555263562806805,3.330434782579735,0.3444299495644145,3.257580276350429
1626,3.6888794541139363,1.9459101490553132,6.304448802421981,3.7376696182833684,7.216709486709457,4.248495242049359,91.42640991210938,17.75056750488281,215.3982788085937,224.95971679687503,1118.5267405428908,0,1946,116,2062,549.5349730224609,0.9574971104810192,5.150618980593678,16.775862068820896,0.2665058065093086,2.035405925830199
1627,0.0,1.9459101490553132,5.53338948872752,5.19295685089021,3.9512437185814275,4.736198448394496,100.47431030273438,18.41237127685547,40.566192626953125,258.65720214843753,813.9633425617872,0,303,298,601,418.1100763549805,0.1568338027700317,5.456891390386781,1.016778523486521,0.6956906428523874,1.9467680608318456
1628,0.0,2.0794415416798357,5.267858159063328,5.0238805208462765,0.6931471805599453,4.418840607796598,64.29160766601562,16.19704806518555,31.26615600585937,177.06756591796878,664.8494324552161,0,194,240,434,288.8223776550293,0.1765775445299093,3.9693410430902345,0.8083333333299653,0.665489349434018,2.301931858088272
1629,4.2626798770413155,1.9459101490553132,7.190676034332207,5.017279836814924,5.968707559985366,4.962844630259907,64.69552001953124,17.892811706542968,134.90150756835936,269.67799072265626,1026.658656762493,1,1786,298,2084,487.1678300170898,0.5002318031455347,3.615726867133908,5.993288590583916,0.2337657533670134,2.107402405295051
1630,3.7376696182833684,2.1972245773362196,5.863631175598097,4.7535901911063645,7.351158226430694,4.68213122712422,130.3124084472656,20.07923002624512,231.98477783203123,301.9262329101563,1189.7505814983815,0,1949,230,2179,684.3026492156982,0.7683491944215866,6.489910632551507,8.473913043441419,0.3140443548487307,1.7386321430440976
1631,0.0,1.6094379124341003,5.1298987149230735,3.9889840465642745,2.995732273553991,4.143134726391533,72.47120361328125,21.791030319213867,39.10220947265625,188.7768310546875,560.9781198650157,0,187,119,306,322.1412744598389,0.2071345792488774,3.3257355227510867,1.5714285714153662,1.0527492629372095,1.741404049524275
1632,0.0,2.0794415416798357,5.262690188904886,4.574710978503383,5.272999558563747,4.3694478524670215,84.98688354492187,19.786583587646486,53.52698364257812,226.7600830078125,719.2830675521607,0,386,181,567,385.060533782959,0.236051173259175,4.295177242911566,2.132596685071091,0.6791191071997882,1.8679740052397047
1633,3.6635616461296463,2.0794415416798357,6.082218910376446,4.477336814478207,7.447751280047908,4.787491742782046,124.24779052734377,20.83024827575684,264.28480224609376,312.13117675781257,1225.5412355761755,0,2190,213,2403,721.4940178070069,0.8467106842400103,5.964777225722462,10.2816901407968,0.3002471984214343,1.6986159348895642
1634,4.290459441148391,1.9459101490553132,5.351858133476067,5.3230099791384085,4.442651256490317,5.049856007249537,109.41262207031252,20.82258920288086,38.99547729492187,319.20183105468755,845.3917601415593,0,366,365,731,488.4325196228028,0.1221655814628418,5.254515708830316,1.00273972602465,0.6681703414803484,1.7308261145115629
1635,0.0,2.4849066497880004,6.9167150203536085,4.875197323201151,5.840641657373398,4.912654885736052,73.80703125,22.003673126220704,137.10624389648436,306.7972045898437,931.5435007110876,1,1351,276,1627,539.7141528625488,0.4468953492563089,3.3543050209509544,4.894927536214149,0.3317235112859354,1.7259942059488695
1636,0.0,1.6094379124341003,5.883322388488279,4.532599493153256,7.937374696163295,4.31748811353631,137.9031921386719,18.042106246948244,414.3836975097656,334.10734863281255,1700.41712877962,0,3157,170,3327,904.4363445281984,1.2402711260443942,7.643408715340778,18.57058823518488,0.2718474134439214,1.8800849159426107
1637,4.110873864173311,1.9459101490553132,6.045005314036012,4.6913478822291435,7.857093864902493,3.9318256327243257,70.59089355468751,8.26551676940918,230.3933532714844,190.845703125,2008.226501654412,0,3064,164,3228,500.095466720581,1.2072231624694965,8.540408968427142,18.68292682915437,0.1549242461959188,4.015686274501775
1638,3.713572066704308,2.6390573296152584,5.823045895483019,5.075173815233827,7.687997166393016,4.0943445622221,154.57598876953128,20.98008169555664,302.22729492187494,351.3468017578125,1349.7410361667246,0,2558,231,2789,829.1301671447753,0.8601965164018872,7.367749611523252,11.073593073545135,0.2972858254372456,1.6279000447096468
1639,0.0,1.791759469228055,6.52795791762255,4.406719247264253,7.866338923046544,4.543294782270004,151.68779296875002,20.016720016479493,442.1101684570312,360.3778930664063,1653.5789837606835,0,3290,179,3469,974.192574508667,1.226796029839537,7.578054388345817,18.379888268053744,0.2808280699072892,1.6973840973823549
1640,0.0,0.0,6.118097198041348,3.9318256327243257,7.153833801578843,3.7612001156935624,63.30250854492186,11.755444427490234,207.6116088867188,152.6800048828125,1330.1197765034965,0,1731,92,1823,435.3495667419434,1.3597825664513736,5.384952387806224,18.815217391099832,0.2388094167535406,3.055291375284357
1641,3.828641396489095,1.3862943611198906,6.282266746896006,4.330733340286331,7.8547691834991324,4.477336814478207,138.44981689453124,20.579589523315427,399.2277282714844,339.522216796875,1513.916930295389,0,3156,165,3321,897.7793514862061,1.1758515599854056,6.727530533636177,19.127272727156807,0.2703340413989569,1.686290654588488
1642,0.0,1.3862943611198906,6.329720905522696,3.8501476017100584,5.14166355650266,4.060443010546419,25.58688354492187,16.68848112487793,65.31531372070312,125.68483886718752,558.8515974192132,1,730,106,836,233.27551725769044,0.519675358689864,1.533206248784718,6.886792452765219,0.2790377000686739,2.395671881843802
1643,0.0,1.9459101490553132,7.069023426578259,4.955827057601261,5.641907070938114,4.584967478670572,54.808813476562506,16.565112670898436,112.62793579101564,239.67590332031253,972.4763947884564,1,1455,244,1699,423.6777652587891,0.4699176439110994,3.3086894464377448,5.9631147540739216,0.2493689024476396,2.295320818150929
1644,0.0,1.9459101490553132,5.869296913133774,4.330733340286331,1.6094379124341003,4.1588830833596715,29.79129638671875,9.616282836914063,18.955316162109373,109.96175537109376,668.403072709646,0,357,144,501,168.32465075683592,0.1723809891718032,3.098005423598896,2.4791666666494505,0.3359773468193612,3.9709161415178538
1645,3.6635616461296463,1.3862943611198906,5.631211781821365,3.912023005428146,1.0986122886681098,4.060443010546419,63.00538330078125,20.20564215087891,60.10933227539061,177.571875,606.0866149057582,0,318,109,427,320.8922327270508,0.3385070539749163,3.118207420837769,2.917431192633785,0.7515040579070241,1.888754395060112
1646,0.0,2.1972245773362196,6.07993319509559,4.997212273764115,7.708859601047175,4.499809670330265,59.240478515625,8.069669036865236,173.19605712890623,176.04001464843753,1764.170416828228,0,2663,244,2907,416.546219329834,0.9838448234272492,7.341128643275385,10.91393442618478,0.1432907531233886,4.235233294548447
1647,0.0,1.3862943611198906,5.910796644040527,3.713572066704308,7.739359202689098,4.343805421853684,118.66173706054688,19.309026672363284,365.6963012695312,278.234033203125,1426.0218837869425,0,2664,119,2783,781.9010982055664,1.3143478425633142,6.145402306799866,22.38655462166061,0.2809561977022226,1.823788055877892
1648,3.6635616461296463,1.9459101490553132,5.308267697401205,4.882801922586371,0.6931471805599453,4.553876891600541,102.62719116210938,21.981105056762697,50.4731689453125,253.104638671875,712.8748221979474,0,240,231,471,428.1861038360596,0.1994162146136979,4.668882246475878,1.0389610389565411,0.90910000814257,1.664871456148942
1649,4.3694478524670215,1.9459101490553132,5.081404364984463,5.170483995038151,2.4849066497880004,4.51085950651685,87.62228393554688,17.315098068237305,31.583166503906245,243.17164306640623,794.2896918730847,0,249,271,520,379.6921915740967,0.1298801377722793,5.060455539158633,0.9188191881884916,0.7301772914872433,2.091930541363234
1650,0.0,1.791759469228055,5.634789603169249,4.912654885736052,4.700480365792417,4.442651256490317,99.170947265625,20.84498263549805,75.20795288085937,235.4383300781249,754.3667820067354,0,388,224,612,430.6622128601074,0.3194380152780724,4.757545208600169,1.7321428571351245,0.7036964262408557,1.751643769707805
1651,0.0,0.6931471805599453,6.2324480165505225,3.713572066704308,7.54274354536855,3.6888794541139363,58.22204589843749,17.639049407958982,279.80397949218747,212.66868896484377,1225.3691782471376,1,2394,80,2474,568.3337637634277,1.3156801824133413,3.3007473673080225,29.92499999962593,0.2297226207611956,2.1560731675182487
1652,3.6888794541139363,1.9459101490553132,4.969813299576001,5.187385805840755,3.713572066704308,4.61512051684126,103.35756225585938,19.366801528930665,29.96466064453125,246.78786621093752,741.7304370183591,0,222,284,506,399.4768906402588,0.1214186949483086,5.3368421262604535,0.781690140842318,0.7894800210266193,1.8567543064323424
1653,3.7376696182833684,1.791759469228055,5.147494476813453,4.143134726391533,4.836281906951478,4.48863636973214,71.78400878906251,18.0039256439209,44.42129516601562,200.07989501953125,691.9763762160455,0,337,155,492,334.2891246185303,0.2220177852525228,3.987130929376702,2.17419354837307,0.6794494402801847,2.069993682874414
1654,0.0,1.3862943611198906,5.7745515455444085,3.7376696182833684,7.013915474810528,4.382026634673881,108.67813110351562,23.16174989318848,219.7201354980469,235.35227050781248,926.5726450423972,0,1432,123,1555,586.9122870025635,0.9335798419238948,4.692138184722566,11.642276422669577,0.3774355543422418,1.5787242243179882
1655,0.0,1.9459101490553132,6.030685260261263,4.584967478670572,7.122059881629142,4.248495242049359,49.78767700195313,10.012713455200196,106.35144653320312,144.80211181640624,1127.3886915799956,0,1653,172,1825,310.9539488067627,0.7344606041886396,4.972446002748934,9.610465116223196,0.1703857253734752,3.625580880714165
1656,3.58351893845611,2.302585092994046,4.897839799950911,5.181783550292085,3.367295829986474,4.68213122712422,111.7909423828125,19.772003906250003,32.201257324218744,275.48701171875,792.325433447099,0,196,293,489,439.2512153320313,0.1168884773303822,5.654001633178971,0.6689419795199012,0.8982642440309468,1.803809314099164
1657,4.3694478524670215,2.302585092994046,5.288267030694535,4.948759890378168,0.6931471805599453,4.90527477843843,102.4923889160156,19.322882858276365,33.35460205078125,296.1258178710938,840.6126208219646,0,276,283,559,451.295691696167,0.1126365890365836,5.30419760148843,0.9752650176643984,0.8073268187752409,1.8626648476538992
1658,0.0,2.302585092994046,6.175867270105761,4.727387818712341,7.829630389150193,4.499809670330265,135.402099609375,17.032131500244144,286.1282592773438,334.0419433593749,1527.310695282336,0,2993,210,3203,772.6044337463378,0.8565638685937702,7.949803558027033,14.252380952313084,0.2412127485938484,1.9768339768314185
1659,0.0,2.0794415416798357,5.049856007249537,4.969813299576001,3.9318256327243257,4.804021044733257,85.86112060546874,18.46378436279297,38.930163574218746,244.6673583984375,769.2714891067537,0,205,271,476,387.92242694091794,0.159114660120139,4.650244983029605,0.7564575645728544,0.8149630818069391,1.9830549503701
1660,3.9889840465642745,1.3862943611198906,6.907755278982137,4.700480365792417,5.736572297479192,4.394449154672439,54.86731567382813,23.151196838378908,143.07209472656248,232.21625976562504,764.3284665020069,1,1361,192,1553,453.3068670043946,0.6161157486144531,2.369955905713775,7.088541666629747,0.2918910927264022,1.6861171143319809
1661,4.04305126783455,1.3862943611198906,6.289715570908998,3.7376696182833684,8.298041661371565,3.8918202981106265,116.18602294921872,15.02289472961426,451.9645751953124,291.1119873046875,1969.7873084777225,0,4609,92,4701,874.2854801788328,1.552545394569131,7.733930446337361,50.09782608641198,0.1859786173534666,2.2530253025276763
1662,0.0,2.0794415416798357,6.92951677076365,4.890349128221754,6.480044561926653,4.948759890378168,82.20151977539061,23.430191665649414,185.53716430664065,304.85914306640626,962.0060151955472,1,1672,279,1951,596.0280188140869,0.6085996386390722,3.508358827998681,5.992831541197159,0.3054987282489909,1.6140281745613745
1663,0.0,1.0986122886681098,5.700443573390687,3.6635616461296463,6.79346613258001,4.406719247264253,80.34263305664062,17.463165161132814,173.32509155273436,212.9922729492188,1016.4508102774396,0,1189,121,1310,484.12316271972657,0.813762345234207,4.600691358680834,9.826446280910526,0.3695596661979825,2.099570705448345
1664,0.0,5.720311776607412,3.8918202981106265,7.911690520708339,0.0,8.42989086301344,151.85440063476562,18.29340866088868,5.201202392578125,7906.09306640625,14742.119579969938,0,48,7613,7661,8081.442078094482,0.000657872649473,8.30104456973781,0.0063050045973983,1.054880835151211,1.824194176918997
1665,3.6888794541139363,1.3862943611198906,5.71042701737487,4.442651256490317,4.852030263919617,4.6443908991413725,45.5196533203125,10.28547624206543,38.262689208984376,141.860595703125,844.8150240957273,0,467,190,657,235.9284144744873,0.2697203477756986,4.425624272964735,2.4578947368291693,0.359099565409632,3.58081084033014
1666,0.0,2.0794415416798357,6.525029657843462,4.330733340286331,6.393590753950631,4.867534450455582,64.097314453125,18.011564758300782,128.84166870117187,300.7489379882812,1072.836953995777,1,1278,211,1489,511.69948590087887,0.4284027387181125,3.5586755126328784,6.056872037885987,0.3436531134321929,2.096615266487681
1667,0.0,1.6094379124341003,5.814130531825066,3.871201010907891,3.258096538021482,4.143134726391533,84.27744140625,19.824350051879883,60.48687744140625,213.0249755859375,704.8099739405332,0,359,113,472,377.6136444854736,0.2839426563704544,4.251208295931348,3.176991150414363,0.8000289078065119,1.86648439279524
1668,3.6888794541139363,1.0986122886681098,6.093569770045136,3.6888794541139363,7.563200592358071,4.927253685157205,122.59572143554688,19.550868759155275,343.96116943359374,325.8163696289063,1457.6555921268905,0,2406,178,2584,811.9241292572021,1.055690264501744,6.270602239701864,13.516853932508331,0.314212124325421,1.7953101030002
1669,4.02535169073515,2.0794415416798357,6.437751649736401,4.406719247264253,7.419380582918692,4.859812404361672,53.119006347656246,10.127000793457032,207.7342712402344,188.85084228515623,1639.0455957793974,1,2346,216,2562,459.8311206665039,1.0999912350163896,5.245285097314369,10.86111111106083,0.1794813117354896,3.5644512128716133
1670,0.0,2.0794415416798357,5.424950017481403,3.970291913552122,4.61512051684126,4.762173934797756,43.01625366210937,11.175585250854493,25.322607421875,157.03634033203124,791.6756385966703,0,326,175,501,236.5507866668701,0.1612531683314362,3.849127602061932,1.8628571428464984,0.4721572588151655,3.346747012548409
1671,0.0,2.1972245773362196,6.466144724237619,4.477336814478207,5.768320995793772,4.663439094112067,31.066973876953124,10.780586654663086,65.18946533203123,160.00883789062502,953.1160944886176,1,961,200,1161,267.04586375427243,0.407411654199904,2.881751695825711,4.804999999975975,0.2300136638708375,3.569110118710085
1672,3.6888794541139363,2.0794415416798357,5.84354441703136,3.713572066704308,7.973844375944687,4.574710978503383,54.35595703125,8.969961868286132,136.1392822265625,183.0710815429688,1504.9764570176494,0,3286,143,3429,382.5362826690674,0.7436416558989163,6.0597757073381935,22.979020978860287,0.111559137552918,3.9342057869989606
1673,0.0,1.791759469228055,5.424950017481403,4.2626798770413155,0.6931471805599453,4.6913478822291435,62.49303588867188,15.233985763549803,34.257843017578125,176.24139404296875,702.8799617102031,0,227,183,410,288.2262587127685,0.1943802317464163,4.102211781902547,1.240437158463167,0.7029908749074769,2.438639577278136
1674,0.0,1.6094379124341003,5.497168225293202,3.828641396489095,3.5263605246161616,4.564348191467836,50.10787353515625,16.04732940673828,27.801342773437494,181.3550537109375,654.5317049989117,0,276,144,420,275.31159942626954,0.153297866281669,3.122505450096477,1.9166666666533567,0.6555038081562239,2.3774214612117084
1675,0.0,1.0986122886681098,5.517452896464707,2.833213344056216,3.4657359027997265,3.5553480614894135,58.9365966796875,20.003277969360354,51.4353515625,132.23052978515625,503.3673830067271,0,279,52,331,262.6057559967041,0.3889824206685208,2.94634693208864,5.365384615281435,0.7933708640359841,1.91681778297018
1676,3.332204510175204,1.9459101490553132,6.311734809152915,3.4011973816621555,7.615791072035833,3.332204510175204,102.0047607421875,19.006066680908205,298.5713195800781,243.4831787109375,1253.5236019731149,0,2606,62,2668,663.0653257141113,1.2262502944128015,5.366957953445749,42.03225806383819,0.2485252345254358,1.890497894187422
1677,0.0,2.302585092994046,5.420534999272286,4.204692619390966,1.3862943611198906,4.736198448394496,73.4082275390625,17.68045330810547,37.58884277343749,272.07216796875,840.9712388088377,0,228,188,416,400.7496915893555,0.1381576184507661,4.15194261457409,1.2127659574403578,0.9633406047797888,2.098495036818331
1678,0.0,1.791759469228055,5.8664680569332965,4.2626798770413155,5.802118375377063,4.727387818712341,48.028656005859375,9.44737907409668,53.517425537109375,137.0997802734375,950.487468432129,0,682,187,869,248.09324089050293,0.3903538388608767,5.083807437394256,3.647058823509909,0.2854927973420224,3.8311703495694975
1679,3.7376696182833684,2.3978952727983707,6.54534966033442,4.219507705176107,5.1647859739235145,4.844187086458591,30.62515869140625,14.052338012695314,58.75526733398437,204.9491455078125,861.3244469826117,1,910,203,1113,308.38190954589845,0.286682177611021,2.179363936560533,4.482758620667573,0.277072695009543,2.7930446641573257
1680,3.6109179126442243,2.302585092994046,6.349138991379798,4.442651256490317,7.917536353943631,4.189654742026425,149.6711975097656,17.780210861206054,416.8353515625,375.45208740234375,1796.9671761327922,0,3351,158,3509,959.7388473358154,1.1102224905589584,8.417852784182074,21.20886075935944,0.2735077934840529,1.872350151417968
1681,0.0,2.1972245773362196,5.752572638825633,3.4965075614664802,4.6443908991413725,3.6109179126442243,41.76381225585937,13.49972218322754,47.129425048828125,93.83419189453124,555.1214103859103,0,417,76,493,196.22715138244627,0.5022628116337262,3.0936793873176374,5.486842105190962,0.3980266762313352,2.8289734956257453
1682,0.0,1.3862943611198906,5.749392985908253,3.7612001156935624,0.6931471805599453,4.276666119016055,47.76630249023438,15.42598649597168,38.92379150390625,166.9865478515625,666.1596226864093,0,314,116,430,269.1026283416748,0.2330953720791524,3.0964828407966984,2.7068965517008023,0.6258200659094163,2.475485381874914
1683,3.7376696182833684,1.9459101490553132,6.0330862217988015,4.127134385045092,8.060855752934316,3.9889840465642745,159.41107177734375,17.124813766479495,503.2979736328125,397.42825927734384,2050.2831560376376,0,3624,120,3744,1077.2621184539796,1.266386981506319,9.308776956165788,30.19999999974833,0.2877302666810074,1.9032351745350284
1684,3.970291913552122,1.9459101490553132,4.890349128221754,4.663439094112067,4.6443908991413725,4.812184355372417,92.0953125,17.325246963500977,40.63787841796874,288.0155639648437,909.7990171441246,0,287,233,520,438.0740018463134,0.1410961194541141,5.315670979392163,1.231759656647074,0.8424500035489827,2.076815819490759
1685,0.0,2.3978952727983707,6.285998094508865,3.9889840465642745,4.77912349311153,4.454347296253507,37.35027465820312,17.187149139404298,71.8833251953125,213.07144775390623,775.3872100787621,1,654,148,802,339.4921967468261,0.337367235041267,2.1731512511518543,4.418918918889061,0.4233069784867866,2.283961803854707
1686,0.0,1.0986122886681098,6.230481447578482,4.110873864173311,7.913886714856082,4.553876891600541,148.56245727539064,18.82850093078613,443.1281066894532,378.67587890625,1771.6407913478358,0,3241,156,3397,989.19494380188,1.1702042072713843,7.890296620725054,20.77564102550785,0.2911966275541915,1.7909925666794313
1687,3.6109179126442243,3.367295829986474,6.113682179832232,4.127134385045092,8.029432840581244,4.04305126783455,67.5481201171875,8.102690368652343,230.70877075195312,183.50137939453128,2016.5532610552764,0,3556,145,3701,489.8609606323242,1.2572590544655682,8.336505165022828,24.52413793086536,0.1323590815001869,4.116582914564461
1688,4.204692619390966,2.0794415416798357,5.081404364984463,4.51085950651685,2.1972245773362196,4.624972813284271,53.08225708007812,13.073488540649416,23.74552001953125,173.3893798828125,749.1106948424069,0,234,198,432,263.2906455230713,0.136949102854183,4.060297824178228,1.181818181812213,0.6094690868575505,2.8451853781258616
1689,0.0,1.791759469228055,5.37989735354046,3.713572066704308,6.593044534142437,4.5217885770490405,69.8130615234375,16.831473770141603,128.23791503906247,234.694775390625,991.1691134024086,0,945,136,1081,449.57722572326657,0.5464029389877871,4.147768785591162,6.948529411713614,0.4158901255530534,2.204669313054371
1690,0.0,0.0,5.783825182329737,3.258096538021482,6.870053411798126,3.9318256327243257,70.89856567382813,18.931546646118168,133.38017578125,191.88702392578128,822.563420446299,0,1286,75,1361,415.09731202697753,0.6950974227008917,3.744995958088854,17.146666666438044,0.3049943512319416,1.981615868403548
1691,3.367295829986474,2.302585092994046,5.808142489980444,3.1780538303479458,4.31748811353631,3.9318256327243257,58.14442749023437,18.0464821472168,64.6956298828125,161.3961181640625,637.4001368725869,0,434,82,516,302.2826576843262,0.4008499746979491,3.2219258586072805,5.292682926764723,0.5858191040382565,2.108622908615933
1692,0.0,1.3862943611198906,5.736572297479192,3.4011973816621555,5.2574953720277815,3.2188758248682006,31.931652832031247,19.55296440124512,86.34314575195312,131.0618408203125,548.1848153736079,1,500,56,556,268.889603805542,0.6587969862995584,1.6330849980151745,8.92857142841199,0.4836143953328388,2.0386984383673328
1693,0.0,2.1972245773362196,6.489204931325317,4.127134385045092,5.968707559985366,4.859812404361672,30.30726928710937,11.54844987487793,70.75068969726561,181.16055908203128,985.7814649769584,1,1047,197,1244,293.7669679412842,0.3905413521319421,2.6243582136866976,5.314720812155763,0.236147080338463,3.355657962098152
1694,0.0,1.6094379124341003,5.746203190540153,3.4011973816621555,3.5553480614894135,3.8918202981106265,26.848553466796872,10.004096374511718,23.396649169921872,73.53790283203125,516.6084173933536,0,346,81,427,133.7872018432617,0.3181576883290276,2.6837559794523216,4.271604938218869,0.3133189738710735,3.861418807418698
1695,3.912023005428146,2.0794415416798357,5.8664680569332965,3.6375861597263857,7.133295954896068,3.871201010907891,55.06951904296875,11.475601364135745,118.74830932617186,137.2099365234375,1024.805111084174,0,1653,91,1744,322.5033662567139,0.8654497796157965,4.798835136455381,18.16483516463555,0.184921654963606,3.177657098516137
1696,0.0,2.1972245773362196,6.220590170099739,4.2626798770413155,7.661997558901893,4.68213122712422,85.937255859375,12.730436920166015,171.04707641601564,249.3765380859375,1414.165609993349,0,2627,185,2812,519.0913072814942,0.6858988328580666,6.750534674618518,14.199999999923245,0.1845986156761414,2.72430994346
1697,0.0,1.0986122886681098,5.869296913133774,3.8501476017100584,8.21554741194707,4.820281565605037,131.84730834960936,15.485612503051758,485.0372131347656,360.093896484375,2128.341711420157,0,4050,171,4221,992.4640304718016,1.346974269402717,8.514181038374295,23.684210526177285,0.2351253329712311,2.1445026177988864
1698,3.6635616461296463,2.302585092994046,6.021023349349527,4.07753744390572,8.048788283534199,4.68213122712422,102.94442138671874,11.772039916992188,318.871142578125,279.1342163085938,1999.6976285640897,0,3578,174,3752,712.7218201904298,1.1423577761045896,8.744824355325216,20.56321839068642,0.1899578412020895,2.80571966777584
1699,4.343805421853684,2.1972245773362196,5.1298987149230735,4.762173934797756,5.0689042022202315,4.68213122712422,113.3624267578125,18.99731986999512,45.18275756835937,317.62177734375,922.1678418584826,0,402,231,633,495.164281539917,0.1422533364874334,5.967285255373991,1.7402597402522066,0.7822500498248575,1.8623472577399165
1700,0.0,2.1972245773362196,6.440946540632921,4.418840607796598,7.8156105320351905,4.532599493153256,150.45710449218748,17.74200032043457,408.322265625,363.4347290039063,1761.1345112070444,0,3104,182,3286,939.9560994415284,1.1235092109744078,8.480278534907722,17.05494505485135,0.286048721680232,1.8736348561933296
1701,0.0,1.3862943611198906,6.154858094016418,3.295836866004329,5.942799375126701,3.2188758248682006,38.49774169921875,21.27870071411133,149.9682678222656,157.43221435546874,684.3943950511946,1,850,53,903,367.1769245910645,0.9525894584871762,1.8092148677047328,16.037735848754007,0.4066189641092556,1.8639362912349693
1702,4.007333185232471,2.1972245773362196,5.752572638825633,4.406719247264253,4.553876891600541,4.394449154672439,55.40570068359375,12.80182846069336,27.24856567382812,180.07276611328126,794.8349075622854,0,462,169,631,275.5288609313965,0.1513197484651016,4.327952124134693,2.733727810634712,0.4366542962455781,2.8847609824703824
1703,3.6888794541139363,1.791759469228055,5.808142489980444,3.58351893845611,2.9444389791664403,4.68213122712422,46.48881225585937,15.725967681884768,25.16330566406249,171.90054931640626,632.0519497842583,0,389,147,536,259.2786349182129,0.1463829275937893,2.9561813424337062,2.646258503383359,0.4837287964883007,2.43773248027627
1704,3.6635616461296463,0.6931471805599453,6.2324480165505225,3.5263605246161616,8.013674142832684,4.787491742782046,120.24442749023436,16.436789520263673,420.5741638183594,326.1003662109375,1837.945337418249,0,3567,153,3720,883.3557470397949,1.289707732327482,7.3155665426437775,23.3137254900437,0.2374612223224616,2.0806400406351457
1705,0.0,1.9459101490553132,6.2324480165505225,4.127134385045092,7.953318346560431,4.59511985013459,76.42562255859374,8.49269435119629,278.2826477050781,209.01976318359377,2211.92978748378,0,3352,165,3517,572.2207277984619,1.3313700267630455,8.998984231527109,20.3151515150284,0.1627013727035255,3.865518461713193
1706,4.248495242049359,2.4849066497880004,5.288267030694535,4.624972813284271,4.890349128221754,4.574710978503383,83.93252563476562,17.18462438964844,44.39739990234374,263.3818725585938,865.9418323531313,0,398,208,606,408.8964224853516,0.1685666499022184,4.884164106632448,1.9134615384523392,0.6747465717568925,2.117753506102234
1707,4.532599493153256,2.4849066497880004,5.247024072160486,4.30406509320417,2.70805020110221,4.927253685157205,50.30397949218749,12.623748779296877,22.077630615234373,190.9610229492188,814.8194629663003,0,295,221,516,275.9663818359376,0.1156132820936434,3.984868549562856,1.334841628953236,0.534818569448455,2.952604072795212
1708,0.0,2.1972245773362196,6.09807428216624,3.8501476017100584,7.51479976048867,4.356708826689592,99.10717163085936,16.149836242675782,241.3963256835937,279.3837890625,1387.224736022364,0,2278,131,2409,636.0371226196288,0.8640312542569452,6.136729198704375,17.389312976966494,0.2640253726107782,2.181043663468349
1709,0.0,1.791759469228055,6.206575926724928,3.9889840465642745,7.442492722794441,4.430816798843313,126.74509277343748,19.41168319702149,292.1403076171875,350.58087158203125,1417.4454589570653,0,2201,141,2342,788.8779551696778,0.8333036149349559,6.52932007392104,15.609929077903477,0.3368394343165418,1.7967867522047738
1710,3.784189633918261,2.0794415416798357,6.364750756851911,3.9512437185814275,5.54907608489522,4.110873864173311,24.679852294921872,12.502994888305665,62.14202270507812,134.480126953125,738.2272245615725,1,879,118,997,233.80499684143064,0.4620907498568657,1.973915250979714,7.449152542309752,0.2345085224084214,3.157448448627852
1711,3.9889840465642745,1.0986122886681098,5.220355825078324,3.4011973816621555,3.713572066704308,3.58351893845611,25.65148315429688,9.176188018798827,28.327038574218747,51.277734375,480.241076972336,0,277,66,343,114.43244412231444,0.5524237550455606,2.795440012666528,4.196969696906106,0.3336222860699149,4.196721311438735
1712,0.0,2.302585092994046,6.466144724237619,4.276666119016055,6.508769136971682,4.5217885770490405,36.75075073242187,11.185379882812502,98.06456909179688,163.90045166015628,1054.1722130177511,1,1312,171,1483,309.90115136718754,0.5983178697672727,3.2856059529643344,7.672514619838173,0.2089690838617522,3.4016401951514843
1713,0.0,1.3862943611198906,6.202535517187923,3.4965075614664802,7.855544677915663,4.532599493153256,102.29166870117189,16.392481658935548,348.3117004394531,293.2686401367187,1629.3228802485282,0,3072,127,3199,760.2644909362792,1.1876881901722809,6.240157580970816,24.18897637776229,0.2376569212053896,2.143100065399405
1714,0.0,6.066108090103747,5.181783550292085,6.827629234502852,0.0,7.732369222284388,121.28411865234374,19.77782679748536,26.0044189453125,8077.153674316406,14679.487161250883,0,177,3632,3809,8244.220038711548,0.0032195028092628,6.132327878492293,0.048733480176198,2.1644053658990243,1.7805792533823843
1715,3.4965075614664802,2.3978952727983707,6.19644412779452,2.9444389791664403,7.9017475185201445,4.23410650459726,115.69888916015626,16.48559802246094,402.6288208007812,366.097412109375,1882.4794334906264,0,3223,96,3319,900.9107200927734,1.0997860336674337,7.01817968602068,33.57291666631695,0.2714404097898469,2.0895293967582984
1716,0.0,2.70805020110221,5.093750200806762,3.1780538303479458,6.297109319933935,4.007333185232471,60.64403686523437,13.010808883666993,63.14562377929686,247.86361083984377,1081.8532817354733,0,704,91,795,384.664080368042,0.2547595573431851,4.66105046986758,7.736263736178722,0.4838541891415825,2.8124624495678323
1717,0.0,1.791759469228055,5.932245187448011,2.8903717578961645,6.16541785423142,3.4657359027997265,72.59298706054688,19.886136566162108,152.0439697265625,261.5901123046875,957.1925154680828,0,851,53,904,506.113205657959,0.5812298040871201,3.65043188833468,16.056603773281953,0.5598597407714592,1.8912616876333408
1718,3.6635616461296463,0.6931471805599453,6.124683390894205,2.995732273553991,7.570443252057374,4.3694478524670215,67.66380615234375,20.493608322143555,315.55925903320315,321.6596923828125,1346.082951495073,1,2433,98,2531,725.3763658905029,0.981034511021884,3.3017029058728817,24.826530611991565,0.2865967466970432,1.855702797596264
1719,4.3694478524670215,2.0794415416798357,5.209486152841421,3.58351893845611,2.5649493574615367,3.713572066704308,56.440283203125,15.90121325683594,39.99589233398437,252.28190917968752,864.595495766698,0,272,82,354,364.6192979736328,0.1585365057045719,3.54943250480034,3.317073170691255,1.0299980168717593,2.3712280193870856
1720,0.0,2.4849066497880004,4.890349128221754,3.332204510175204,0.6931471805599453,3.8501476017100584,48.93436889648437,14.093272888183597,16.575347900390625,233.4882202148437,839.349813139164,0,133,84,217,313.0912098999023,0.0709900820052843,3.472179193666282,1.583333333314484,1.442816635476772,2.680847582418011
1721,0.0,2.302585092994046,5.68697535633982,3.091042453358316,2.1972245773362196,3.4657359027997265,70.67889404296875,21.89689517211914,60.53944702148437,313.5322265625,810.7260516939717,0,302,61,363,466.6474627990723,0.1930884352305113,3.2278043751944754,4.950819672049986,1.2855302005448672,1.7373416043650804
1722,3.6635616461296463,1.6094379124341003,5.849324779946859,3.1354942159291497,7.971776122880628,3.6375861597263857,97.22471923828124,16.411227676391604,296.23117675781253,300.4666625976563,1532.741835144212,0,3281,63,3344,710.3337862701417,0.985903641341731,5.924280690604258,52.07936507853842,0.2124203906309597,2.157776899773072
1723,3.784189633918261,1.3862943611198906,5.552959584921617,2.8903717578961645,7.554334823725748,3.9512437185814275,78.28071899414061,19.43798849487305,231.1229553222656,281.4802001953125,1168.8501932787844,0,2208,71,2279,610.3218630065917,0.8210984472835877,4.027202660952324,31.098591548857765,0.2678024848645563,1.9151373465778088
1724,0.0,2.0794415416798357,5.91350300563827,2.995732273553991,6.507277712385012,4.3694478524670215,89.22557373046874,20.41639389038086,143.42096557617188,346.475830078125,1083.0633549258505,0,1038,104,1142,599.5387632751465,0.4139421948810071,4.370290571643844,9.980769230673262,0.524990160485658,1.8064942940595043
1725,0.0,2.1972245773362196,6.082218910376446,3.367295829986474,6.448889394146858,3.9889840465642745,60.15657348632812,21.4375304260254,170.82723999023435,364.7875854492188,1110.0275629527991,1,1068,89,1157,617.2089293518067,0.4682923619218026,2.8061335558731733,11.999999999865167,0.5334562915741341,1.798463227219918
1726,3.6635616461296463,1.9459101490553132,5.768320995793772,2.833213344056216,7.615298339825815,3.7376696182833684,105.76719360351564,18.19156544494629,317.5314147949219,349.6342163085937,1544.4482583556746,0,2385,63,2448,791.1243901519774,0.9081817510496586,5.81407872333957,37.85714285654196,0.3231717280031267,1.9522192433695909
1727,3.6635616461296463,1.0986122886681098,5.991464547107982,2.9444389791664403,7.72356247227797,4.276666119016055,64.64196166992187,9.035635299682616,245.09371948242188,187.00572509765627,1921.7650855171607,0,2697,91,2788,505.7770415496826,1.3106214761773785,7.154113631062374,29.63736263703695,0.1814121382889172,3.799628942478572
1728,0.0,1.9459101490553132,6.152732694704104,2.6390573296152584,7.007600613951853,4.007333185232471,66.83258056640626,15.187751907348634,143.14059448242188,218.8787475585937,1077.4003742687894,0,1573,73,1646,444.03967451477047,0.6539721013500831,4.40042614402127,21.54794520518428,0.2697689395592349,2.426360607177061
1729,3.5553480614894135,1.6094379124341003,6.07073772800249,2.833213344056216,7.844632644464681,4.143134726391533,87.09625854492187,11.57240007019043,311.35528564453125,256.5780029296875,1959.5597564815644,0,3017,82,3099,666.601947189331,1.2134917338515625,7.526205282320701,36.79268292638058,0.2151022740203665,2.93962501120937
1730,4.5217885770490405,2.6390573296152584,5.60947179518496,3.1780538303479458,7.510430556378006,3.6375861597263857,55.0777587890625,9.415021362304689,120.00201416015624,209.7615966796875,1485.795677975848,0,2189,73,2262,394.2563909912109,0.572087627378385,5.849987659478885,29.98630136945224,0.1742954867334379,3.768602645188831
1731,0.0,1.6094379124341003,5.918893854273146,3.091042453358316,7.261225091971921,3.784189633918261,58.51505126953125,18.49323312377929,196.58952026367183,324.788818359375,1235.223186531435,1,1794,68,1862,598.3866230163574,0.605284138955617,3.164133111539391,26.382352940788493,0.3213676815338539,2.0642560161235504
1732,0.0,1.791759469228055,6.198478716492308,2.5649493574615367,7.251344983372214,3.6635616461296463,49.254235839843744,13.229703689575196,118.74990234375,184.1537109375,1036.7148091176723,0,1900,55,1955,365.3875528106689,0.6448412130201804,3.72300370377398,34.54545454482645,0.1868990039951314,2.837301930895343
1733,3.6635616461296463,1.9459101490553132,6.135564891081739,2.5649493574615367,7.88193748927207,3.6375861597263857,99.21296997070311,15.78640200805664,343.99302978515624,300.2893798828125,1687.8193759582118,0,3147,55,3202,759.2817816467285,1.145538446675182,6.284710722163591,57.21818181714149,0.2371273521694226,2.2229156773595307
1734,3.6635616461296463,2.0794415416798357,5.308267697401205,3.295836866004329,7.844240718141811,4.23410650459726,130.50241699218748,19.71267727661133,385.32068481445305,417.5834106445313,1682.2951580393212,0,2789,101,2890,953.1191897277832,0.9227394455608184,6.620227945414881,27.61386138586521,0.3297990275873541,1.7650417452176472
1735,0.0,2.70805020110221,5.834810737062605,2.833213344056216,5.5134287461649825,4.2626798770413155,84.4837646484375,20.64272822570801,84.9205810546875,363.3348999023438,996.1665944349832,0,588,100,688,553.3819738311768,0.2337253621308564,4.092664676906931,5.8799999999412,0.804334264288332,1.8001428335956042
1736,0.0,1.3862943611198906,5.680172609017068,3.1780538303479458,6.498282149476434,4.174387269895637,38.496752929687496,17.636579544067384,131.88751831054688,266.0720947265625,1010.301306253395,1,955,90,1045,454.0929455108643,0.4956833915469024,2.182778856371518,10.611111110993209,0.4345387038377318,2.2248777838082456
1737,3.9889840465642745,1.791759469228055,5.472270673671475,3.1354942159291497,6.646390514847729,3.4965075614664802,29.48790893554688,9.41293569946289,29.752789306640626,111.01168212890624,728.1723038961038,0,1059,59,1118,179.66531607055663,0.2680149398315018,3.132700559517981,17.94915254206866,0.1607024294010697,4.0529375386292665
1738,3.4657359027997265,1.791759469228055,5.855071922202427,3.332204510175204,8.053887083618223,3.8501476017100584,141.07928466796875,18.94338203430176,482.1012817382812,440.686962890625,1948.251040110916,0,3524,78,3602,1082.8109113311766,1.093976728004184,7.447418016754442,45.17948717890796,0.300613801035779,1.7992532396205658
1739,3.6635616461296463,1.0986122886681098,5.537334267018537,3.7612001156935624,7.816416983691801,4.709530201312334,83.63952026367187,10.458291870117188,299.8138732910156,243.89970703125,2051.0111587831207,0,2771,154,2925,637.8113924560546,1.2292506495359272,7.997436033953146,17.993506493389653,0.2180551769079783,3.215701668297216
1740,0.0,2.302585092994046,5.961005339623274,2.995732273553991,7.307872780763706,4.060443010546419,51.16717529296874,11.652573348999024,80.69589843749999,190.2036987304688,1055.736196514771,0,1878,85,1963,333.71934580993656,0.4242604059526053,4.391062279215177,22.09411764679889,0.17000476098307,3.163545085914444
1741,3.6635616461296463,1.6094379124341003,5.771441123130016,2.0794415416798357,7.709756864454165,3.044522437723423,88.1395751953125,16.958714172363283,315.1466674804687,227.2213623046876,1377.8527306143656,0,2587,31,2618,647.466319152832,1.3869587977229565,5.1973029496394005,83.45161290053382,0.2473133381025915,2.1280685803318216
1742,3.7612001156935624,2.3978952727983707,6.198478716492308,3.4011973816621555,7.332369205929062,3.828641396489095,25.654449462890625,10.83604133605957,91.0887451171875,142.18934326171876,971.8312227902376,1,2061,84,2145,269.76857917785645,0.6406158367922532,2.3675112215705267,24.53571428542219,0.1257662373788954,3.6024626209189243
1743,0.0,2.3978952727983707,4.927253685157205,3.258096538021482,7.613818684808629,4.060443010546419,72.79716796874999,12.170421478271486,195.7053955078125,247.5486328125,1534.873279329609,0,2162,92,2254,528.221617767334,0.7905735260321736,5.981482900385762,23.499999999744563,0.234348543818589,2.9057373414860304
1744,3.6635616461296463,1.9459101490553132,5.176149732573829,2.9444389791664403,6.934397209928558,4.060443010546419,50.07145385742188,15.65291459655762,110.22247924804688,227.4227416992188,981.2631555679288,0,1240,81,1321,403.3695894012452,0.4846590029828175,3.198858177200731,15.308641975119643,0.3053516952315971,2.4326651818796408
1745,3.6635616461296463,2.4849066497880004,6.171700597410915,2.8903717578961645,7.687538766201629,4.343805421853684,124.96497802734376,19.76054772949219,356.35166015625,419.7676025390625,1633.6008893941855,0,2696,104,2800,920.8447884521484,0.8489260676620223,6.323963269222152,25.92307692282766,0.3288731387327927,1.774024145956603
1746,0.0,2.0794415416798357,5.5254529391317835,3.258096538021482,6.937314081223682,3.970291913552122,56.24928588867188,11.7011922454834,107.139990234375,216.14205322265624,1218.9699788437767,0,1279,84,1363,391.2325215911865,0.4956924792581215,4.807141418053077,15.226190476009211,0.2870378001400583,3.1157174098998044
1747,0.0,2.4849066497880004,5.755742213586912,3.1780538303479458,5.5254529391317835,3.8066624897703196,45.00054931640625,22.22523738098145,101.17254638671874,340.9628540039063,903.4234034370772,1,565,78,643,509.3611870880127,0.2967260075353045,2.024749996726213,7.243589743496877,0.7921635880050086,1.7736400541237172
1748,4.189654742026425,2.302585092994046,5.662960480135946,3.2188758248682006,1.6094379124341003,4.07753744390572,74.61567993164063,20.53254235839844,71.32098999023437,301.8745971679687,858.2679910519545,0,356,91,447,468.34380944824215,0.2362603235220675,3.634020503919063,3.912087912044922,1.0477490144232535,1.832559700236566
1749,4.382026634673881,2.302585092994046,5.7899601708972535,2.772588722239781,6.461468176353717,3.7612001156935624,73.42816772460938,15.39773524475098,117.82435913085936,289.1326171875,1175.019050231448,0,1044,66,1110,495.7828792877197,0.407509745100961,4.768764143082143,15.818181817942149,0.4466512426011469,2.370027484444808
1750,0.0,2.0794415416798357,6.20455776256869,2.9444389791664403,7.052721049232323,3.7376696182833684,76.24945678710937,18.753881103515628,200.7010986328125,269.7692138671875,1121.4331886461296,0,1649,66,1715,565.4736503906249,0.7439733235493561,4.065796107065526,24.984848484469925,0.3297222451255365,1.983174968222602
1751,0.0,1.9459101490553132,5.407171771460119,2.8903717578961645,5.8377304471659395,4.110873864173311,44.64986572265625,11.254955200195312,60.85964355468749,185.9833374023437,1002.976440400364,0,564,83,647,302.7478018798828,0.327231699379072,3.967129581991965,6.795180722809697,0.4679255052232069,3.3129107269125235
1752,3.8918202981106265,2.3978952727983707,6.0867747269123065,3.2188758248682006,7.047517221357296,4.110873864173311,88.21307373046875,18.74790852355957,208.82867431640625,339.73048095703126,1278.3481441706838,0,1636,94,1730,655.5201375274657,0.6146892493352811,4.705222111304336,17.404255318963784,0.3789133742931138,1.9501279533386904
1753,4.060443010546419,2.5649493574615367,5.556828061699537,3.1780538303479458,5.817111159963204,4.04305126783455,80.54895629882812,19.646220474243165,78.54373168945311,320.9781005859375,945.0410891960524,0,650,91,741,499.71700904846193,0.2447012165185998,4.099972124426194,7.14285714277865,0.6743819285395244,1.8911525364999384
1754,0.0,2.0794415416798357,4.927253685157205,2.995732273553991,5.262690188904886,3.912023005428146,23.57638549804687,18.647696914672853,45.7578369140625,229.89781494140627,686.863378338279,1,329,75,404,317.8797342681885,0.1990355450987026,1.264305485265132,4.3866666666081775,0.7868310254143606,2.160764919215095
1755,0.0,2.0794415416798357,6.09807428216624,2.70805020110221,7.306531398939505,4.007333185232471,92.59530029296876,18.78494650268555,290.9789978027344,313.77491455078126,1385.667796102746,0,1933,75,2008,716.13415914917,0.9273494607380892,4.929228852198319,25.773333332989687,0.3566405175043891,1.934927664597239
1756,3.5263605246161616,2.0794415416798357,5.147494476813453,2.833213344056216,6.4692503167957724,3.6888794541139363,58.71231079101562,16.129443649291993,106.64456176757812,219.08356933593748,934.3589129769362,0,848,62,910,400.56988554382326,0.4867757180072465,3.640070424248808,13.677419354618108,0.4401866874103111,2.332574031884837
1757,3.713572066704308,1.6094379124341003,5.673323267171493,3.7376696182833684,7.564757012905729,4.812184355372417,99.21033325195312,16.571659057617186,252.74020385742185,296.9158447265625,1419.8784739206876,0,2258,167,2425,665.4380408935547,0.8512183109976015,5.986747186930822,13.520958083751372,0.2744074395436207,2.1337500813929
1758,0.0,2.1972245773362196,5.4638318050256105,2.5649493574615367,6.408528791059498,3.6888794541139363,64.378125,17.815936569213868,149.77869873046876,256.5298095703125,1032.3929190261206,0,841,59,900,488.5025698699951,0.5838646938566876,3.613513370250351,14.254237287893996,0.5427806331882804,2.113382779744142
1759,0.0,2.5649493574615367,5.680172609017068,3.367295829986474,7.057036981697891,3.871201010907891,75.6823974609375,13.576647216796877,153.64017333984376,288.2014526367188,1397.952187002972,0,1452,87,1539,531.1006706542969,0.5330999269215199,5.574454152548769,16.689655172221958,0.3450946527965898,2.632179291504402
1760,3.7612001156935624,2.1972245773362196,5.780743515792329,2.70805020110221,6.51025834052315,3.9889840465642745,28.10659790039062,15.291221740722657,98.03270874023436,217.70317382812505,930.6518903914592,1,1036,75,1111,359.1337022094727,0.4503044536097582,1.838087130977948,13.813333333149156,0.3232526572539599,2.5913799920845206
1761,4.30406509320417,2.1972245773362196,6.100318952020064,3.1780538303479458,7.653020413804189,3.784189633918261,113.1198486328125,19.43365251159668,317.7671813964844,383.2594116210937,1523.2407163450814,0,2624,74,2698,833.5800941619873,0.8291177509550978,5.820822851468064,35.45945945898028,0.3089622291184871,1.827347758195444
1762,0.0,1.6094379124341003,5.746203190540153,2.0794415416798357,7.624130585661289,3.58351893845611,99.44763793945312,16.902555953979494,333.49822998046875,293.20151367187503,1558.687686671788,0,2358,46,2404,743.0499375457764,1.1374369313541566,5.883585784560342,51.26086956410303,0.3090889923234057,2.097689008383324
1763,0.0,2.0794415416798357,4.882801922586371,3.1780538303479458,0.6931471805599453,3.8066624897703196,49.25407104492188,17.918702865600586,16.427197265624997,232.05963134765625,679.2890165823866,0,132,74,206,315.6596025238037,0.0707886898300897,2.7487520392298364,1.7837837837596786,1.5323281675838416,2.1519669008929005
1764,4.48863636973214,2.6390573296152584,5.811140992976701,3.6109179126442243,3.6375861597263857,3.912023005428146,78.80410766601561,18.26814619445801,56.01687011718749,303.6560302734375,923.7517105604248,0,458,98,556,456.7451542510986,0.1844747494938951,4.313744088910817,4.673469387707414,0.8214840903781963,2.0224663621730814
1765,4.110873864173311,2.0794415416798357,5.749392985908253,2.1972245773362196,5.2574953720277815,3.5263605246161616,23.28782958984375,19.41904289245606,94.36876831054686,200.61690673828124,702.0371397982489,1,564,48,612,337.6925475311279,0.4703928988058175,1.1992264354949964,11.74999999975521,0.5517852083832944,2.078923994410796
1766,0.0,1.9459101490553132,5.717027701406222,3.4657359027997265,7.233455418621439,4.406719247264253,114.50857543945312,20.40996725463868,227.10855102539065,381.9581909179688,1301.4579226457402,0,1687,118,1805,743.9852846374513,0.5945900792937073,5.61042426012799,14.296610169370368,0.4121802130953125,1.7493060004247254
1767,4.174387269895637,1.791759469228055,4.941642422609304,3.1780538303479458,3.6888794541139363,3.9512437185814275,54.20187377929688,18.15164845275879,31.587945556640623,239.77056884765628,725.3191664412674,0,242,79,321,343.71203663635254,0.1317423806780014,2.986057928423185,3.0632911392017306,1.0707540082096003,2.1102524471860296
1768,4.430816798843313,2.302585092994046,4.9344739331306915,2.995732273553991,0.6931471805599453,4.02535169073515,58.48242187499999,18.31179043579101,42.03973388671875,287.42347412109376,845.0071822394312,0,222,83,305,406.2574203186035,0.1462640934778376,3.1937030994795808,2.674698795148497,1.331991542023841,2.0799796876932426
1769,0.0,2.3978952727983707,5.313205979041787,3.332204510175204,6.816735880594968,3.8066624897703196,64.2337646484375,21.12134294128418,146.31866455078125,383.67421875,1115.9908659231792,1,1114,81,1195,615.347990890503,0.3813617319065692,3.0411780550110654,13.753086419583294,0.5149355572301155,1.8135930927577344
1770,0.0,2.4849066497880004,4.5217885770490405,3.044522437723423,7.057897937411856,3.9318256327243257,81.3777099609375,17.63895460510254,165.34566650390624,307.35142822265624,1187.946510114141,0,1252,81,1333,571.7137592926025,0.5379694099992469,4.613522273751036,15.456790123265964,0.4288925426047814,2.077869372222111
1771,3.6635616461296463,2.5649493574615367,5.823045895483019,3.295836866004329,6.947937068614969,4.02535169073515,103.99630737304686,19.73988070678711,212.7682067871094,344.91298828125,1243.66073359697,0,1415,93,1508,681.4173831481934,0.6168750207023124,5.268335149159324,15.215053763277258,0.4518682912120302,1.8251086108918293
1772,3.6375861597263857,2.6390573296152584,5.6240175061873385,3.091042453358316,6.866933284461882,4.127134385045092,66.35006103515626,12.669977645874026,151.99140014648438,242.2318725585937,1346.5818710923932,0,1272,95,1367,473.2433113861084,0.6274624331655263,5.23679385113409,13.389473684069584,0.3461911568293798,2.845432441814064
1773,0.0,2.3978952727983707,4.8283137373023015,3.4339872044851463,6.831953565565855,4.060443010546419,94.98136596679686,18.62131178283692,136.57098999023438,335.2760375976562,1137.5721029708254,0,1050,97,1147,585.4497053375244,0.4073389526087078,5.100680718382019,10.824742267929642,0.5104182261002738,1.943074003791748
1774,0.0,2.3978952727983707,5.123963979403259,3.2188758248682006,7.3796321526095525,4.127134385045092,56.39430541992186,17.193371200561526,174.3589599609375,311.6096557617187,1238.4694756838906,1,1769,95,1864,559.5562923431396,0.5595428663279503,3.2800027847243856,18.62105263138293,0.3001911439607507,2.21330631543002
1775,4.31748811353631,2.302585092994046,5.455321115357702,3.091042453358316,7.149916836132109,3.8918202981106265,49.31290283203124,10.577174652099613,98.80372924804686,195.00754394531253,1224.003153342486,0,1580,78,1658,353.70135067749027,0.5066661896693007,4.662199920994992,20.25641025615056,0.2133301270671151,3.460555496874787
1776,3.4657359027997265,2.1972245773362196,5.3230099791384085,3.6375861597263857,7.215975002651466,4.174387269895637,45.002197265625,9.455467254638672,54.72333984375,171.20174560546874,1082.5476553552492,0,1595,109,1704,280.3827499694824,0.3196424174876072,4.759383756396428,14.633027522801532,0.164543867352886,3.8609638270158047
1777,0.0,1.9459101490553132,5.634789603169249,3.367295829986474,7.415175109613295,4.0943445622221,41.4755859375,11.867436538696287,138.18630981445312,217.4931884765625,1303.779179036965,1,1939,93,2032,409.0225207672119,0.6353592532333904,3.494906907550352,20.84946236536721,0.2012906106136863,3.1875486381245026
1778,0.0,2.3978952727983707,5.43372200355424,3.091042453358316,6.787844982309579,4.143134726391533,54.74619140624999,13.45286961364746,75.03750000000001,244.32139892578124,1071.2357006748207,0,1114,93,1207,387.5579599456787,0.307126188412532,4.069480562469916,11.978494623527112,0.3210919303606939,2.764065795016065
1779,0.0,5.560681631015528,5.0689042022202315,6.892641641172089,0.0,7.805882040228621,111.42097778320311,20.458177001953125,25.02789916992188,8208.663024902346,14659.767920423554,0,158,3697,3855,8365.570078857423,0.003048961699852,5.446280857141844,0.0427373546118358,2.170057089197212,1.7523931761054643
1780,3.6635616461296463,2.4849066497880004,6.1224928095143865,3.258096538021482,7.818027938530729,4.30406509320417,95.788037109375,15.489728942871094,292.30438842773435,317.8248779296875,1638.3024213736223,0,2977,109,3086,721.4070324096679,0.919702668749176,6.183971162857306,27.31192660525402,0.2337676709038995,2.2709820500349696
1781,0.0,2.0794415416798357,4.983606621708336,3.332204510175204,6.9650803456014065,3.8066624897703196,110.05911254882812,21.0247787475586,155.1901794433594,416.4095581054688,1204.7055485795008,0,1203,78,1281,702.6836288452149,0.37268640073742,5.234733447854878,15.42307692287919,0.5485430357881861,1.7144352011695372
1782,0.0,1.3862943611198906,5.932245187448011,2.772588722239781,7.8724551500639794,3.6888794541139363,97.122216796875,14.806719268798828,312.690234375,300.0948852539063,1705.5034599971273,0,2999,57,3056,724.7140556945801,1.041971222233245,6.559333977174442,52.61403508679625,0.237144651732442,2.3533467394394414
1783,3.6635616461296463,1.3862943611198906,5.147494476813453,2.772588722239781,6.373319789577012,4.07753744390572,27.3289306640625,18.571645065307617,101.91807861328122,191.0419189453125,730.6562654142265,1,794,76,870,338.8605732879638,0.5334854212908253,1.4715406506256257,10.447368420915163,0.389494911824798,2.1562150424362247
1784,3.6375861597263857,2.0794415416798357,5.87493073085203,3.1780538303479458,7.1770187659099,4.204692619390966,61.42730712890625,11.21576170349121,132.57570190429686,224.60515136718752,1372.7553878654971,0,1700,96,1796,429.8239221038818,0.5902611809956668,5.476873416836991,17.70833333314887,0.239322896494233,3.1937621832284373
1785,0.0,1.9459101490553132,4.330733340286331,3.258096538021482,6.3561076606958915,4.189654742026425,82.60526733398437,18.60976579284668,83.4932373046875,355.8786987304687,1069.2957748098515,0,650,96,746,540.5869691619873,0.2346115055559648,4.438812838864303,6.770833333262804,0.7246474117443199,1.978027284796534
1786,0.0,1.9459101490553132,6.150602768446279,3.1354942159291497,7.380879035564116,3.912023005428146,118.25007934570311,20.106618072509768,303.96687011718745,407.94990234375007,1499.07247718713,0,2072,77,2149,850.2734698791504,0.7451083291602588,5.88115211187585,26.90909090874144,0.3956600604368332,1.7630474550716375
1787,3.6888794541139363,2.0794415416798357,6.089044875446846,2.995732273553991,7.563200592358071,3.828641396489095,126.18116455078123,21.32894123840332,346.87957763671875,395.2870971679688,1477.444189463815,0,2404,71,2475,889.6767805938721,0.8775383262470674,5.915960062643558,33.859154929100576,0.3594653658963687,1.66065274680535
1788,3.6888794541139363,2.3978952727983707,6.318968113746434,2.772588722239781,7.8407064517494,4.143134726391533,94.63265991210938,16.17745880126953,300.8286254882812,299.714501953125,1560.2157409638553,0,3134,87,3221,711.3532461547851,1.0037172827036802,5.849661622926426,36.02298850533307,0.2208485706782254,2.1933065595685366
1789,0.0,1.6094379124341003,6.073044534100405,2.995732273553991,6.741700694652055,3.9889840465642745,58.47764282226563,14.905404052734374,86.94530639648437,223.74111328125,961.8026962170424,0,1279,76,1355,384.0694665527344,0.3885978089632666,3.923251098155554,16.828947368199618,0.2834461007767165,2.504241497891836
1790,0.0,2.0794415416798357,5.176149732573829,3.091042453358316,0.6931471805599453,3.9318256327243257,31.855187988281248,20.072084884643555,41.7561767578125,282.1635131835938,747.4511912059235,1,177,78,255,375.8469628143311,0.1479857416238479,1.587039322012109,2.2692307692016764,1.473909658089636,1.988711537289119
1791,3.784189633918261,1.0986122886681098,4.941642422609304,2.995732273553991,7.710653323501202,3.871201010907891,99.1037109375,17.190122955322266,272.3518432617187,339.17969970703126,1505.6427998106062,0,2413,68,2481,727.8253768615723,0.8029721221410405,5.76515428012405,35.485294117125214,0.2933596843455376,2.0686868686840265
1792,3.6888794541139363,1.791759469228055,5.765191102784844,2.1972245773362196,6.739336627357174,3.784189633918261,48.82296752929687,10.606852935791016,149.59868774414062,145.08438720703126,1223.8763165277926,0,1201,56,1257,354.1128954162598,1.0311149988153894,4.602964500426807,21.4464285710456,0.2817127250723771,3.456175508902802
1793,0.0,1.9459101490553132,5.802118375377063,2.833213344056216,6.311734809152915,4.219507705176107,67.84112548828125,18.49537866210937,131.621484375,256.67955322265624,964.7018340156308,0,880,89,969,474.6375417480468,0.5127852324891355,3.668004138979659,9.887640449327105,0.4898220245072828,2.0325021709422506
1794,3.6109179126442243,1.3862943611198906,6.104793232414985,2.9444389791664403,7.584773077612199,3.9889840465642745,112.99246215820312,18.68749415588379,354.87174682617183,346.820068359375,1574.4883653424815,0,2450,74,2524,833.3717714996337,1.023215722503781,6.046421270268643,33.1081081076607,0.3301789902929095,1.889298892986663
1795,3.6635616461296463,1.9459101490553132,5.673323267171493,3.2188758248682006,6.580639137284949,3.8918202981106265,81.65967407226563,18.059634796142586,101.90214843749996,347.5705078125,1117.204017444748,0,1048,78,1126,549.1919651184082,0.293184105517315,4.521668072999234,13.43589743572518,0.4877370915789702,2.0342686863633186
1796,0.0,1.3862943611198906,5.777652323222656,2.772588722239781,7.239214973779806,3.9318256327243257,64.52034301757813,22.581232086181643,246.74567871093748,363.6223388671875,1189.23319871995,1,1714,68,1782,697.4695926818847,0.6785767878809623,2.857255209480064,25.2058823525705,0.3913970778235091,1.7050681652592892
1797,0.0,1.3862943611198906,6.298949246855942,2.6390573296152584,7.3987862754199485,3.4657359027997265,92.16600952148438,15.760900039672851,279.06959838867186,285.70228271484376,1514.566028067885,0,2176,47,2223,672.6987906646729,0.9767846295657052,5.847763089902175,46.29787233944048,0.3026085428089834,2.2514772571081
1798,3.7376696182833684,2.302585092994046,5.998936561946683,3.091042453358316,8.156510226079966,3.8501476017100584,137.025,18.70288215637208,479.4297912597656,388.5262573242188,1871.1482703464048,0,3928,76,4004,1023.6839307403563,1.2339701171302182,7.326410916083815,51.68421052563573,0.2556653173676575,1.8278574217642656
1799,3.713572066704308,1.6094379124341003,5.69035945432406,2.8903717578961645,6.871091294610546,4.31748811353631,71.64624023437499,17.56759799194336,152.8086181640625,266.06176757812506,1075.2327467708603,0,1298,95,1393,508.0842239685059,0.5743351235859854,4.078317380848207,13.663157894593018,0.3647410078737553,2.116249031253908
1800,0.0,2.3978952727983707,5.883322388488279,3.332204510175204,5.823045895483019,3.9889840465642745,117.17429809570312,21.23376416015625,96.12745971679686,423.0585205078125,1108.210326270315,0,695,90,785,657.5940424804687,0.2272202427247756,5.518300815926675,7.72222222213642,0.8376994171715045,1.6852499485676906
1801,0.0,1.0986122886681098,5.762051382780177,2.70805020110221,5.971261839790462,3.8066624897703196,29.38705444335937,16.07198313903809,90.215771484375,206.1419311523437,843.0416185082042,1,708,60,768,341.8167402191162,0.4376391109738163,1.8284647381287464,11.799999999803331,0.4450738804930613,2.4663555622387583
1802,3.6888794541139363,1.6094379124341003,5.955837369464831,3.1780538303479458,7.89655270164304,4.110873864173311,99.63088989257812,14.104549438476562,305.23809814453125,313.10364990234376,1786.06993343757,0,3111,87,3198,732.0771873779297,0.9748787605598318,7.063741406281713,35.758620689244154,0.2289171943019702,2.439728985180198
1803,3.6635616461296463,1.6094379124341003,5.43372200355424,3.091042453358316,7.3727463664043285,3.9889840465642745,96.49517211914063,18.718624420166016,258.4718811035156,327.54444580078126,1353.55258512017,0,1857,78,1935,701.2301234436036,0.7891200245231268,5.155035431451313,23.80769230738708,0.3623928286528378,1.9302544769058243
1804,0.0,1.0986122886681098,6.289715570908998,3.091042453358316,7.738052297689316,4.532599493153256,67.69198608398438,8.886375686645508,244.79263916015623,190.39302978515627,1954.7131085790888,0,2831,115,2946,511.7640307159424,1.28572269391952,7.617502169989813,24.61739130413376,0.1737148780433702,3.8195593891987385
1805,0.0,0.6931471805599453,5.831882477283517,3.044522437723423,7.4770384723196965,3.9318256327243257,39.69893188476563,11.098251068115236,45.26718749999999,152.31855468749998,843.4209006217616,0,2106,71,2177,248.38292514038085,0.2971876117953846,3.577043953820957,29.66197183056813,0.1140941318972286,3.395647668380111
1806,3.6635616461296463,0.6931471805599453,6.472346294500901,2.4849066497880004,7.8636512654486515,3.784189633918261,88.81671752929688,16.05969369506836,301.8210754394531,238.98226318359377,1438.5119692004353,0,3284,55,3339,645.6797498474122,1.2629434143667877,5.5304116759736495,59.709090908005294,0.1933751871360343,2.22790318193835
1807,3.871201010907891,2.302585092994046,6.148468295917647,2.8903717578961645,7.049254841255837,4.02535169073515,24.3573486328125,10.832793090820314,101.1566162109375,156.23770751953126,1057.8624918901028,1,1665,81,1746,292.5844654541016,0.6474532801093774,2.24848277137356,20.555555555301783,0.1675741497445212,3.615579830065984
1808,0.0,2.302585092994046,5.883322388488279,3.295836866004329,7.093404625868766,4.007333185232471,71.67886962890626,14.597683959960936,151.95157470703126,255.55561523437504,1229.880336576467,0,1561,89,1650,493.7837435302735,0.594592979563681,4.910290551610749,17.539325842499558,0.299262874866651,2.490726664634664
1809,0.0,2.0794415416798357,5.968707559985366,2.9444389791664403,7.668093709082406,4.30406509320417,121.92599487304688,19.805619003295902,348.93297729492184,408.56781005859375,1598.5486531492431,0,2528,98,2626,899.2324012298584,0.8540393264071059,6.156131492108413,25.795918367083715,0.3424342731262437,1.777681332391014
1810,3.784189633918261,2.0794415416798357,6.173786103901937,2.70805020110221,6.651571873589727,4.04305126783455,81.771240234375,19.288214950561528,164.4264953613281,313.4065795898438,1110.9962766487058,0,1295,77,1372,578.8925301361085,0.5246427677937999,4.239440530900709,16.8181818179634,0.421933331002687,1.919175354336617
1811,0.0,1.0986122886681098,5.123963979403259,3.2188758248682006,7.228388451573604,3.912023005428146,108.13002319335938,18.41345402526856,226.2419494628906,359.4364013671875,1371.7795134015164,0,1544,75,1619,712.221828048706,0.6294352731156475,5.872337858997097,20.586666666392176,0.4399146559902817,1.9260565449922995
1812,0.0,2.0794415416798357,6.0014148779611505,3.091042453358316,6.777646593635117,3.970291913552122,51.3692138671875,17.92815321350098,159.6219543457031,315.6165893554688,1169.1359405385926,1,1280,80,1360,544.5359107818604,0.5057464015791017,2.865281953616845,15.9999999998,0.4003940520451912,2.147031843791104
1813,3.784189633918261,2.1972245773362196,5.594711379601839,3.2188758248682006,6.835184586147301,3.9889840465642745,91.10225830078126,17.993572174072266,171.84677124023438,322.9901733398437,1215.5069819421412,0,1240,85,1325,603.9327750549317,0.532049534085635,5.063044592501287,14.58823529394602,0.4557983207958308,2.0126527854521066
1814,3.7612001156935624,2.302585092994046,5.10594547390058,3.1780538303479458,6.796823718274855,4.143134726391533,36.484771728515625,9.682265625,44.68573608398437,154.12752685546877,948.5424175824176,0,1100,94,1194,244.9803002929688,0.289927029878303,3.76820603129729,11.702127659449976,0.2051761308984619,3.871913033187551
1815,0.0,1.0986122886681098,6.326149473155099,2.5649493574615367,7.0909098220799835,3.8066624897703196,91.70293579101563,20.237256408691408,235.8335083007812,316.01246337890626,1204.704791913597,0,1758,58,1816,663.7861638793945,0.7462791365202109,4.531391703230091,30.310344827063616,0.3655210153518882,1.8148989199640333
1816,0.0,2.1972245773362196,5.963579343618446,3.091042453358316,6.9584483932976555,4.1588830833596715,90.9753662109375,17.668098999023442,195.69583740234376,339.2244506835938,1316.2087796779429,0,1439,92,1531,643.5637532958984,0.5768918985863406,5.149131562530682,15.641304347656073,0.4203551621786271,2.0451878666801324
1817,3.7376696182833684,2.0794415416798357,6.0473721790462776,2.995732273553991,6.115892125483034,4.060443010546419,79.690869140625,20.30691654968262,153.48087158203126,321.8490234375,1057.6939767448384,0,915,83,998,575.3276807098389,0.4768722612307658,3.924321496162655,11.024096385409347,0.5764806419932489,1.8384201077167328
1818,4.356708826689592,2.3978952727983707,5.831882477283517,2.70805020110221,7.013915474810528,4.174387269895637,43.788153076171874,10.262264511108398,78.7587890625,186.4153564453125,1150.6270469145309,0,1528,88,1616,319.2245630950928,0.4224908857505121,4.266909415997457,17.36363636343905,0.1975399524102074,3.6044439555491534
1819,0.0,1.9459101490553132,5.153291594497779,2.9444389791664403,7.4127640174265625,3.4339872044851463,41.72525024414063,15.54579734802246,153.1654541015625,259.0857788085937,1168.4746781727044,1,1828,54,1882,469.5222805023193,0.5911766165063279,2.684021237853353,33.85185185122497,0.2494804891084324,2.4886458570616097
1820,0.0,1.0986122886681098,5.780743515792329,2.995732273553991,5.631211781821365,4.174387269895637,80.38070068359374,22.684557220458984,93.83829345703124,297.25147705078126,821.7026271693901,0,601,85,686,494.15502841186526,0.3156865506195099,3.543410607439838,7.070588235210934,0.7203426070133307,1.6628438039142237
1821,3.6635616461296463,1.3862943611198906,5.14166355650266,2.70805020110221,5.093750200806762,3.7376696182833684,55.91640014648438,18.79537481689453,49.14459228515625,240.6552612304688,743.1292877496422,0,370,58,428,364.511628479004,0.2042115847942657,2.9750085160976942,6.379310344717599,0.8516626833601689,2.0386984383693214
1822,3.6888794541139363,0.6931471805599453,5.308267697401205,3.044522437723423,6.816735880594968,4.634728988229636,58.81613159179687,12.59430500793457,148.58393554687498,189.51694335937503,1189.9323212290503,0,1152,123,1275,409.51131550598143,0.7840139932203103,4.6700577403891605,9.36585365846044,0.3211853454946355,2.905737341484436
1823,0.0,1.791759469228055,4.948759890378168,2.772588722239781,6.541029999189903,3.6888794541139363,66.53331298828124,17.752004516601566,130.640185546875,267.73304443359376,1020.0422627539504,0,832,59,891,482.6585474853516,0.4879494267237899,3.747932405172146,14.101694915015226,0.5417043181647697,2.11338277974409
1824,0.0,2.1972245773362196,5.817111159963204,3.332204510175204,5.214935757608986,3.8918202981106265,57.045739746093744,15.097529525756835,48.97254638671875,259.6881958007812,945.2455001515036,0,518,83,601,380.8040114593505,0.1885821041480809,3.778481747294717,6.240963855346494,0.6336173235585972,2.482236194221192
1825,3.6635616461296463,1.3862943611198906,5.796057750765372,3.367295829986474,6.013715156042802,3.8918202981106265,15.704461669921876,10.321770767211914,39.35231323242187,131.14617919921875,761.4664992905285,1,774,79,853,196.5247248687744,0.3000645041465015,1.5214890954841878,9.79746835430636,0.2303924089900867,3.874660044913476
1826,4.2626798770413155,2.1972245773362196,5.955837369464831,2.70805020110221,7.620705086838262,4.110873864173311,46.3910888671875,8.780510833740236,116.98961791992186,174.40660400390627,1421.3184454317898,0,2494,82,2576,346.5678216247559,0.6707866286796732,5.283415707847019,30.414634145970552,0.1345371978356449,4.101126407998179
1827,3.58351893845611,1.791759469228055,6.013715156042802,2.8903717578961645,6.369900982828227,3.8918202981106265,48.06359252929687,14.816613693237308,91.4073486328125,172.91605224609376,839.8721445636847,0,1026,70,1096,327.2036071014404,0.5286226897095311,3.2438986074119254,14.657142856933469,0.2985434371360783,2.5668181105984536
1828,0.0,0.6931471805599453,5.476463551931511,3.258096538021482,7.488293515159428,3.7612001156935624,68.46256713867189,10.359148040771483,217.8817932128906,220.7909912109375,1738.6711537988313,0,2024,68,2092,517.4944996032715,0.9868237468246414,6.60889938657198,29.764705881915223,0.2473683076496291,3.3597867322810093
1829,3.6888794541139363,2.1972245773362196,5.703782474656201,3.1354942159291497,6.904750769961838,4.356708826689592,38.56168212890625,8.670509582519532,72.04581298828126,152.13782958984376,1152.3392145633584,0,1334,107,1441,271.4158342895508,0.473556203490215,4.447452800490798,12.467289719509653,0.1883524179662473,4.245659497263445
1830,4.07753744390572,0.6931471805599453,6.152732694704104,2.3978952727983707,7.6838639802564295,3.044522437723423,68.2013671875,17.632952087402344,312.42897949218747,283.00689697265625,1446.8767758117829,1,2699,31,2730,681.270195739746,1.103962422234784,3.867836017790681,87.06451612622372,0.2495495222488997,2.12379285760269
1831,0.0,1.3862943611198906,5.857933154483459,3.258096538021482,7.59337419312129,4.219507705176107,126.61605834960938,19.985120727539066,330.6483215332031,400.18560791015625,1538.7633736151993,0,2333,95,2428,877.4351085205078,0.8262374133319885,6.335516310832171,24.5578947365836,0.3613818404119219,1.753706181426955
1832,3.6635616461296463,1.0986122886681098,5.375278407684165,2.833213344056216,0.6931471805599453,3.9512437185814275,62.33582153320312,18.550449142456053,40.317681884765626,264.340576171875,787.9208630098541,0,254,69,323,385.5445287322998,0.1525217296129309,3.3603402834692555,3.6811594202365048,1.1936363118610098,2.0436572283843715
1833,4.418840607796598,1.9459101490553132,5.529429087511423,3.4657359027997265,6.822197390620491,4.04305126783455,72.09201049804688,14.221012252807617,127.48919677734376,274.66600341796874,1243.6772905594405,0,1250,93,1343,488.468222946167,0.4641608178310837,5.069400771998107,13.440860214909238,0.3637142389767708,2.546076146070934
1834,0.0,1.791759469228055,5.53338948872752,3.4657359027997265,5.857933154483459,4.07753744390572,24.419805908203127,10.490190536499025,44.44837646484375,169.79381103515627,928.0685192110948,1,601,94,695,249.15218394470216,0.261778543008136,2.327870577842247,6.393617021208578,0.3584923509990556,3.724906218013924
1835,0.0,2.3978952727983707,5.869296913133774,2.772588722239781,6.93537044601511,3.9512437185814275,89.09159545898437,19.856907348632813,199.3996032714844,348.6152709960938,1216.5795953659226,0,1380,76,1456,656.9633770751955,0.5719761004765241,4.486680321879621,18.157894736603183,0.4512111106282584,1.851822548739764
1836,4.219507705176107,1.791759469228055,5.996452088619021,3.258096538021482,7.221835825288449,4.007333185232471,114.54862060546874,21.23626396179199,270.4226989746094,391.8171752929688,1349.3124508513931,0,1836,84,1920,798.0247588348388,0.6901757146600817,5.394010020132031,21.857142856882653,0.4156378952262621,1.6908152734756934
1837,3.7376696182833684,2.302585092994046,5.983936280687191,3.091042453358316,6.476972362889683,4.127134385045092,69.01298217773437,17.29196617126465,92.52723999023438,280.50084228515624,989.834588155991,0,1086,91,1177,459.3330306243896,0.329864392691704,3.9910430942449646,11.93406593393479,0.3902574601733214,2.1549388399269147
1838,0.0,2.0794415416798357,5.5053315359323625,2.8903717578961645,6.234410725718371,4.04305126783455,66.7597412109375,16.7195565032959,105.25704345703124,272.16855468750003,1027.200682003673,0,754,80,834,460.9048958587647,0.3867347702143589,3.992913400172089,9.424999999882187,0.552643760021837,2.228660817515399
1839,0.0,1.9459101490553132,5.017279836814924,3.1780538303479458,6.037870919922137,3.970291913552122,35.93221435546875,22.49676274108887,92.29306640625,318.5202392578125,832.3570141016618,1,568,81,649,469.2422827606201,0.2897557361535748,1.5972171092974052,7.012345678925773,0.7230235481662514,1.773832079247018
1840,3.6109179126442243,2.1972245773362196,5.53338948872752,3.295836866004329,6.628041376179533,4.174387269895637,91.07374877929688,21.926788009643555,137.27351074218748,385.4539306640625,1075.7311845855925,0,1043,98,1141,635.7279781951904,0.3561346760826531,4.1535380711068335,10.64285714274854,0.5571673779094068,1.6921249677226158
1841,4.382026634673881,1.791759469228055,5.407171771460119,3.367295829986474,7.020190708311925,4.02535169073515,78.96610107421876,15.332979904174806,132.28258666992187,285.022412109375,1205.5402333884654,0,1419,88,1507,511.6040797576904,0.4641129295428718,5.150081821183897,16.12499999981676,0.3394851225994366,2.3563929239131274
1842,0.0,1.0986122886681098,5.472270673671475,2.9444389791664403,6.309918278226516,4.1588830833596715,39.968371582031246,19.03014660644531,107.63541870117189,284.1807495117188,931.7121188268686,1,786,83,869,450.8146864013672,0.3787568963968636,2.100266088669759,9.469879517958194,0.5187740925211145,2.0667297382483327
1843,0.0,1.791759469228055,5.908082938168931,3.258096538021482,7.290292882446597,3.7376696182833684,64.0188720703125,12.045546157836917,131.39527587890626,234.33676757812503,1319.5503105004102,0,1832,71,1903,441.7964616851807,0.5607113097800155,5.314733863133855,25.80281690104503,0.232157888431397,2.9867833378840425
1844,0.0,5.720311776607412,4.143134726391533,7.496097345175956,0.0,7.8083230503910555,148.24061279296873,21.58684492492676,5.201202392578125,9006.199438476562,14704.32464978006,0,62,4564,4626,9181.228098587037,0.0005775135703032,6.867173656068895,0.0135845749342652,1.9847012750940447,1.6015640273703045
1845,3.6635616461296463,2.302585092994046,6.315358001522335,3.6109179126442243,7.58629630715272,4.454347296253507,75.32594604492188,12.902374374389648,223.58798217773435,235.2834228515625,1504.8571983127677,0,2560,130,2690,547.0997254486084,0.9502921177657426,5.838146053845772,19.692307692156216,0.2033827975644628,2.750608578858399
1846,0.0,2.3978952727983707,5.82600010738045,3.5553480614894135,3.295836866004329,3.828641396489095,101.77091674804686,20.782213165283206,71.58224487304688,338.9060302734375,932.7512955783404,0,364,89,453,533.0414050598145,0.2112156128207025,4.897020155348934,4.089887640403484,1.1766918433965514,1.749866495777984
1847,0.0,1.6094379124341003,6.025865973825314,3.367295829986474,7.307202314764738,3.9512437185814275,81.38924560546874,18.146848434448245,155.91500244140624,253.09259033203125,1030.2930338506244,0,1903,83,1986,508.5436868133545,0.6160393800397155,4.485034737298083,22.92771084309725,0.2560642934607746,2.0259676023207347
1848,3.6635616461296463,1.6094379124341003,5.908082938168931,3.1354942159291497,5.8971538676367405,3.912023005428146,17.30560913085937,15.0817673034668,55.785882568359376,127.28726806640628,577.5223354601228,1,768,75,843,215.46052706909185,0.4382675770746952,1.1474523364204094,10.239999999863466,0.2555878138420359,2.6804089979425703
1849,4.3694478524670215,2.1972245773362196,5.910796644040527,3.5553480614894135,5.1647859739235145,3.7376696182833684,35.37421875,11.29250212097168,21.803631591796872,155.63873291015625,756.9947953303782,0,620,83,703,224.1090853729248,0.1400912946537743,3.132540367751876,7.46987951798229,0.3187895951246173,3.377796103479413
1850,0.0,2.6390573296152584,5.755742213586912,3.7612001156935624,4.3694478524670215,3.9889840465642745,90.05366821289063,18.987290725708007,77.46207275390626,316.2121215820313,966.8370784423056,0,393,108,501,502.7151532745362,0.2449687012822694,4.742839276496611,3.6388888888551953,1.00342345962781,1.923230426102525
1851,0.0,2.302585092994046,5.762051382780177,3.332204510175204,5.961005339623274,3.871201010907891,74.84853515625,18.69340187072754,102.88504028320312,268.1839965820312,925.7751530860444,0,704,83,787,464.6109738922119,0.3836360170408205,4.004008241509704,8.48192771074118,0.5903570189220095,1.992581331707478
1852,3.6635616461296463,1.6094379124341003,5.8805329864007,2.9444389791664403,7.695757990554761,4.248495242049359,49.452978515625006,8.380802032470704,164.34525146484376,154.26177978515625,1591.6403252903228,0,2593,91,2684,376.44081179809575,1.065365975244585,5.9007453365588285,28.494505494192367,0.1402536556624275,4.228129032246833
1853,3.784189633918261,1.6094379124341003,6.320768294250582,3.6888794541139363,8.270013062273787,4.406719247264253,147.2569519042969,17.30101235961914,491.64505004882807,386.5159057617188,2001.6293833040424,0,4502,124,4626,1042.7189200744629,1.2719917672693342,8.511464464327284,36.30645161261043,0.2254040034747594,1.9196250732260445
1854,0.0,1.6094379124341003,5.777652323222656,3.8918202981106265,5.123963979403259,4.382026634673881,53.371142578125,15.040069015502928,31.382446289062496,206.33642578125,767.5034874904361,0,489,131,620,306.1300836639404,0.1520935829439096,3.5485969193068705,3.732824427452421,0.493758199457172,2.5071155317439144
1855,0.0,1.791759469228055,6.297109319933935,3.4011973816621555,1.0986122886681098,4.248495242049359,32.93739624023438,16.461657806396484,59.18697509765624,216.1265625,778.075481023766,1,544,103,647,324.7125916442871,0.2738533126735978,2.0008553588955715,5.281553398006975,0.5018741756472724,2.39619744057763
1856,3.6888794541139363,1.791759469228055,6.156978985585555,3.4011973816621555,6.960347729101308,3.713572066704308,76.52433471679687,13.98388037109375,172.5445129394531,230.0527221679688,1263.3369344800626,0,1563,74,1637,493.1054501953125,0.7500216094496933,5.472324753972361,21.121621621336192,0.3012250764783209,2.562001563716462
1857,3.6888794541139363,1.6094379124341003,6.016157159698354,2.9444389791664403,8.169053149927343,3.912023005428146,134.32269287109375,19.45056234741211,513.5936462402343,373.3522338867188,1848.462498075776,0,3977,71,4048,1040.7191353454589,1.375627623523719,6.905851381826988,56.01408450625332,0.2570946480595854,1.776139628162421
1858,0.0,1.3862943611198906,6.230481447578482,3.367295829986474,6.85751406254539,4.143134726391533,104.53914184570311,21.15318173217773,228.7525451660156,295.6146240234375,1116.353936324092,0,1457,93,1550,650.059492767334,0.7738201244979862,4.942005565136264,15.666666666498209,0.4193932211399448,1.717310413497699
1859,3.5263605246161616,1.791759469228055,6.192362489474872,3.4011973816621555,6.8658910748834385,4.143134726391533,97.948828125,20.975097061157225,213.06450805664065,297.717919921875,1098.6166425567033,0,1479,96,1575,629.7063531646729,0.7156589973214774,4.66976757412565,15.406249999839517,0.3998135575646178,1.7446491321450304
1860,4.51085950651685,2.302585092994046,5.598421958998375,3.7612001156935624,5.817111159963204,3.784189633918261,106.47317504882812,21.463381668090825,96.358447265625,353.0611083984375,976.857804022306,0,694,94,788,577.3561123809815,0.272922859451881,4.9606896383042445,7.382978723325713,0.7326854218023462,1.6919502246059404
1861,0.0,1.3862943611198906,6.246106765481563,4.143134726391533,5.877735781779639,4.2626798770413155,57.8548828125,22.98591055297852,129.66047973632814,311.34287109375003,882.5697505548388,1,871,135,1006,521.8441441955567,0.4164555921271406,2.516971545531668,6.451851851804061,0.5187317536730001,1.6912516128999848
1862,0.0,1.6094379124341003,5.883322388488279,3.367295829986474,7.741533589281828,3.7376696182833684,118.2364013671875,18.3814655456543,335.158154296875,344.878564453125,1553.293328476898,0,2659,73,2732,816.6545856628418,0.9718149773308308,6.432370752326017,36.424657533747606,0.2989218834782368,1.902019967492447
1863,3.713572066704308,1.9459101490553132,6.52649485957079,3.091042453358316,8.392536586816682,3.4657359027997265,141.85233764648436,17.07792626953125,555.0407775878906,372.49163818359375,2123.54363781688,0,5135,58,5193,1086.4626796875,1.4900758049039262,8.306180469420173,88.53448275709424,0.2092167686669152,1.9545481658198527
1864,3.6635616461296463,1.6094379124341003,6.376726947898627,3.6888794541139363,8.24800570160062,3.8918202981106265,142.68356323242188,16.99308270263672,481.1852966308593,387.0925048828125,2014.714476583528,0,4444,91,4535,1027.9544474487302,1.243075726240913,8.396567339832101,48.83516483462818,0.2266713224803756,1.959925832882836
1865,0.0,2.4849066497880004,6.0867747269123065,3.713572066704308,6.884486652042782,4.110873864173311,69.35245971679687,13.225707000732422,123.10361938476562,244.87218017578127,1227.8569832834332,0,1415,111,1526,450.5539662780762,0.5027260315806111,5.243761993798325,12.747747747632904,0.2952516161715471,2.7252162341922217
1866,0.0,1.6094379124341003,6.073044534100405,3.4339872044851463,5.424950017481403,4.007333185232471,25.408905029296875,13.789509567260744,61.80589599609375,161.433984375,754.1504910549855,1,659,88,747,262.43829496765136,0.3828555445434591,1.842625722366548,7.488636363551265,0.3513230186978581,2.873629746546974
1867,3.6635616461296463,2.0794415416798357,5.752572638825633,3.258096538021482,5.765191102784844,3.58351893845611,76.81898803710938,21.171269119262696,61.98909301757812,246.93588867187503,723.3263831235761,0,670,67,737,406.9152388458252,0.2510331460960595,3.6284545626783946,9.999999999850743,0.5521237976190951,1.7775848974676942
1868,3.784189633918261,1.791759469228055,5.8664680569332965,3.6888794541139363,6.9650803456014065,4.23410650459726,34.09887084960937,9.695423263549806,32.16939697265625,107.133837890625,712.8968428588403,0,1453,112,1565,183.09752897644043,0.3002729819611086,3.5170069340126644,12.973214285598454,0.1169952261829542,3.893536121651739
1869,0.0,1.3862943611198906,6.363028103540465,4.174387269895637,8.488999457045455,4.060443010546419,187.18379516601564,16.480209228515626,695.49873046875,459.28271484375006,2562.667846632124,0,5439,124,5563,1358.4454497070312,1.5143150569118355,11.358095795942583,43.86290322545272,0.2441929623776356,1.8864709268840456
1870,0.0,1.791759469228055,6.0867747269123065,3.6635616461296463,1.3862943611198906,4.127134385045092,76.36679077148438,17.835510864257813,76.069775390625,248.3748046875,867.9671635558367,0,442,104,546,418.6468817138672,0.3062700964617894,4.281727131250327,4.249999999959135,0.7667525306100741,2.073267953174421
1871,3.6375861597263857,0.6931471805599453,6.322565239927284,2.995732273553991,7.940939762327791,4.189654742026425,112.92769775390624,17.123770935058598,405.250927734375,299.790234375,1697.9595014892031,0,3402,85,3487,835.0926307983398,1.3517816168291363,6.594791426233535,40.02352941129384,0.2394874192136794,2.033258873167086
1872,3.828641396489095,1.0986122886681098,6.07993319509559,2.772588722239781,6.9874902470009905,3.970291913552122,38.86968383789062,18.713470138549805,169.3903381347656,255.13736572265628,1013.9800121630296,1,1563,69,1632,482.1108578338623,0.6639181903219744,2.0770965271556907,22.652173912715185,0.2954110648489993,2.10320924261438
1873,0.0,2.302585092994046,5.948034989180646,3.6635616461296463,7.171656822768514,4.143134726391533,116.69754638671876,21.247789993286137,255.46585693359376,378.8979125976563,1301.7347246798006,0,1683,109,1792,772.309105911255,0.6742340045673288,5.492220434129881,15.44036697233541,0.430976063566308,1.6855100046272091
1874,0.0,2.4849066497880004,5.968707559985366,3.367295829986474,7.927324360309794,4.3694478524670215,112.19386596679686,16.86068801879883,343.9786926269531,344.93364257812505,1686.474487195621,0,3161,117,3278,817.9668891906738,0.9972314966292308,6.65416890669302,27.0170940168631,0.2495323029867066,2.0617882086427954
1875,3.8066624897703196,2.1972245773362196,5.973809611869261,3.6888794541139363,7.295735072749282,4.454347296253507,68.76710815429688,16.604171447753906,85.76647338867187,230.0561645507813,896.6866032330672,0,1909,132,2041,401.193917541504,0.3728066733433151,4.141556136452545,14.462121212011652,0.1965673285356724,2.235045358428369
1876,0.0,2.0794415416798357,6.2878585601617845,3.5553480614894135,7.763871287820222,4.007333185232471,123.34652709960936,17.7828603515625,322.50322265625,382.1492431640625,1641.9562632857396,0,2890,95,2985,845.7818532714844,0.8439195639514862,6.936259108722922,30.421052631258725,0.2833440044459634,1.9413472362083808
1877,0.0,2.302585092994046,5.8664680569332965,3.6109179126442243,1.9459101490553132,3.912023005428146,46.01931152343749,23.19422236633301,78.11680297851561,314.6527221679688,786.1173016825052,1,358,94,452,461.9830590362549,0.2482635536728864,1.9840851223471747,3.808510638257356,1.022086413794763,1.7016149971402126
1878,3.828641396489095,1.9459101490553132,5.739792912179234,3.4657359027997265,4.51085950651685,4.07753744390572,71.89722290039062,23.40969927978516,63.754156494140624,322.2311279296875,785.6814141383949,0,445,95,540,481.2922066040039,0.1978522587298092,3.071257859318353,4.684210526266482,0.8912818640798382,1.632441588199667
1879,3.8501476017100584,2.1972245773362196,5.802118375377063,3.2188758248682006,2.1972245773362196,3.9318256327243257,70.41571655273438,19.309086547851567,58.79031372070312,287.12570800781253,848.5958000237785,0,384,82,466,435.6408248291016,0.2047546147240104,3.646765805030919,4.682926829211183,0.9348515554252504,1.947925335865223
1880,0.0,1.9459101490553132,6.118097198041348,3.5553480614894135,8.176672771948455,3.784189633918261,121.45187988281248,16.166316970825196,405.05817260742185,329.2862915039063,1835.4514340913472,0,4009,83,4092,871.9626609649658,1.2301094307820175,7.51264991862277,48.30120481869516,0.2130896043413374,2.104965632425157
1881,0.0,2.3978952727983707,5.983936280687191,3.4965075614664802,6.144185634125646,3.9318256327243257,79.95618896484375,19.97647370910645,107.51434936523438,288.106787109375,924.1538267884582,0,861,92,953,495.5537991485596,0.3731753439187296,4.002517667790012,9.358695652072187,0.519993493334774,1.8648910135981944
1882,3.6635616461296463,2.1972245773362196,6.1903154058531475,3.4011973816621555,4.04305126783455,3.9889840465642745,85.71626586914061,23.453253707885743,92.27076416015623,329.250146484375,850.9745053829214,0,581,90,671,530.6904302215576,0.2802451726904693,3.6547707594475582,6.455555555483827,0.7908948289430204,1.6035233667696724
1883,3.713572066704308,2.6390573296152584,5.575949103146316,3.8066624897703196,6.993932975223189,4.0943445622221,110.85177612304688,18.853109756469728,195.98258056640623,341.8682006835937,1255.493548786087,0,1392,116,1508,667.5556671295166,0.5732694066717805,5.879760821905079,11.999999999896552,0.4426761718362559,1.880732365261488
1884,0.0,1.791759469228055,5.153291594497779,3.295836866004329,6.311734809152915,3.9318256327243257,24.47352905273437,13.406715591430665,50.31227416992187,160.8556640625,736.4688075534699,1,722,81,803,249.0481828765869,0.3127790026098204,1.8254679070354825,8.913580246803535,0.3101471766827855,2.957133832674707
1885,0.0,1.3862943611198906,6.284134161070802,3.6109179126442243,7.810758116529357,3.828641396489095,142.5415100097656,19.83270767211914,392.1483581542969,367.6929565429687,1595.2678332365515,0,3001,84,3085,922.2155323791504,1.066510389103425,7.187193617690616,35.726190475765165,0.2989353427484121,1.7298210420717133
1886,3.7612001156935624,1.6094379124341003,6.335054251498059,3.295836866004329,6.957497370876951,3.6888794541139363,93.40048828125,17.04513446044922,217.8069213867188,257.0668212890625,1230.1016525141097,0,1655,69,1724,585.3193654174805,0.8472774521958064,5.479598209828898,23.9855072460292,0.3395123929333765,2.1015905592575685
1887,3.6635616461296463,1.3862943611198906,5.934894195619588,3.9889840465642745,8.202756381655638,4.127134385045092,136.20745239257812,15.53297401428223,464.5462280273437,351.7116943359375,2057.29471348424,0,4065,117,4182,967.9983487701415,1.3208154164538852,8.768922954391698,34.74358974329279,0.2314678021927092,2.12530808146103
1888,0.0,2.0794415416798357,5.209486152841421,3.1354942159291497,7.114769448366463,4.007333185232471,94.12146606445312,20.08739804077149,182.41166381835936,284.2134521484375,1057.6110168370749,0,1411,83,1494,580.8339800720214,0.6418122099387771,4.685597700047,16.99999999979518,0.3887777644388438,1.8208490775696595
1889,0.0,2.0794415416798357,5.455321115357702,3.8501476017100584,3.7612001156935624,3.9512437185814275,72.99492187499999,17.801646286010744,45.934661865234375,259.4472290039063,826.8774360191082,0,275,104,379,396.1784590301514,0.1770481883403184,4.100459064185648,2.644230769205344,1.0453257494171664,2.087133757956515
1890,3.8066624897703196,1.791759469228055,6.416732282512326,3.58351893845611,3.5553480614894135,4.0943445622221,51.20392456054688,21.25254011535645,118.87415771484372,283.7401245117188,871.6191620660694,1,689,99,788,475.0707469024659,0.4189543439405769,2.409308453493479,6.95959595952566,0.6028816585049023,1.834714445684828
1891,4.31748811353631,1.9459101490553132,5.697093486505405,3.5263605246161616,3.6888794541139363,3.912023005428146,62.957592773437504,17.871785430908208,43.04174194335937,202.184912109375,688.5483060514275,0,410,88,498,326.0560322570801,0.212883055882342,3.5227366070002883,4.659090909037965,0.6547309884667176,2.111748404968712
1892,0.0,1.791759469228055,6.093569770045136,3.1354942159291497,7.86172707782398,4.23410650459726,45.41583251953126,11.586246276855473,113.60126953125,150.93988037109378,1036.2242838316288,0,3037,95,3132,321.5432286987305,0.7526259412105175,3.919805554826976,31.968421052295067,0.1026638661234444,3.222659323357405
1893,0.0,1.6094379124341003,5.697093486505405,3.5263605246161616,6.456769655572163,3.871201010907891,51.78202514648437,10.312160751342772,107.67365112304688,170.69571533203126,1197.028935997854,0,933,84,1017,340.46355235290525,0.6307929341575629,5.021452476361005,11.10714285701063,0.3347724211923014,3.5158798283158537
1894,4.2626798770413155,2.1972245773362196,5.093750200806762,3.9318256327243257,5.771441123130016,4.02535169073515,80.52951049804688,18.552699462890622,48.27799072265625,251.06330566406248,792.7824542142337,0,552,113,665,398.42350634765626,0.192294093295588,4.340581846581549,4.88495575216916,0.5991330922512137,1.9897983968859456
1895,0.0,1.3862943611198906,5.860786223465865,3.258096538021482,5.25227342804663,3.7376696182833684,33.285772705078124,20.46933879089356,79.48839111328125,199.21585693359376,647.6445094524702,1,540,69,609,332.4593595428467,0.3990063458622109,1.6261283788150616,7.826086956408317,0.5459102783945826,1.9480411390465155
1896,0.0,1.9459101490553132,5.648974238161206,3.8918202981106265,4.990432586778736,4.31748811353631,78.91468505859375,18.753327255249022,46.72320556640624,264.1736206054687,807.2265678323785,0,429,128,557,408.5648384857177,0.1768655229812228,4.208036471623863,3.351562499973816,0.7335095843536521,1.975761230022297
1897,4.02535169073515,1.791759469228055,5.680172609017068,3.5263605246161616,6.9584483932976555,3.828641396489095,90.3109130859375,17.329587936401367,162.86852416992187,275.6074951171875,1136.777165385593,0,1398,83,1481,546.1165203094483,0.5909437408444923,5.211371061571816,16.843373493772972,0.3687484944693313,2.081565239482912
1898,3.4965075614664802,3.332204510175204,6.144185634125646,3.784189633918261,5.236441962829949,3.7612001156935624,70.5533203125,17.440402496337892,58.28054809570312,265.2872314453125,878.0550367211407,0,684,112,796,411.5615023498535,0.219688477948844,4.045395186451074,6.107142857088329,0.5170370632529353,2.1334722312598724
1899,0.0,2.1972245773362196,5.976350909297934,3.8066624897703196,5.831882477283517,4.07753744390572,46.3449462890625,16.96839404296875,85.5577880859375,259.528125,929.9810101459346,1,733,110,843,408.3992534179688,0.3296667291285206,2.7312511819900456,6.663636363575785,0.4844593753469564,2.2771369006198587
1900,0.0,2.302585092994046,5.703782474656201,3.367295829986474,3.912023005428146,4.290459441148391,52.866375732421865,17.440711853027345,24.001995849609376,226.09398193359377,702.7891857554052,0,348,109,457,320.40306536865234,0.1061593751599848,3.0312051580746777,3.192660550429425,0.7011007994922347,2.193453377059892
1901,4.007333185232471,2.1972245773362196,5.683579767338681,3.4011973816621555,6.401917196727186,3.9512437185814275,92.31564331054688,22.10403442382813,151.3191467285156,321.194970703125,984.5224776043,0,949,88,1037,586.9337951660157,0.4711130638091658,4.176416012402436,10.784090908968365,0.5659920879126805,1.6773995392855987
1902,4.3694478524670215,2.6390573296152584,5.68697535633982,3.6109179126442243,3.58351893845611,3.8918202981106265,71.0325439453125,20.00036402893066,58.94005737304688,270.1977905273438,792.229433713102,0,407,97,504,420.1707558746338,0.2181367111026175,3.55156255351212,4.195876288616537,0.8336721346702384,1.885493986991312
1903,0.0,2.302585092994046,5.996452088619021,3.4965075614664802,7.775695749915245,3.6109179126442243,135.88807983398436,19.58062188720704,369.2885559082031,387.0253784179688,1607.3430932859908,0,2782,77,2859,911.7826360473632,0.95417142259967,6.939926658602537,36.129870129400906,0.3189166268090396,1.762857757691202
1904,0.0,2.4849066497880004,6.385194398997726,3.713572066704308,4.955827057601261,4.04305126783455,57.89674072265625,23.207105575561524,114.94259033203124,303.11041259765625,836.6858476392654,1,733,107,840,499.1568492279053,0.3792102994634662,2.494785079149646,6.850467289655603,0.5942343443182274,1.6761982710079468
1905,4.007333185232471,2.1972245773362196,5.793013608384144,3.5553480614894135,6.131226489483141,3.9512437185814275,51.44716186523438,14.812033218383789,69.09076538085937,211.87177734375,885.9805251907802,0,840,93,933,347.22173780822754,0.3260970679848378,3.473335571372333,9.032258064419008,0.3721562034382158,2.551627472348982
1906,4.430816798843313,1.791759469228055,5.529429087511423,3.6888794541139363,2.6390573296152584,3.912023005428146,54.94691162109375,15.476711013793947,22.92511596679688,226.25749511718752,778.8247985796089,0,347,93,440,319.6062337188721,0.1013231228199611,3.5502964143073323,3.731182795658804,0.7263778039048766,2.4368260578491467
1907,0.0,1.791759469228055,6.09807428216624,3.295836866004329,5.043425116919247,3.871201010907891,21.65026245117188,14.375780410766602,37.9456787109375,175.086474609375,693.2081009513294,1,598,78,676,249.05819618225092,0.2167253569721997,1.506023452712946,7.666666666568376,0.3684292842927257,2.783317760967335
1908,0.0,2.6390573296152584,5.820082930352362,3.713572066704308,3.7376696182833684,4.07753744390572,93.36818847656252,22.107711776733403,78.01962890625,335.1555541992188,885.6257003834356,0,377,111,488,528.6510833587647,0.2327863224359451,4.223331180326031,3.396396396365798,1.0833014003231176,1.6752556237187124
1909,0.0,6.068425588244111,4.204692619390966,7.554334823725748,0.0,7.7886260656250315,158.33051147460935,19.262852691650394,5.201202392578125,8308.04461669922,14739.765753178644,0,66,4751,4817,8490.839183258058,0.0006260441093591,8.219473719747608,0.0138918122500496,1.7626819977696273,1.735961008688077
1910,3.6635616461296463,2.302585092994046,5.834810737062605,3.713572066704308,5.288267030694535,4.02535169073515,86.46773071289061,20.073162643432617,90.74146728515623,252.7758911132813,828.3721166938157,0,576,104,680,450.0582517547608,0.3589799125428918,4.307628660442944,5.538461538408284,0.6618503702266161,1.84058866482768
1911,0.0,2.3978952727983707,5.545177444479562,3.4011973816621555,3.6888794541139363,4.343805421853684,62.02369995117188,18.693072555541992,29.145849609374995,280.5524780273438,792.6345725836431,0,294,115,409,390.4151001434327,0.1038873362096286,3.318004558296411,2.556521739108204,0.9545601470476236,2.0302354398956672
1912,0.0,2.772588722239781,5.645446897643238,3.912023005428146,4.564348191467836,3.9318256327243257,89.7927978515625,17.54194633483887,50.64202880859374,295.239404296875,934.2006477637292,0,377,114,491,453.21617729187017,0.1715286918730524,5.118747722315874,3.30701754383064,0.923047204258548,2.061269421898956
1913,3.828641396489095,2.302585092994046,5.673323267171493,3.970291913552122,7.365180126021013,3.828641396489095,108.28295288085936,18.06724397277832,213.8371215820312,315.6716674804688,1283.285797486117,0,1914,106,2020,655.8589859161377,0.6774035924354355,5.993329864699592,18.05660377341456,0.3246826662949569,1.9566489520481305
1914,3.871201010907891,2.0794415416798357,5.7745515455444085,3.4965075614664802,5.634789603169249,4.0943445622221,30.494805908203123,9.11479069519043,27.548052978515624,114.99107666015624,757.8275090782123,0,647,98,745,182.14872624206544,0.2395668757819475,3.345639732676316,6.602040816259162,0.2444949345527798,4.160487557112761
1915,0.0,1.791759469228055,6.35088571671474,3.784189633918261,7.591861714889934,3.912023005428146,34.39830322265625,9.344353317260742,161.4156921386719,146.4802734375,1416.2357877949853,1,2553,97,2650,351.63862211608887,1.1019619799279154,3.681186065111115,26.319587628594643,0.1326938196663985,4.027531956724043
1916,0.0,2.3978952727983707,5.831882477283517,3.6375861597263857,5.820082930352362,3.871201010907891,42.58646850585938,11.261227157592774,42.35833740234374,145.54566650390626,804.3171582394152,0,676,94,770,241.75169956970217,0.2910312510123128,3.781689855475846,7.191489361625623,0.3139632461940106,3.327038277984004
1917,3.5263605246161616,2.302585092994046,5.043425116919247,3.7376696182833684,4.02535169073515,4.248495242049359,69.4636962890625,17.543263595581056,38.23401489257812,242.1199951171875,780.9071853065195,0,242,119,361,367.3609698944092,0.157913496049406,3.959565214684457,2.033613445361062,1.017620415217151,2.125721699637418
1918,0.0,2.4849066497880004,5.4116460518550396,3.9318256327243257,0.6931471805599453,3.8501476017100584,68.04481201171875,18.88929949951172,34.410772705078124,262.7054443359375,765.5773917751552,0,224,107,331,384.0503285522461,0.1309861422626018,3.6022940930062224,2.0934579439056686,1.1602728959247308,1.993429857641725
1919,0.0,2.1972245773362196,5.703782474656201,3.7376696182833684,1.9459101490553132,3.4965075614664802,83.30399780273437,20.60145904541016,76.17650756835937,219.49321289062505,721.7109144526513,0,305,81,386,399.5751773071289,0.3470563238143112,4.043596990634032,3.765432098718945,1.0351688531245953,1.8061955682900448
1920,0.0,2.5649493574615367,5.82600010738045,3.8501476017100584,3.6888794541139363,3.912023005428146,31.752520751953124,9.543055114746094,22.248083496093752,132.02398681640625,777.5249490414948,0,377,107,484,195.5676461791992,0.1685154647455361,3.3272909321838964,3.52336448594838,0.4040653846669321,3.975734045114347
1921,3.6635616461296463,1.0986122886681098,5.676753802268282,2.4849066497880004,7.765993079407675,4.07753744390572,105.2070556640625,19.05067391967773,377.4782592773437,306.1517578125,1517.5914746044484,0,2687,71,2758,807.8877466735839,1.2329775989961618,5.522484721649139,37.84507042200218,0.2929252163427451,1.8784682412267508
1922,0.0,2.302585092994046,6.163314804034641,3.828641396489095,6.20050917404269,3.58351893845611,25.52376708984375,12.552995910644531,52.47559204101562,164.00028076171876,799.1167627898066,1,966,89,1055,254.55263580322264,0.3199725744185713,2.033280921104033,10.853932584147708,0.2412821192445321,3.139298716216831
1923,0.0,2.1972245773362196,5.793013608384144,4.02535169073515,5.081404364984463,4.060443010546419,81.97014770507813,17.85932633972168,65.11459350585936,267.67624511718753,888.3382883506705,0,487,120,607,432.6203126678467,0.2432587676097638,4.589767057348356,4.0583333332995135,0.7127188017580461,2.05339014913675
1924,3.7612001156935624,2.1972245773362196,5.777652323222656,3.6375861597263857,6.335054251498059,3.8501476017100584,48.504913330078125,10.858764083862306,93.03700561523436,163.7920166015625,1071.3475733119635,0,927,91,1018,316.19269963073725,0.5680191717828744,4.466890794477849,10.186813186701244,0.3106018660416765,3.388274221889812
1925,4.584967478670572,2.5649493574615367,5.877735781779639,4.07753744390572,0.6931471805599453,4.060443010546419,93.04799194335938,19.34547088623048,71.16965332031249,303.0105834960938,917.0624059588174,0,454,127,581,486.5736996459961,0.2348751403298594,4.809807550602365,3.574803149578151,0.8374762472377946,1.8847348441235847
1926,0.0,2.1972245773362196,5.476463551931511,3.8066624897703196,6.956545443151569,3.367295829986474,96.08911743164062,19.93792886352539,167.11550903320312,263.6331665039063,999.59533881946,0,1287,80,1367,546.7757218322754,0.6338941008398997,4.819413194045818,16.087499999798904,0.3999822398184897,1.8281633563903188
1927,3.6635616461296463,1.9459101490553132,5.762051382780177,3.6109179126442243,7.7706452341291765,3.871201010907891,103.982958984375,16.599556045532225,316.7651733398438,299.93481445312506,1559.4676641169638,0,2724,89,2813,737.282502822876,1.0561133888920151,6.26420120471221,30.60674157268981,0.2620982946401045,2.115156209653728
1928,3.8066624897703196,2.302585092994046,5.736572297479192,3.7376696182833684,3.9318256327243257,3.9318256327243257,73.33720092773437,19.305199630737302,63.948504638671885,262.56947021484376,813.3503394030912,0,403,100,503,419.1603754119873,0.2435488961687106,3.79883152346012,4.0299999999597,0.8333208258671054,1.940427547813219
1929,3.8066624897703196,2.302585092994046,5.857933154483459,3.7612001156935624,3.9512437185814275,3.8918202981106265,83.917529296875,20.55581895446777,72.06333618164062,278.798583984375,823.4230725993377,0,444,99,543,455.3352684173584,0.2584781283732089,4.082422085866506,4.484848484803183,0.8385548221298709,1.808388520967331
1930,0.0,1.3862943611198906,6.26530121273771,3.1780538303479458,7.467942332285852,4.110873864173311,72.4313232421875,17.902631286621094,327.0146484375,279.9294067382813,1451.614092884371,1,2275,86,2361,697.2780097045899,1.16820398487849,4.045847902384644,26.453488371785426,0.2953316432462069,2.081829733160928
1931,0.0,1.0986122886681098,6.39024066706535,3.258096538021482,8.35490952835879,3.258096538021482,40.37986450195312,9.441650985717772,110.13486328125,97.96849365234377,1010.2417188022948,0,4845,52,4897,257.9248724212647,1.1241865540053753,4.276780041833605,93.17307692128514,0.0526699759896287,3.916806119994376
1932,4.23410650459726,2.1972245773362196,5.8664680569332965,3.6635616461296463,0.6931471805599453,4.31748811353631,37.18201904296875,11.855177032470705,23.34885864257812,157.00191650390624,738.0778712686566,0,421,120,541,229.3879712219238,0.1487170294628121,3.136352914679621,3.508333333304097,0.4240073405203323,3.217596229365392
1933,3.6635616461296463,2.0794415416798357,6.07073772800249,3.4011973816621555,7.917900586327916,4.07753744390572,79.18461914062499,12.366843017578123,249.58762207031248,227.9184448242188,1609.9876629252287,0,3215,94,3309,569.0575290527344,1.0950742589600897,6.402977625063218,34.20212765921062,0.1719726591273987,2.829217751678675
1934,0.0,2.0794415416798357,6.375024819828097,3.4657359027997265,8.297792626380861,3.6635616461296463,56.16276855468749,9.322339096069337,184.94137573242188,164.09150390624998,1570.825188793801,0,4600,76,4676,414.5179872894287,1.1270624701992915,6.024536113725296,60.52631578867728,0.0886479870165397,3.7895223776941074
1935,0.0,2.5649493574615367,6.073044534100405,3.9318256327243257,7.8399193600125825,3.6635616461296463,69.12405395507812,8.972042541503907,183.35313720703124,201.0953979492188,1746.159273041475,0,2972,100,3072,462.5446316528321,0.9117719205708544,7.704383213478061,29.7199999997028,0.1505679139494406,3.7751152073651104
1936,3.6888794541139363,1.791759469228055,5.998936561946683,3.6375861597263857,7.223295679562314,4.07753744390572,102.82082519531252,19.632129776000976,239.1167175292969,308.6543701171876,1230.9102919235513,0,1811,100,1911,670.224042617798,0.7747070531926572,5.237374974760356,18.1099999998189,0.3507190175915475,1.8365654074627904
1937,4.48863636973214,2.1972245773362196,6.565264970035361,4.04305126783455,3.6888794541139363,3.7612001156935624,21.017779541015624,11.38124757385254,38.02055053710937,140.72977294921876,735.0411049081058,1,836,106,942,211.1493506011963,0.2701670708341058,1.8467026046824169,7.886792452755785,0.2241500537165309,3.481143099951643
1938,0.0,1.791759469228055,6.042632833682381,3.367295829986474,6.481577129276431,4.127134385045092,92.65643920898437,20.54872869873047,173.34261474609374,287.17906494140624,1026.0263789772416,0,1072,94,1166,573.7268475952148,0.6036046352503363,4.50910810897025,11.404255319027614,0.4920470391035358,1.7883534355696602
1939,0.0,2.3978952727983707,5.236441962829949,3.912023005428146,3.5263605246161616,3.9889840465642745,44.35323486328125,11.356494049072266,23.32177734375,149.8434814453125,752.7627819933755,0,220,112,332,228.874987701416,0.1556409202365334,3.905539391622277,1.964285714268176,0.6893824930744779,3.288969185973786
1940,3.6888794541139363,1.791759469228055,6.102558594613569,3.367295829986474,7.691656822810547,3.6635616461296463,88.85181884765625,13.74999673461914,256.7259338378906,217.65670166015624,1465.9708841591066,0,2674,71,2745,576.9844510803222,1.1794993302689871,6.46195199577663,37.66197183045546,0.2101946998470353,2.540745909897124
1941,0.0,1.791759469228055,6.030685260261263,3.5553480614894135,5.25227342804663,3.6635616461296463,27.7191650390625,16.43085186767578,72.0744873046875,149.72816162109376,644.295205825817,1,605,77,682,265.9526658325196,0.4813689457204438,1.6870193499770432,7.857142857040816,0.38995992057497,2.4225935235751
1942,0.0,2.1972245773362196,5.673323267171493,3.871201010907891,4.02535169073515,3.871201010907891,72.11541137695312,18.370742843627934,55.03716430664063,232.1869995117188,767.6018172599852,0,345,102,447,377.7103180389405,0.2370380961128092,3.925557718970601,3.38235294114331,0.8449895258122943,2.0322500620139694
1943,3.6635616461296463,2.302585092994046,5.598421958998375,3.970291913552122,2.8903717578961645,3.5553480614894135,84.08463134765626,19.07244863891601,44.65068969726562,242.7809326171875,754.6913495489121,0,324,95,419,390.58870230102536,0.1839134944237408,4.408696174002466,3.410526315753573,0.9321926069214634,1.9321893979548384
1944,4.584967478670572,2.70805020110221,5.966146739123692,4.143134726391533,6.903747257584598,3.4657359027997265,79.46526489257812,12.087074798583984,141.38668212890624,210.9956909179688,1279.519101680007,0,1481,107,1588,443.9347127380372,0.6700927469803384,6.574400027317873,13.841121495197743,0.2795558644444317,2.882223590458808
1945,0.0,2.0794415416798357,5.817111159963204,3.2188758248682006,6.349138991379798,3.6109179126442243,81.976904296875,20.71990274047852,126.08734130859372,250.58997802734373,862.9418982035928,0,906,67,973,479.374126373291,0.5031619472600466,3.956432871316912,13.522388059499663,0.4926763888723518,1.8001428335951022
1946,0.0,1.3862943611198906,6.194405391104672,3.4339872044851463,7.421177528595393,4.060443010546419,79.39819335937501,16.8516118927002,161.76934204101562,243.27835693359373,1087.3447155954193,0,2159,90,2249,501.29750422668457,0.6649557489592381,4.7116082342875,23.988888888622345,0.2228979565257721,2.169060700333265
1947,4.31748811353631,2.3978952727983707,5.7745515455444085,4.02535169073515,1.791759469228055,3.9889840465642745,93.894873046875,20.981623489379885,66.55308837890625,309.60791015625,860.9511818984429,0,400,118,518,491.0374950714112,0.2149592636218626,4.475100465410886,3.389830508445849,0.9479488321823616,1.7533308363172595
1948,3.7612001156935624,2.0794415416798357,5.318119993844216,4.1588830833596715,2.9444389791664403,4.007333185232471,70.22158813476561,16.66076875305176,28.64723510742188,231.59663085937504,771.7893927602117,0,263,124,387,347.1262228546143,0.1236945244021823,4.214786794738287,2.1209677419183794,0.8969669841181327,2.223368163923572
1949,0.0,2.3978952727983707,6.255750041753367,3.8066624897703196,4.61512051684126,4.04305126783455,28.3308837890625,15.528817657470706,53.75797119140625,170.94873046875,685.7085785413744,1,620,110,730,268.56640310668945,0.3144683850162837,1.824407009738342,5.636363636312397,0.3678991823374268,2.553218014639083
1950,0.0,1.6094379124341003,6.035481432524756,3.091042453358316,3.8066624897703196,3.9318256327243257,62.60608520507813,19.83456381225586,58.28054809570312,219.7927001953125,692.9445909784139,0,461,75,536,360.5138973083496,0.2651614364064348,3.156413511006335,6.146666666584711,0.6726005546785019,1.9221022993846264
1951,3.4339872044851463,2.5649493574615367,5.579729825986222,3.5263605246161616,7.1853870155804165,4.406719247264253,76.08136596679688,13.336561477661132,197.6504699707031,261.17014160156253,1464.1141358190712,0,1613,126,1739,548.2385390167237,0.7567881564021935,5.704721272310646,12.801587301485702,0.315260804494772,2.6705786471018933
1952,3.6635616461296463,1.9459101490553132,6.07073772800249,3.1780538303479458,7.749322464660356,3.6635616461296463,51.692376708984376,9.493612930297852,127.26139526367186,141.1686767578125,1244.912299273859,0,2789,67,2856,329.6160616607666,0.901484650742308,5.444963585840825,41.62686567102049,0.1154117862957462,3.776855693856684
1953,0.0,2.70805020110221,4.997212273764115,4.07753744390572,2.0794415416798357,3.871201010907891,83.73098144531251,17.42141198730469,22.91555786132812,266.0996337890625,816.6727197700416,0,154,119,273,390.1675850830079,0.0861164577152601,4.806210971964996,1.2941176470479483,1.429185293339116,2.0931331842808056
1954,0.0,2.3978952727983707,5.181783550292085,3.8501476017100584,3.5553480614894135,3.7376696182833684,37.789617919921874,10.743573623657229,27.22467041015625,123.395654296875,699.749348112803,0,211,97,308,199.15351625061035,0.2206290858869013,3.5174160144620914,2.175257731936337,0.6466023254868953,3.5136178425729647
1955,4.110873864173311,2.3978952727983707,6.09807428216624,3.9318256327243257,5.730099782973574,4.189654742026425,48.96831665039063,13.736569656372073,49.05060424804688,192.63402099609377,835.3631084170854,0,811,125,936,304.38951155090336,0.2546310563116309,3.5648140599724303,6.487999999948096,0.3252024696053185,2.7443886097062267
1956,4.30406509320417,2.1972245773362196,6.169610732491456,3.4339872044851463,6.437751649736401,3.6635616461296463,26.48501586914062,11.780347640991211,73.75512084960937,147.093017578125,861.5556805175038,1,1174,76,1250,259.1135019378662,0.5014182322416131,2.2482372060680467,15.447368420849376,0.2072908015501271,3.325012683903961
1957,0.0,2.3978952727983707,5.4116460518550396,3.8918202981106265,5.303304908059076,4.1588830833596715,46.5169921875,10.99038038635254,46.08121948242187,188.9489501953125,985.4909205818856,0,423,121,544,292.53754225158696,0.2438818497511884,4.232518852671434,3.49586776856615,0.537752835020311,3.3687673486057355
1958,0.0,1.3862943611198906,5.560681631015528,3.2188758248682006,7.683403681053826,4.356708826689592,45.5222900390625,9.929511474609374,134.49847412109372,149.4854736328125,1253.8192573554277,0,2430,104,2534,339.4357492675781,0.8997427699936135,4.584544783586022,23.365384615159947,0.1339525450937033,3.6938338405933338
1959,3.784189633918261,1.9459101490553132,5.099866427824199,3.367295829986474,2.833213344056216,3.9318256327243257,30.389666748046874,10.277872055053711,25.0231201171875,117.14600830078126,681.979728116107,0,222,84,306,182.8366672210693,0.2136062549628249,2.956805317511929,2.64285714282568,0.5975054484329145,3.729994308459964
1960,3.9318256327243257,1.791759469228055,6.349138991379798,3.332204510175204,7.404887575616125,3.871201010907891,71.63717651367186,17.862409927368166,302.4104919433593,292.086181640625,1428.5015582217973,1,2264,79,2343,683.9962600250244,1.0353467947155464,4.010498964078826,28.6582278477385,0.2919318224604065,2.0884639897993686
1961,0.0,2.3978952727983707,5.707110264748875,3.871201010907891,7.189922170745808,3.828641396489095,59.55260009765625,12.757281097412111,90.8864318847656,184.2414916992188,996.5723027836134,0,1625,102,1727,347.4378047790527,0.4933005646342021,4.668126353747016,15.931372548863417,0.2011799680248127,2.868347338927318
1962,4.2626798770413155,2.1972245773362196,5.14166355650266,3.784189633918261,3.091042453358316,3.6888794541139363,74.70021972656251,17.94148049926758,63.02933349609374,220.2195556640625,777.1583590762824,0,261,90,351,375.8905893859864,0.2862113371618852,4.163548249290153,2.8999999999677777,1.070913360070984,2.067512145871211
1963,3.8066624897703196,1.9459101490553132,5.886104031450156,3.5263605246161616,3.4965075614664802,3.7612001156935624,70.4953125,20.6517095489502,92.70725097656248,219.71352539062505,739.76894263258,0,435,81,516,403.56779841613775,0.4219460354628503,3.413533989982442,5.3703703703040695,0.7821081364638676,1.8330722756723428
1964,0.0,2.3978952727983707,5.043425116919247,3.6375861597263857,0.6931471805599453,3.6888794541139363,50.82127075195313,14.160034057617189,17.736657714843748,166.72664794921877,663.6733514127965,0,155,86,241,249.44461047363285,0.1063816608376818,3.589064160550199,1.802325581374392,1.035039877479659,2.6606040922270737
1965,0.0,2.302585092994046,5.099866427824199,3.295836866004329,4.465908118654584,4.343805421853684,51.18678588867187,18.81832209777832,27.000054931640623,207.85451660156247,625.1731634332563,0,249,111,360,304.85967951965324,0.1298988127511671,2.720050471024454,2.243243243223034,0.8468324431077956,2.05069153262986
1966,4.219507705176107,2.1972245773362196,5.961005339623274,3.9318256327243257,6.154858094016418,4.1588830833596715,47.9533447265625,10.376222534179687,45.69411621093749,171.4134521484375,972.6828386679598,0,924,121,1045,275.43713562011715,0.2665725218059406,4.621464561306469,7.636363636300525,0.2635762063347881,3.531415023157779
1967,3.6635616461296463,1.6094379124341003,5.472270673671475,3.871201010907891,4.6913478822291435,4.624972813284271,40.920556640624994,21.68356878662109,59.58045043945312,303.38408203125,776.7522855233109,1,383,152,535,425.5686578979492,0.1963862113013551,1.887168899244394,2.5197368420886863,0.7954554353217828,1.8252102712595668
1968,0.0,2.1972245773362196,5.0238805208462765,3.6375861597263857,4.48863636973214,3.784189633918261,52.920922851562494,15.037389587402345,30.028381347656243,180.97467041015625,700.2455938409684,0,239,88,327,278.96136419677737,0.1659258794583506,3.519289205114297,2.7159090908782284,0.85309285686827,2.5101884479762937
1969,0.0,2.833213344056216,5.860786223465865,4.02535169073515,7.215239978730097,4.382026634673881,69.75357055664062,10.991458145141603,126.65445556640626,231.7377685546876,1399.9075299640044,0,1709,150,1859,439.137252822876,0.5465421383652043,6.346161685665576,11.39333333325738,0.2362222984522,3.1878587411154182
1970,3.7376696182833684,1.791759469228055,5.484796933490655,2.833213344056216,5.996452088619021,3.784189633918261,70.19077148437499,20.055494384765627,118.06171874999998,213.88557128906248,794.9912906562463,0,682,64,746,422.1935559082031,0.5519854286472168,3.4998275352510304,10.656249999833497,0.5659431044338299,1.883001953793954
1971,4.04305126783455,2.302585092994046,6.257667587882639,3.6888794541139363,3.784189633918261,3.7376696182833684,50.024487304687504,20.32647587585449,80.275341796875,273.3510131835938,812.1171895422926,1,620,89,709,423.9773181610108,0.2936712795085383,2.461050681276717,6.966292134753187,0.5979933965591153,1.9154731981015205
1972,0.0,2.3978952727983707,5.6131281063880705,3.912023005428146,5.71042701737487,4.2626798770413155,67.37195434570312,16.80111689758301,43.51008911132812,259.8413818359375,859.1031864217576,0,574,129,703,387.52454219055176,0.1674486519573418,4.0099687867409095,4.449612403066283,0.551244014495022,2.2169000744141427
1973,0.0,1.9459101490553132,6.375024819828097,3.367295829986474,8.537583881063972,3.1780538303479458,101.50213623046876,10.652448120117189,427.66946411132807,271.2305053710938,2468.341749791028,0,5688,57,5745,811.0545538330077,1.576774941021549,9.528526689489627,99.78947368245984,0.1411757273860516,3.043373270173642
1974,3.6375861597263857,1.3862943611198906,6.309918278226516,3.6635616461296463,8.27715777243181,4.477336814478207,170.0250183105469,18.29080906677246,602.21162109375,442.97270507812505,2198.4951336143595,0,4518,128,4646,1233.5001535491942,1.3594779411661069,9.295653225647788,35.296874999724245,0.2654972349438073,1.7823225455519955
1975,4.07753744390572,1.9459101490553132,6.0867747269123065,3.332204510175204,5.652489180268651,4.04305126783455,18.462963867187497,10.816312362670898,58.14036254882812,123.38016357421874,775.2511698653199,1,781,89,870,210.7998023529053,0.471229416983086,1.7069554989184352,8.775280898777805,0.2422986233938655,3.677665544314765
1976,0.0,2.4849066497880004,5.545177444479562,3.8918202981106265,2.6390573296152584,3.970291913552122,76.70462036132812,18.49574290466309,24.991259765625,249.318017578125,741.4176660033066,0,268,111,379,369.5096406097412,0.1002384825945988,4.147150009197113,2.4144144143926627,0.974959473901758,2.006490723159104
1977,0.0,2.4849066497880004,5.6131281063880705,3.9318256327243257,5.746203190540153,4.04305126783455,51.454248046875,12.839220703125,49.81365966796874,185.60811767578124,869.5828921551266,0,585,117,702,299.71524609375,0.2683808245645509,4.007583422126525,4.999999999957264,0.4269447950047337,2.9013635558606934
1978,3.6635616461296463,2.302585092994046,6.421622267806518,3.7376696182833684,4.844187086458591,3.8066624897703196,53.616687011718746,22.500734481811527,136.97083740234373,285.64720458984374,864.9604989679262,1,778,94,872,498.7354634857177,0.4795105122717321,2.382886081015574,8.276595744592802,0.5719443388591121,1.7343071874634433
1979,0.0,2.3978952727983707,5.755742213586912,3.8918202981106265,2.0794415416798357,3.9889840465642745,67.98565063476562,19.316256637573243,37.01694946289062,234.06309814453127,700.3077045440992,0,322,111,433,358.3819548797608,0.1581494466926817,3.5196079606336834,2.9009009008747664,0.8276719512215546,1.954081936901936
1980,0.0,2.1972245773362196,6.244166900663736,3.713572066704308,5.288267030694535,3.7612001156935624,26.5629638671875,14.26300991821289,60.08225097656249,175.26375732421874,766.850564274214,1,711,90,801,276.17198208618163,0.3428104697371865,1.86236734165108,7.899999999912222,0.3447839976102832,2.7767138378003007
1981,4.04305126783455,2.4849066497880004,5.6937321388027,3.8066624897703196,3.871201010907891,3.7612001156935624,62.30220336914063,14.83582374572754,47.28076171875,195.15384521484376,798.2129790761492,0,399,97,496,319.5726340484619,0.2422743024430628,4.199443484416101,4.113402061813264,0.6442996654189871,2.497751352991651
1982,4.624972813284271,2.302585092994046,6.137727054086234,3.970291913552122,6.073044534100405,3.784189633918261,33.564111328125,14.0863123626709,73.57351684570312,198.8423583984375,886.6288345168654,1,996,104,1100,320.0662989349365,0.3700092748744588,2.382746489044786,9.57692307683099,0.2909693626678596,2.770141178451063
1983,0.0,1.9459101490553132,5.521460917862246,3.295836866004329,3.5553480614894135,3.9512437185814275,24.12943725585937,16.632477584838867,27.876214599609373,187.2225952148437,616.5191724023825,1,283,83,366,255.86072465515133,0.1488934311986844,1.45074220790795,3.409638554175787,0.6990730181815635,2.409588940353845
1984,0.0,5.616771097666572,4.204692619390966,6.926577033222725,0.0,7.616283561580385,129.8289001464844,17.466897399902344,5.201202392578125,7389.637536621095,14718.638824012867,0,66,3322,3388,7542.13453656006,0.0007038508136294,7.432854110643451,0.0198675496688681,2.2261317994562675,1.951521648501915
1985,3.4657359027997265,1.9459101490553132,6.054439346269371,3.295836866004329,6.739336627357174,3.9512437185814275,47.55684814453125,10.94162178039551,53.83602905273438,163.299755859375,929.598936033347,0,1300,83,1383,275.63425483703617,0.3296761147565059,4.346416746500425,15.662650602220932,0.1993017027019789,3.3725813091684964
1986,0.0,2.1972245773362196,5.225746673713202,3.4657359027997265,3.4965075614664802,3.9318256327243257,39.209326171875006,11.895772613525391,22.6654541015625,170.76284179687502,780.4490383753775,0,217,89,306,244.5333946838379,0.132730597962235,3.296072263856008,2.438202247163616,0.7991287407942445,3.191584688795753
1987,0.0,2.1972245773362196,5.2832037287379885,3.4965075614664802,3.6375861597263857,4.219507705176107,60.45205078125,14.350328338623047,20.570635986328124,243.059765625,873.4849841682419,0,233,107,340,338.4327807312012,0.0846320078246948,4.212590078119282,2.177570093437593,0.9953905315594288,2.580970384365404
1988,3.4339872044851463,1.791759469228055,5.762051382780177,3.970291913552122,7.578145472419466,3.8066624897703196,65.00714721679687,9.420504959106443,146.37123413085936,197.99725341796875,1535.8826979854505,0,2301,101,2402,418.7961397247314,0.7392589119462833,6.900601134661718,22.78217821759621,0.1743530973041453,3.6673754896386974
1989,3.6635616461296463,2.3978952727983707,6.075346031088684,3.258096538021482,6.733401891837359,4.02535169073515,57.07326049804688,9.29900262451172,136.92782592773438,179.44969482421877,1449.6006608876562,0,1311,90,1401,382.74978387451176,0.7630429578668271,6.137567951800224,14.566666666504814,0.2731975616518476,3.787332408681737
1990,0.0,1.9459101490553132,5.996452088619021,2.9444389791664403,6.452048954437226,3.784189633918261,44.996429443359375,20.337223526000976,170.47836914062498,265.80703125,966.99924346982,1,1034,67,1101,501.6190533599853,0.6413613979219506,2.2125158522066344,15.43283582066518,0.4556031365663304,1.9277562066087
1991,0.0,2.1972245773362196,6.131226489483141,3.295836866004329,6.912742820493176,3.332204510175204,87.05802612304687,17.38987257385254,181.55621337890625,291.65416259765624,1204.6526025902117,0,1463,61,1524,577.6582746734618,0.6225051333443329,5.006248651237463,23.98360655698388,0.3790408626463798,2.08540698784085
1992,3.9512437185814275,1.6094379124341003,6.0473721790462776,3.58351893845611,7.160069207596127,4.23410650459726,90.38935546874998,14.441593551635744,176.99859008789062,291.44073486328125,1393.6434703983973,0,1759,107,1866,573.2702739715576,0.6073227552432425,6.2589599367483215,16.43925233629496,0.3072187963404342,2.4310408783992017
1993,0.0,1.6094379124341003,5.605802066295998,3.4657359027997265,1.3862943611198906,3.828641396489095,65.78316650390626,18.22616848754883,54.57996826171874,272.23740234375,848.6395693752758,0,274,80,354,410.82670559692383,0.2004866627128662,3.609270184528176,3.4249999999571874,1.1605274169371844,2.065687448775152
1994,0.0,1.0986122886681098,6.324358962381311,3.295836866004329,7.85243908535751,3.5553480614894135,82.17630615234376,11.43538998413086,282.7510620117187,240.95302734375,1851.7213162760893,0,3128,62,3190,617.3157854919433,1.1734696389896986,7.1861393672796,50.45161290241207,0.1935159202168494,2.9996338337556683
1995,0.0,1.6094379124341003,5.648974238161206,3.5263605246161616,4.143134726391533,3.784189633918261,64.95391845703125,17.2482919921875,39.58648681640625,265.54541015625,841.711256184097,0,345,80,425,387.334107421875,0.1490761478157879,3.765817420222586,4.312499999946094,0.9113743704022672,2.173088401081994
1996,4.382026634673881,1.3862943611198906,4.430816798843313,2.0794415416798357,3.1780538303479458,3.5263605246161616,38.5745361328125,19.99372782897949,24.92276000976562,153.6404296875,467.9790094856661,0,185,43,228,237.1314536590576,0.1622148549069769,1.9293318615136947,4.302325581295295,1.0400502353421823,1.9735003613503863
1997,0.0,1.791759469228055,5.723585101952381,3.5263605246161616,5.198497031265826,3.713572066704308,24.37646484375,15.599286117553712,33.249462890625,226.86163330078128,768.402423028835,1,485,78,563,300.08684715271,0.1465627413798749,1.5626654103585391,6.2179487178690005,0.5330139381033339,2.560600140649434
1998,0.0,1.9459101490553132,5.7430031878094825,2.995732273553991,1.0986122886681098,4.02535169073515,49.206610107421874,16.091512527465824,21.94063110351562,228.88059082031253,750.8951563972455,0,313,80,393,316.11934455871585,0.0958606014812532,3.057923238749345,3.912499999951093,0.8043749225392149,2.375353388901511
1999,4.189654742026425,1.6094379124341003,6.095824562432225,3.713572066704308,7.156176637480615,4.110873864173311,88.35034790039062,14.595249023437503,175.31954956054685,273.9551513671875,1335.5343361133662,0,1789,104,1893,552.2202978515625,0.6399571195685334,6.053363512500645,17.201923076757673,0.2917170089018863,2.4184810687091787
2000,3.713572066704308,2.1972245773362196,5.099866427824199,3.4011973816621555,3.7612001156935624,4.204692619390966,50.17840576171875,13.368130828857424,27.697796630859376,219.4364135742188,871.6084512842467,0,245,103,348,310.6807467956544,0.1262224267139012,3.753584281928659,2.3786407766759354,0.8927607666516137,2.805479452045765
2001,3.6109179126442243,1.791759469228055,6.139884552226255,2.70805020110221,6.85751406254539,3.7612001156935624,55.747814941406254,12.56483628845215,161.57021484375,181.08310546875,1204.3045032641744,0,1449,61,1510,410.9659715423584,0.8922434504567317,4.43681188175966,23.75409836026633,0.2721628950609842,2.930423895539283
2002,0.0,1.6094379124341003,6.018593214496234,3.1354942159291497,7.388327859577107,3.828641396489095,102.53507080078126,16.06949331665039,250.67883911132816,321.87656250000003,1505.5460850229344,0,2026,71,2097,691.1599657287599,0.7788042632353803,6.380728301380785,28.535211267203728,0.3295946426935767,2.178288905135452
2003,3.912023005428146,1.791759469228055,6.159095388491933,3.4011973816621555,7.00669522683704,3.828641396489095,93.38104248046876,16.022930145263675,210.6956909179688,416.865673828125,1632.8947308810602,0,1624,79,1703,736.9653373718263,0.5054282569793306,5.827962902418564,20.55696202505624,0.4327453537119163,2.215700858743358
2004,4.02535169073515,2.4849066497880004,5.099866427824199,3.367295829986474,7.02108396428914,3.6888794541139363,92.77410278320312,17.335036605834965,166.8956726074219,293.3219970703125,1182.6647816415646,0,1337,78,1415,570.3268090667725,0.5689845094258178,5.35182618227778,17.141025640805882,0.4030578155946074,2.073661561823981
2005,0.0,1.9459101490553132,5.916202062607435,3.4965075614664802,6.035481432524756,4.23410650459726,37.388177490234376,18.10939132690429,114.98878784179686,225.76179199218748,861.59650530856,1,787,106,893,396.248148651123,0.5093367962160167,2.0645739447147458,7.42452830181675,0.443726930179932,2.1743861977383747
2006,0.0,1.0986122886681098,6.366470447731438,2.8903717578961645,7.909489492673759,3.332204510175204,75.23135375976562,9.58443406677246,320.6903686523437,189.81298828125,2096.4446787211177,0,3303,46,3349,595.3191447601318,1.6895069802888325,7.849326650671021,71.804347824526,0.1777602701582425,3.521547555072
2007,4.127134385045092,1.9459101490553132,5.497168225293202,3.5263605246161616,0.6931471805599453,3.828641396489095,60.22529296875,16.3635817565918,35.35383911132813,224.7153076171875,773.1172504730534,0,305,84,389,336.65802145385743,0.1573272399021326,3.6804468520963503,3.630952380909155,0.8654447852262005,2.296446842799262
2008,3.6888794541139363,2.302585092994046,5.673323267171493,2.833213344056216,7.4318919168078,3.6635616461296463,47.34508666992188,8.794516708374024,148.46127319335938,148.28408203125,1441.2731301882088,0,2017,63,2080,352.8849586029053,1.0011949439122592,5.383477936821364,32.01587301536483,0.169656230097469,4.084257758931464
2009,0.0,1.3862943611198906,5.929589143389895,3.6109179126442243,7.725330037917135,3.7376696182833684,93.17125854492188,12.986254943847657,259.3018432617187,278.8364501953125,1702.4663335214902,0,2639,80,2719,644.2958069458008,0.929942419935268,7.174605684288365,32.987499999587655,0.2369605762948009,2.6423675509998503
2010,0.0,2.1972245773362196,5.389071729816501,3.4965075614664802,7.395107546562485,3.7612001156935624,53.17553100585937,8.319863754272461,118.00118408203126,177.7921875,1503.0990236872517,0,1845,82,1927,357.2887663421631,0.6637028642294395,6.391394447073846,22.49999999972561,0.1854119181847315,4.206958531250263
2011,3.6888794541139363,1.791759469228055,5.680172609017068,3.58351893845611,6.373319789577012,4.23410650459726,30.877624511718743,9.155755508422851,29.67313842773437,116.4041748046875,770.3985847018696,0,916,108,1024,186.11069325256344,0.2549147268752816,3.3724824215697264,8.481481481402948,0.181748723879279,4.139464375925207
2012,0.0,1.9459101490553132,5.823045895483019,3.5263605246161616,5.10594547390058,3.6375861597263857,40.184252929687496,16.46192724609375,56.16183471679688,256.91191406250005,874.9175006860693,1,501,76,577,369.71992895507816,0.2186034653998785,2.441041824965043,6.592105263071156,0.6407624418621098,2.366433162411452
2013,0.0,1.3862943611198906,6.249975242259483,3.044522437723423,7.899153483343097,3.6109179126442243,57.5430908203125,8.382762954711916,180.5940307617188,158.89866943359377,1672.5110382097444,0,3211,59,3270,405.4185539703369,1.1365358275454616,6.86445401406744,54.42372881263689,0.1239812091652027,4.125393428165577
2014,0.0,1.9459101490553132,5.752572638825633,3.7612001156935624,7.016609683894219,3.828641396489095,58.5780029296875,10.50217561340332,102.18251953125,206.37601318359376,1284.8577811753712,0,1428,93,1521,377.6387112579346,0.4951278879481622,5.577701714428587,15.354838709512311,0.2482831763692875,3.402346589130228
2015,3.6635616461296463,1.3862943611198906,5.683579767338681,3.2188758248682006,5.262690188904886,3.4339872044851463,34.436865234375006,11.333561737060547,47.204296875,128.366455078125,747.0293285611289,0,523,57,580,221.34117892456047,0.3677307817365783,3.038485696753967,9.175438596330256,0.3816227222830671,3.3750128746371364
2016,0.0,0.6931471805599453,6.135564891081739,2.833213344056216,6.901737206656574,3.8501476017100584,22.323944091796875,10.553593688964844,91.4965576171875,139.50772705078123,982.9350412640672,1,1454,63,1517,263.8818224487304,0.6558529735290336,2.115293116981012,23.07936507899874,0.1739497840794703,3.724906218014758
2017,0.0,1.9459101490553132,6.304448802421981,3.295836866004329,7.653969180478774,3.4011973816621555,110.69423217773438,15.711228332519534,338.26772460937497,327.473876953125,1735.678698094283,0,2654,61,2715,792.1470620727539,1.032960942581573,7.045549197548791,43.50819672059823,0.2917668736915146,2.191106653290447
2018,3.6635616461296463,1.6094379124341003,4.941642422609304,3.332204510175204,3.871201010907891,3.9318256327243257,51.66007690429687,15.20683222961426,28.263317871093747,215.51037597656247,773.5444394330875,0,224,81,305,310.6406029815673,0.1311459726376995,3.3971622834304216,2.765432098731291,1.0184937802640943,2.490158826650545
2019,3.6635616461296463,2.302585092994046,6.331501849893691,3.4339872044851463,6.093569770045136,3.8066624897703196,94.2305603027344,17.660080673217774,130.283349609375,351.281396484375,1208.4480563944817,0,1041,83,1124,593.4553870697022,0.370880299705251,5.335794441771892,12.542168674547684,0.5279852198124325,2.0362913248784977
2020,0.0,1.6094379124341003,5.846438775057725,2.8903717578961645,4.948759890378168,3.784189633918261,46.25216674804688,14.061878173828124,68.0855712890625,179.3447021484375,831.3409582852432,0,485,64,549,307.74431835937503,0.3796352525224344,3.2891884123162103,7.578124999881592,0.5605543139504817,2.701401483915377
2021,0.0,1.3862943611198906,5.5053315359323625,2.995732273553991,6.180016653652572,3.713572066704308,75.71716918945312,19.548503677368164,121.7830078125,238.632861328125,871.4194787569302,0,727,62,789,455.6815420074463,0.5103362845091799,3.8732974367362782,11.72580645142378,0.5775431457628248,1.9123431572762235
2022,4.07753744390572,2.1972245773362196,5.564520407322694,3.6375861597263857,6.921658184151129,3.7376696182833684,48.67827758789063,10.742580688476565,50.447680664062496,184.676953125,1007.0603802170284,0,1331,86,1417,294.5454920654297,0.2731671700780304,4.531339255899272,15.476744185866549,0.2078655554447578,3.4190317195209463
2023,4.31748811353631,1.9459101490553132,5.488937726156687,3.58351893845611,6.814542897259958,3.8066624897703196,89.70529174804688,15.074482452392578,127.73770751953126,287.76771240234376,1221.516460629075,0,1225,85,1310,520.2851941223145,0.4438917293837687,5.950804084014062,14.411764705712802,0.3971642703220743,2.347782474739344
2024,0.0,1.9459101490553132,5.755742213586912,3.4339872044851463,5.545177444479562,3.4657359027997265,33.72182006835937,19.644509033203125,74.73960571289062,253.8447509765625,773.2460195230447,1,570,67,637,381.9506857910157,0.2944303769334072,1.716602843555224,8.507462686440187,0.5996086119158808,2.0244655875394915
2025,0.0,0.6931471805599453,5.680172609017068,3.5553480614894135,7.575071699507561,3.5263605246161616,73.16729736328126,11.385423889160158,169.9877197265625,225.3418212890625,1473.7377666354264,0,2240,68,2308,479.8822622680664,0.7543549561878814,6.426400814686929,32.941176470103805,0.2079212574817411,3.07104029989988
2026,3.8918202981106265,1.9459101490553132,5.69035945432406,3.044522437723423,8.034631032923107,3.58351893845611,129.62521362304688,16.461857391357423,463.2208374023437,390.4815307617188,2048.5930679714857,0,3428,61,3489,999.7894391784668,1.186281042531115,7.874276306343575,56.19672131055415,0.2865547260470565,2.0490245122540784
2027,3.6635616461296463,1.9459101490553132,5.631211781821365,3.2188758248682006,7.575584651557793,3.5263605246161616,92.83672485351563,14.18095056152344,263.35607299804684,277.3631103515625,1592.1567315280172,0,2265,63,2328,647.7368587646484,0.9494992779078985,6.546579825111225,35.952380951810284,0.2782374822871006,2.4580301552733785
2028,0.0,1.9459101490553132,5.521460917862246,3.4011973816621555,5.2574953720277815,3.871201010907891,51.33955078125,14.08201629638672,34.07942504882812,238.89964599609377,903.8728488751224,0,440,82,522,338.4006381225586,0.1426516347757279,3.6457528309193457,5.365853658471148,0.6482770845247324,2.6710140202073016
2029,0.0,2.0794415416798357,5.8971538676367405,3.4011973816621555,6.543911845564792,4.060443010546419,95.68734741210938,18.584198959350587,181.66772460937497,290.49580078125,1140.2304890227258,0,1057,93,1150,586.4350717620849,0.6253712587933399,5.148855090082626,11.36559139772725,0.5099435406622391,1.944342253601384
2030,3.6635616461296463,2.5649493574615367,5.8522024797744745,3.58351893845611,7.641564441260972,3.7376696182833684,122.15093994140624,16.17618145751953,325.3595031738281,346.64967041015626,1703.2135801154586,0,2467,88,2555,810.3362949829102,0.938583044916569,7.551283982232584,28.03409090877234,0.3171570626154963,2.101860166770979
2031,4.248495242049359,1.6094379124341003,5.575949103146316,3.5263605246161616,4.59511985013459,3.4657359027997265,35.02056884765624,18.412680633544923,52.77189331054687,246.78786621093752,758.3841410306845,1,430,68,498,352.99300900268554,0.2138350402739298,1.9019810066086984,6.3235294116717125,0.7088213032168207,2.148439548905532
2032,0.0,1.6094379124341003,5.278114659230517,3.4011973816621555,3.258096538021482,3.871201010907891,72.09085693359376,19.41865869140625,25.626873779296872,323.8490478515625,852.771366656831,0,220,80,300,440.9854372558594,0.0791321572480396,3.712452959574658,2.749999999965625,1.4699514575146315,1.9337857775111065
2033,0.0,1.3862943611198906,5.407171771460119,2.4849066497880004,7.221105098182496,3.713572066704308,76.86315307617188,18.34374897766113,231.4989074707032,236.7774169921875,1138.6419811605822,0,1589,54,1643,563.4832265167237,0.9777068709105978,4.1901550858325125,29.425925925381,0.3429599674475841,2.020720276266764
2034,3.7612001156935624,1.791759469228055,5.003946305945459,3.4965075614664802,4.204692619390966,3.5263605246161616,70.30546874999999,18.862016235351565,52.04388427734374,262.94296875,804.234490071051,0,256,70,326,404.1543380126952,0.1979284120984726,3.727357026366287,3.657142857090612,1.239737233163974,1.9899192323992787
2035,3.6635616461296463,1.3862943611198906,5.916202062607435,3.2188758248682006,6.825460036255307,3.9512437185814275,53.26089477539063,18.775276611328124,196.35534667968747,303.6061157226563,1173.651751033187,1,1328,78,1406,571.9976337890625,0.6467437133526356,2.8367568625017614,17.025641025422747,0.4068261975737238,2.0518472135217727
2036,0.0,1.9459101490553132,5.278114659230517,3.332204510175204,6.104793232414985,3.6109179126442243,72.18396606445313,16.657685165405276,78.91331176757811,232.56566162109377,887.3507561049854,0,642,69,711,400.3206246185303,0.3393162654244625,4.333373175405645,9.30434782595211,0.5630388531898273,2.216600148814053
2037,4.02535169073515,2.1972245773362196,5.267858159063328,3.4011973816621555,7.099201743553092,3.4011973816621555,78.65496826171875,15.403772689819336,127.52265014648437,235.5932373046875,1073.654283917437,0,1458,66,1524,457.1746284027099,0.5412831522876902,5.1062145514908295,22.09090909057437,0.2999833519700852,2.348455529271721
2038,3.6888794541139363,1.6094379124341003,5.634789603169249,3.091042453358316,7.301147805856032,3.4339872044851463,52.197802734375,12.724249786376951,125.01364746093748,180.09686279296878,1080.4871695776155,0,1799,55,1854,370.03256277465823,0.6941467248319222,4.102230277352591,32.7090909084962,0.1995860640638935,2.9199786134299988
2039,0.0,1.6094379124341003,5.043425116919247,3.58351893845611,5.087596335232384,3.9889840465642745,53.63778076171875,14.523632949829102,27.25015869140625,208.74781494140623,786.6994083589866,0,315,92,407,304.1593873443603,0.1305410487718139,3.693138000892316,3.4239130434410443,0.7473203620236192,2.586470913244319
2040,0.0,2.3978952727983707,5.123963979403259,2.833213344056216,6.794586580876499,3.58351893845611,53.01287841796876,11.68508074951172,130.79789428710936,173.0589111328125,1158.335174179935,0,1059,61,1120,368.5547645874024,0.7557998223274033,4.536800348225851,17.36065573742032,0.3290667540956011,3.142911950883473
2041,3.6635616461296463,1.6094379124341003,5.438079308923196,3.970291913552122,5.44673737166631,3.828641396489095,90.06652221679687,17.190008193969728,64.01859741210937,302.1431030273438,992.8935348502304,0,498,101,599,473.4182308502197,0.2118817102573539,5.23946941707409,4.930693069258112,0.790347630800383,2.097286226314054
2042,3.713572066704308,2.302585092994046,4.897839799950911,3.5553480614894135,5.25227342804663,3.871201010907891,21.95612182617188,12.040277114868164,43.827099609375,164.786865234375,798.9002512812782,1,363,90,453,242.61036378479,0.2659623359348095,1.823556186861795,4.033333333288518,0.5355637169630342,3.292935383364982
2043,0.0,1.3862943611198906,5.66988092298052,3.5263605246161616,7.518064181233078,4.04305126783455,95.75952758789062,12.830299255371097,253.9700134277344,297.3908935546875,1752.5946710430342,0,2129,92,2221,659.9507338256835,0.8539939148478921,7.463545913813323,23.14130434757455,0.2971412579132761,2.655644703780724
2044,0.0,1.6094379124341003,5.351858133476067,3.4965075614664802,5.749392985908253,4.110873864173311,62.77368164062499,16.375332321166994,33.33707885742187,261.5298706054687,854.774382026782,0,523,96,619,374.0159634246826,0.1274694885907893,3.833429478292137,5.447916666609918,0.6042261121552155,2.285395452637215
2045,3.6888794541139363,1.3862943611198906,5.575949103146316,3.1780538303479458,7.427738840532894,3.828641396489095,103.3255920410156,16.89375425720215,284.93508911132807,317.56669921875005,1507.7434353791302,0,1983,71,2054,722.7211346282959,0.8972448616665517,6.11620072494245,27.92957746439536,0.3518603381830302,2.086203603486004
2046,4.02535169073515,1.791759469228055,5.713732805509369,3.4339872044851463,4.624972813284271,3.5553480614894135,19.75166015625,12.578218460083008,32.43702392578125,173.24307861328126,755.7278161337209,1,458,69,527,238.0099811553955,0.1872341693834763,1.5703066549020128,6.637681159324091,0.451631842798755,3.175193798436272
2047,0.0,1.791759469228055,5.231108616854587,3.295836866004329,4.68213122712422,4.007333185232471,37.32094116210938,9.611158493041993,29.247802734375,159.58714599609374,916.7692703809184,0,293,85,378,235.7670483856201,0.1832716698555887,3.883084561059401,3.447058823488858,0.6237223502248582,3.8884537795017216
2048,0.0,1.9459101490553132,5.521460917862246,2.833213344056216,7.5352967024440884,3.828641396489095,84.924755859375,14.432597259521485,271.9312866210937,261.9136962890625,1555.4969748107055,0,2121,67,2188,633.2023360290527,1.0382476765168362,5.884232361397332,31.65671641743796,0.289397776978411,2.456555963711541
2049,3.9512437185814275,1.3862943611198906,6.208590026096629,2.3978952727983707,7.553286605600419,3.4657359027997265,84.25453491210936,16.508744888305664,272.40441284179684,241.3902099609375,1346.8320861757625,0,2453,44,2497,614.5579026031494,1.1284816102722213,5.10363055926131,55.74999999873296,0.2461185032450553,2.191546281430356
2050,4.189654742026425,1.0986122886681098,5.60947179518496,2.995732273553991,5.25227342804663,3.871201010907891,22.755212402343748,14.847264953613282,61.75173339843749,169.05886230468752,722.7676537102475,1,527,68,595,268.413073059082,0.3652676503097467,1.5326198105781994,7.749999999886029,0.4511144085019007,2.6927438573323963
2051,0.0,2.0794415416798357,5.117993812416755,3.5553480614894135,3.4657359027997265,4.060443010546419,72.48521118164062,18.562858337402343,27.32184448242187,282.99140625,807.701759012467,0,197,98,295,401.36132025146486,0.0965465518701606,3.904851820782641,2.0102040816121405,1.3605468483054384,2.012405576362977
2052,0.0,1.3862943611198906,5.723585101952381,3.6888794541139363,6.548219102762372,3.9889840465642745,105.86178588867188,17.433791244506835,132.97077026367188,321.5701904296875,1169.3767089612154,0,1002,95,1097,577.8365378265381,0.4135046537913872,6.072218279885355,10.547368420941606,0.5267425139708399,2.0237154150162606
2053,3.7376696182833684,1.9459101490553132,5.645446897643238,3.2188758248682006,4.990432586778736,3.8918202981106265,27.215222167968747,18.80663639831543,74.03549194335938,236.69824218750003,760.2866325117067,1,469,78,547,356.7555926971436,0.3127842913357993,1.4471073715743978,6.012820512743425,0.6522040085859074,2.1311134235111964
2054,0.0,1.6094379124341003,5.631211781821365,3.295836866004329,2.833213344056216,3.8066624897703196,44.398223876953125,13.179113891601563,21.11226196289062,172.5700927734375,722.5342346643265,0,294,74,368,251.2596925048828,0.1223402133212386,3.3688322476579566,3.972972972919284,0.6827709035440218,2.8756472136787705
2055,0.0,1.791759469228055,5.840641657373398,3.5263605246161616,4.2626798770413155,3.5553480614894135,36.67395629882813,19.324634216308592,61.3248046875,236.83077392578127,725.0811505154638,1,413,72,485,354.154169128418,0.2589393416687445,1.8977826895155503,5.736111111031443,0.7302147817065727,2.047360199931738
2056,3.784189633918261,1.3862943611198906,5.529429087511423,3.7612001156935624,6.706862336602747,3.7376696182833684,64.75105590820313,10.485096130371094,128.68077392578127,198.9060424804688,1351.8745421958215,0,1111,86,1197,402.82296844482426,0.6469425077308543,6.175532879900825,12.918604651012574,0.3365271248491961,3.356001638664344
2057,3.8501476017100584,1.9459101490553132,5.579729825986222,3.7376696182833684,5.641907070938114,3.713572066704308,43.6673583984375,17.272297073364257,66.31732177734375,297.68349609375,956.0868875652294,1,591,87,678,424.94047334289553,0.2227779593002211,2.5281731903076805,6.793103448197781,0.6267558603868271,2.249931337539336
2058,0.0,1.791759469228055,5.659482215759621,3.5263605246161616,5.2574953720277815,3.9889840465642745,33.3828369140625,17.199708023071288,56.60150756835937,236.37637939453128,789.3001635350207,1,477,91,568,343.56043190002447,0.2394550069389438,1.940895558653824,5.24175824170064,0.6048599153158796,2.297412886482831
2059,0.0,5.916202062607435,4.564348191467836,7.191429330036379,0.0,7.595889917718538,138.9755126953125,17.517407363891603,9.5899658203125,7496.950378417969,14730.862020679338,0,95,3686,3781,7663.033264297485,0.0012791822456126,7.933566297821405,0.0257731958762816,2.026721307668728,1.92232781884288
2060,3.8918202981106265,1.9459101490553132,5.869296913133774,3.258096538021482,6.92461239604856,3.6375861597263857,53.445300292968746,14.133943313598634,85.76965942382812,173.1002197265625,865.459939684466,0,1417,68,1485,326.449122756958,0.495491337670273,3.781343896983533,20.8382352938112,0.2198310590954465,2.6511326860760214
2061,0.0,2.0794415416798357,5.1298987149230735,3.58351893845611,2.1972245773362196,4.382026634673881,39.61686401367187,11.417791580200197,18.126947021484373,170.8248046875,794.330767121212,0,176,121,297,239.98640730285643,0.1061142557987346,3.469748395031353,1.4545454545334335,0.8080350414210384,3.309898989885198
2062,0.0,2.1972245773362196,5.846438775057725,3.332204510175204,7.063903961472068,3.7376696182833684,45.45867919921875,8.471832733154297,93.45278320312498,170.60104980468748,1348.3062907608694,0,1513,76,1589,317.9843449401855,0.5477855107548668,5.365861275323759,19.90789473658016,0.2001160131780902,4.2401656314566445
2063,3.8066624897703196,2.3978952727983707,4.90527477843843,3.4339872044851463,1.0986122886681098,3.8066624897703196,54.40061645507813,15.42937944030762,21.22377319335937,192.73212890625,694.0142029629077,0,180,84,264,283.78589799499514,0.1101205767491576,3.5257812319681823,2.1428571428316325,1.0749465833103038,2.4455556384718657
2064,4.143134726391533,1.791759469228055,5.056245805348308,3.1780538303479458,4.8283137373023015,3.784189633918261,49.98592529296874,14.578947921752931,38.45863037109375,186.6649291992188,751.7034023994299,0,342,71,413,289.6884327850342,0.2060302946883108,3.428637344602705,4.8169014083828605,0.7014247767175128,2.594868546079101
2065,0.0,1.791759469228055,6.269096283706261,3.367295829986474,6.982862751468942,3.6109179126442243,71.21200561523438,19.87803840637207,251.8130676269531,295.211865234375,1211.5274096123762,1,1604,69,1673,638.1149768829346,0.8529910118151259,3.5824463237189605,23.2463768112573,0.3814195916811435,1.898603627090136
2066,0.0,2.0794415416798357,5.572154032177765,3.332204510175204,4.060443010546419,3.828641396489095,45.44664916992188,12.872037460327151,24.64398193359375,178.06241455078126,764.9825528575263,0,319,79,398,261.02508311462407,0.1384008073552612,3.530649231441576,4.03797468349319,0.6558419173717794,2.930685985142158
2067,3.6635616461296463,2.0794415416798357,5.680172609017068,3.1354942159291497,6.595780513961311,3.8066624897703196,38.712799072265625,9.922336395263672,51.59943237304688,143.0688720703125,915.7554696760856,0,1061,73,1134,243.30343991088867,0.3606614885963958,3.901580991231381,14.534246575143364,0.2145532979811941,3.763841029159812
2068,4.465908118654584,2.302585092994046,5.996452088619021,3.258096538021482,4.8283137373023015,3.6109179126442243,85.36723022460937,19.279912216186528,109.74616699218748,307.7748413085938,997.4005225007288,0,611,70,681,522.1681507415772,0.3565793959155768,4.427781063676794,8.728571428446735,0.766766741175933,1.9101136694804577
2069,0.0,1.9459101490553132,5.575949103146316,3.4965075614664802,6.731018100482083,3.044522437723423,85.11229248046875,18.125772262573243,175.37211914062502,244.30935058593752,1054.9176448624023,0,1100,58,1158,522.9195344696045,0.7178281089909362,4.69565054899846,18.96551724105232,0.451571273289424,2.0173613248745514
2070,0.0,2.0794415416798357,6.180016653652572,3.5263605246161616,6.946975992135418,3.4339872044851463,92.0246154785156,16.300897109985353,178.91339721679685,288.86411132812503,1260.4489414769312,0,1521,70,1591,576.1030211334228,0.6193687280624041,5.645371224170184,21.72857142826102,0.3621012075003524,2.187888095075324
2071,4.30406509320417,0.6931471805599453,5.552959584921617,2.0794415416798357,7.246368080102461,3.7376696182833684,68.08287963867188,16.932069580078124,209.33206787109373,212.07143554687505,1113.4885496879824,0,1732,49,1781,506.4184526367188,0.9870828069338792,4.020942585468445,35.34693877478884,0.2843450042877229,2.1987519291374418
2072,0.0,2.3978952727983707,6.210600077024653,3.58351893845611,5.111987788356544,3.828641396489095,23.955743408203126,10.591754333496096,47.00198364257812,168.07261962890627,922.686633502538,1,662,90,752,249.6221010131836,0.2796528295095054,2.2617351811287856,7.355555555473827,0.3319442832617708,3.6963338973343176
2073,0.0,2.0794415416798357,5.241747015059643,3.5263605246161616,7.045776576879511,3.9318256327243257,52.15067138671875,8.505283172607422,86.80352783203124,172.1501220703125,1323.6814356673406,0,1335,90,1425,319.6096044616699,0.5042315787384294,6.131562032942828,14.833333333168518,0.2242874417273302,4.14155712839958
2074,4.0943445622221,1.791759469228055,5.834810737062605,3.1780538303479458,6.091309882077698,3.4657359027997265,73.59494018554686,17.788673263549803,126.07937622070312,248.5090576171875,972.3601888492644,0,841,59,900,465.9720472869873,0.5073431826956307,4.1371798273573726,14.254237287893996,0.5177467192071884,2.086735018781741
2075,4.564348191467836,1.9459101490553132,5.808142489980444,3.6109179126442243,3.7376696182833684,3.713572066704308,52.20538330078125,13.169683502197264,52.11716308593749,191.30870361328127,874.4200647251988,0,468,82,550,308.80093350219727,0.2724244224194665,3.9640575483918887,5.70731707310113,0.561456242730247,2.831662633934833
2076,0.0,2.1972245773362196,6.186208623900494,3.4965075614664802,8.161375023197486,3.8066624897703196,115.04448852539062,11.643132980346682,390.85004882812495,311.4082763671875,2289.330027939317,0,3987,84,4071,828.9459467010497,1.255104884771948,9.880887619311912,47.46428571372066,0.203622192753831,2.761736198901009
2077,3.5553480614894135,1.9459101490553132,5.676753802268282,2.70805020110221,7.452402451223638,3.6109179126442243,40.78245849609375,11.844708801269531,90.35436401367186,146.45789794921876,924.2205435587604,0,2048,56,2104,289.4394292602539,0.6169306352081021,3.4430950711324826,36.57142857077551,0.1375662686597511,3.1931397388312983
2078,3.8501476017100584,2.302585092994046,5.568344503761097,3.2188758248682006,7.171656822768514,3.8066624897703196,108.44329833984376,18.30528895568848,215.3727905273437,360.7668823242187,1360.0379396811336,0,1608,77,1685,702.8882601470947,0.59698603469149,5.924151134485108,20.88311688284568,0.4171443680395712,1.934927664597188
2079,4.02535169073515,2.0794415416798357,5.616771097666572,3.258096538021482,1.6094379124341003,3.6109179126442243,32.18609619140625,9.911144668579102,21.510516357421874,132.67287597656252,753.129249238876,0,333,68,401,196.2806331939697,0.1621319821322009,3.247465077388796,4.897058823457396,0.489477888263043,3.837002341900827
2080,3.6635616461296463,1.0986122886681098,6.12029741895095,2.833213344056216,7.600902459542082,3.912023005428146,46.209155273437496,11.666753860473634,236.161669921875,189.7217651367188,1548.7861446507084,1,2491,67,2558,483.75934419250495,1.244779004403873,3.9607551356706856,37.179104477057024,0.1891162408883173,3.201563263305545
2081,0.0,1.6094379124341003,6.021023349349527,2.995732273553991,7.51479976048867,3.7612001156935624,95.72030639648438,17.158867950439454,328.352783203125,254.8998413085937,1449.8726743151335,0,2245,65,2310,696.1317988586426,1.2881639373180995,5.5784744464132565,34.538461537930175,0.301355757081533,2.082755990590029
2082,4.290459441148391,2.0794415416798357,5.402677381872279,3.5263605246161616,7.2485040723706105,3.9318256327243257,59.524749755859375,9.99678158569336,143.8255920410156,192.54624023437503,1436.9396865816768,0,1698,90,1788,405.89336361694336,0.7469665045923428,5.954391344819648,18.86666666645704,0.2270097111950315,3.540190146922998
2083,3.6635616461296463,1.3862943611198906,6.163314804034641,2.833213344056216,7.343426229147367,3.7612001156935624,60.202386474609376,9.661264297485353,202.2303955078125,181.42562255859377,1649.565158008658,0,2057,61,2118,453.519668838501,1.1146738407436627,6.231315551945682,33.72131147485703,0.214126378110617,3.6372516372436174
2084,0.0,2.302585092994046,6.230481447578482,2.772588722239781,7.3343293503005365,3.58351893845611,102.55501098632811,16.801710662841796,306.8804992675781,287.4992065429688,1497.6764379482584,0,2038,59,2097,713.7364274597169,1.067413378132733,6.103843414410899,34.54237288077047,0.340360718864748,2.098360655734765
2085,0.0,1.9459101490553132,5.602118820879701,3.871201010907891,7.1891677384203225,4.007333185232471,64.44239501953125,11.23300085449219,121.7846008300781,231.8892333984376,1360.2354802281736,0,1594,107,1701,429.3492301025391,0.525184369471349,5.73688151977868,14.897196261543016,0.2524098942400274,3.1681330368291287
2086,3.6888794541139363,2.1972245773362196,5.762051382780177,3.2188758248682006,7.47477218239787,3.6375861597263857,78.56713256835937,13.464799804687502,236.1584838867188,225.1146240234376,1458.624260659694,0,2118,69,2187,553.3050402832032,1.0490588290749263,5.835001908841807,30.695652173468176,0.2529972749350481,2.6362027353130144
2087,4.5217885770490405,2.1972245773362196,6.2422232654551655,3.58351893845611,4.976733742420574,3.912023005428146,28.934033203125,11.779718948364255,51.99290771484375,187.8267333984375,927.3195027236964,1,748,92,840,280.5333932647705,0.2768131392897847,2.456258364694393,8.130434782520322,0.3339683253148054,3.3055583577003125
2088,0.0,1.6094379124341003,5.921578419643816,3.4339872044851463,6.642486801367256,3.9318256327243257,29.722247314453124,9.826555572509768,35.34268798828125,112.9067138671875,731.2859860962567,0,1138,84,1222,187.79820474243164,0.3130255657740772,3.024686228262705,13.547619047457768,0.1536810186107021,3.893998811625136
2089,0.0,2.4849066497880004,5.700443573390687,3.258096538021482,0.6931471805599453,3.4011973816621555,36.21417846679688,11.936278381347655,22.337292480468747,163.464990234375,749.8203609154929,0,299,65,364,233.95273956298828,0.1366487860691457,3.0339589365101745,4.599999999929231,0.6427273064899603,3.205007824712435
2090,3.7376696182833684,1.6094379124341003,5.831882477283517,3.1780538303479458,8.094683648698815,3.5553480614894135,85.05032958984376,12.416888946533204,303.9891723632812,228.0492553710937,1753.9019655641523,0,3657,61,3718,629.5056462707519,1.3329978730572092,6.8495683539748695,59.95081967114835,0.1693129764041373,2.7861576396520658
2091,3.7612001156935624,1.791759469228055,5.860786223465865,3.295836866004329,6.952728644624869,3.5553480614894135,44.29028320312499,18.33930821228028,179.37855834960936,240.31790771484376,1025.2244584522573,1,1437,65,1502,482.3260574798584,0.7464219377347019,2.415046559447237,22.10769230735219,0.3211225415975614,2.125583809025173
2092,0.0,1.6094379124341003,5.3471075307174685,3.367295829986474,3.6375861597263857,4.110873864173311,57.88289794921874,16.97053958129883,30.389996337890626,225.3710815429688,737.5298822928722,0,246,92,338,330.614515411377,0.1348442583214106,3.410787127216253,2.6739130434491964,0.9781494538769197,2.2307849411056493
2093,3.784189633918261,2.1972245773362196,5.820082930352362,3.295836866004329,3.6888794541139363,3.2188758248682006,34.43834838867188,9.815822891235351,32.48162841796875,123.12886962890626,768.7716263059045,0,418,58,476,199.86466932678223,0.2638018891556479,3.5084525023280304,7.206896551599882,0.4198837590889965,3.846460852193456
2094,3.6635616461296463,2.70805020110221,6.2285110035911835,3.6635616461296463,7.134890851565884,3.4339872044851463,68.18917236328124,10.21905436706543,152.60630493164064,228.88919677734376,1563.9399515877958,0,1798,82,1880,459.9037284393311,0.6667256780992794,6.672747781475023,21.92682926802528,0.2446296427867481,3.400581153998417
2095,0.0,1.6094379124341003,6.066108090103747,3.367295829986474,7.3752557780097545,3.7376696182833684,63.320635986328114,10.228829040527346,176.4235107421875,204.96807861328125,1564.4357718543392,0,2025,73,2098,454.9410543823242,0.8607365202178127,6.1904090614142495,27.739726027017262,0.2168451164833686,3.438765872591875
2096,0.0,1.3862943611198906,5.638354669333745,3.2188758248682006,7.886457270977689,3.2188758248682006,68.34770507812499,8.399622894287111,252.8549011230469,190.09010009765623,2073.7065566244523,0,2940,51,2991,519.6923291931153,1.330184480895196,8.136996854522332,57.64705882239908,0.1737520324951325,3.990258158784334
2097,4.31748811353631,2.302585092994046,5.648974238161206,4.007333185232471,3.091042453358316,3.828641396489095,42.31554565429688,10.108688873291015,23.482672119140624,158.54582519531252,859.8262022383884,0,378,108,486,234.45273184204103,0.1481128379764287,4.186056785456732,3.4999999999675926,0.4824130284805733,3.667375489631812
2098,3.6888794541139363,2.302585092994046,5.198497031265826,3.6635616461296463,4.5217885770490405,3.784189633918261,50.853076171875,12.895533599853518,33.302032470703125,201.3294799804688,863.4157404627339,0,310,90,400,298.3801222229004,0.1654106118675138,3.943464283518224,3.4444444444061726,0.7459503055553862,2.893677145875148
2099,0.0,2.0794415416798357,5.429345628954441,3.4011973816621555,4.007333185232471,3.7376696182833684,22.4068359375,16.160958114624023,39.111767578125,189.2484375,663.1811870119038,1,281,77,358,266.927999130249,0.2066689061985958,1.38647942635515,3.649350649303255,0.7456089361159314,2.484494654627132
2100,0.0,2.0794415416798357,5.924255797414532,2.5649493574615367,3.4965075614664802,3.6635616461296463,26.304565429687496,9.642338653564453,26.135046386718745,95.2335205078125,629.4924109170839,0,405,57,462,157.3154709777832,0.2744311692677613,2.728027543114299,7.105263157770083,0.3405096774403521,4.00146538036289
2101,3.58351893845611,1.0986122886681098,5.786897381366708,3.044522437723423,6.8001700683022,3.8918202981106265,54.41380004882812,15.391029190063476,81.08778076171875,201.18317871093748,863.0176125448833,0,1257,70,1327,352.07578871154783,0.4030544764272943,3.53542309441025,17.957142856886325,0.2653170977477637,2.4512268102862755
2102,3.6635616461296463,1.9459101490553132,5.7430031878094825,3.4965075614664802,1.791759469228055,3.9318256327243257,34.89796142578125,10.617286239624024,23.527276611328123,132.30970458984376,720.3744770717327,0,354,88,442,201.35222886657715,0.1778197350230973,3.2869003090690097,4.02272727268156,0.4555480291088724,3.5776831531648936
2103,0.0,2.5649493574615367,5.003946305945459,3.7612001156935624,5.2832037287379885,3.5263605246161616,46.44992065429688,11.613943679809571,39.3730224609375,177.22247314453128,881.06097958884,0,344,87,431,274.6593599395752,0.222167210298466,3.999495944779629,3.954022988460298,0.6372606959140091,3.2078316201547428
2104,0.0,1.9459101490553132,5.68697535633982,3.258096538021482,7.042286171939743,4.07753744390572,49.8728759765625,8.976707839965819,131.86840209960937,172.36010742187503,1446.1338230825331,0,1437,89,1526,363.0780933380127,0.765074958882906,5.555809196436607,16.14606741554892,0.2379279772855667,3.982982861299349
2105,4.04305126783455,2.1972245773362196,5.765191102784844,3.8066624897703196,4.060443010546419,4.0943445622221,74.66033935546876,19.04875291442871,77.08612060546875,283.0189453125,889.5485036489802,0,431,111,542,453.8141581878663,0.27237088499528,3.919434499830009,3.882882882847902,0.8372954948100165,1.9601603158418253
2106,4.382026634673881,2.1972245773362196,5.840641657373398,3.4657359027997265,4.5217885770490405,3.5553480614894135,32.728930664062496,15.890685150146483,55.671185302734365,207.31234130859377,772.2441212373317,1,513,73,586,311.6031424255371,0.2685377288735394,2.059629924874647,7.027397260177707,0.5317459768344801,2.478293752828229
2107,0.0,2.3978952727983707,4.912654885736052,3.4965075614664802,3.1354942159291497,3.9318256327243257,55.68568725585937,14.680127517700196,18.47581787109375,236.2214721679688,829.6337579640158,0,157,92,249,325.0631048126221,0.0782139646385661,3.793269996117164,1.7065217391118856,1.3054743165113118,2.552223693426216
2108,3.6635616461296463,1.791759469228055,6.018593214496234,2.5649493574615367,7.069023426578259,3.6888794541139363,76.99202270507813,17.59241638183594,229.9313781738281,235.6483154296875,1174.448672339881,0,1622,56,1678,560.1641326904297,0.9757395369179248,4.376432493957765,28.964285713768497,0.3338284461800333,2.0966152664880355
2109,3.784189633918261,1.9459101490553132,5.5254529391317835,3.6888794541139363,0.6931471805599453,3.4965075614664802,60.3696533203125,17.071155349731445,43.790460205078126,223.7187377929688,762.2957795049906,0,294,77,371,344.95000666809085,0.1957389025026882,3.53635428182814,3.8181818181322313,0.929784384547604,2.2098732128341654
2110,3.713572066704308,1.9459101490553132,5.4638318050256105,2.6390573296152584,6.835184586147301,3.6888794541139363,37.08297729492188,15.968388565063478,158.67888793945312,201.8854248046875,1012.4268735713752,1,1204,58,1262,413.615678604126,0.7859848629101374,2.322274232086999,20.758620689297267,0.3277461795592696,2.4477478150385283
2111,0.0,2.1972245773362196,5.676753802268282,3.1780538303479458,7.1693500166706,3.5553480614894135,46.78033447265626,9.384784240722658,90.51844482421872,162.9796142578125,1197.43250059004,0,1589,65,1654,309.6631777954101,0.5553973436240618,4.984700049328926,24.44615384577775,0.1872207846404008,3.8668869482999977
2112,3.7376696182833684,2.70805020110221,4.983606621708336,3.7376696182833684,3.367295829986474,3.8501476017100584,71.58823242187499,18.562983078002933,34.41395874023437,260.70541992187503,776.2741701715552,0,214,101,315,385.2705941619873,0.1320032347252892,3.856504750190193,2.1188118811671406,1.2230812513040137,2.0148804033643826
2113,3.6635616461296463,1.6094379124341003,5.978885764901122,2.833213344056216,7.029087564149662,3.9512437185814275,81.13430786132812,15.540478408813478,209.66500854492185,263.32679443359376,1322.1074294567602,0,1560,71,1631,569.6665892486571,0.7962160060282029,5.220837204734544,21.97183098560603,0.3492744262711881,2.320844252421735
2114,0.0,2.3978952727983707,4.976733742420574,3.1354942159291497,3.784189633918261,3.6888794541139363,63.52943115234375,17.7177158203125,34.37572631835937,239.87728271484377,756.037714953271,0,187,71,258,355.50015600585937,0.1433054682342742,3.585644548826362,2.6338028168643124,1.3779075814127189,2.126687435092668
2115,0.0,1.9459101490553132,5.814130531825066,3.4011973816621555,7.491087593534876,3.8066624897703196,102.77666015625,17.46449240112305,267.6412902832031,310.7869262695313,1418.287565791104,0,2125,79,2204,698.6693691101075,0.8611729376615697,5.884892488702167,26.898734176874697,0.3170006211931899,2.0299838929471625
2116,3.6635616461296463,2.3978952727983707,5.075173815233827,3.5263605246161616,4.110873864173311,3.6109179126442243,55.08797607421874,14.964925277709964,30.759576416015623,230.66718750000004,832.3314690804599,0,257,79,336,331.4796652679444,0.1333504637103284,3.681139400848885,3.253164556920846,0.9865466228183268,2.510957854398556
2117,3.8066624897703196,1.6094379124341003,5.777652323222656,3.258096538021482,6.124683390894205,4.174387269895637,51.42046508789063,20.1051561126709,135.6342956542969,303.79716796875,986.8003627924796,1,822,93,915,510.9570848236084,0.4464633313099298,2.557576016677944,8.838709677324315,0.558423043522459,1.931278363879052
2118,0.0,2.302585092994046,5.153291594497779,3.1780538303479458,4.0943445622221,3.6635616461296463,39.9601318359375,13.248449707031252,30.794622802734374,154.00015869140626,687.5512827294367,0,231,70,301,238.00336303710932,0.1999648770767978,3.01621191283336,3.299999999952857,0.7907088472967398,2.888830115477592
2119,0.0,2.302585092994046,5.003946305945459,3.332204510175204,4.59511985013459,3.8501476017100584,53.42305297851563,14.030608200073242,30.420263671875,219.190283203125,846.3310499755622,0,246,82,328,317.0642080535889,0.138784727257027,3.807607782421659,2.9999999999634146,0.966659170892141,2.66927337894238
2120,3.6635616461296463,1.3862943611198906,5.7430031878094825,2.3978952727983707,7.76004068088038,3.4965075614664802,55.837957763671874,12.811154067993163,174.06265869140626,182.838720703125,1225.6692007119627,0,2693,45,2738,425.5504912261963,0.9520010751610956,4.358542365735534,59.844444443114575,0.1554238463206869,2.880196888452404
2121,3.6635616461296463,2.302585092994046,6.1070228877422545,3.58351893845611,5.869296913133774,3.912023005428146,42.35723876953125,16.322572036743164,78.4720458984375,267.4438842773438,961.4760490608456,1,839,93,932,404.5957409820557,0.2934149947387365,2.595010067750803,9.02150537624708,0.4341156019116111,2.3763869751192264
2122,0.0,2.0794415416798357,5.293304824724492,3.5263605246161616,6.361302477572996,3.8066624897703196,75.10182495117188,15.73680015563965,95.6256591796875,273.903515625,1067.6101958598726,0,776,84,860,460.3677999114991,0.3491216933128343,4.7723694908513545,9.23809523798526,0.5353113952453067,2.319037508841389
2123,0.0,2.0794415416798357,5.814130531825066,3.4657359027997265,7.77863014732581,3.8501476017100584,64.37796020507812,9.645896255493168,192.36483764648435,194.1142456054688,1658.9446271437994,0,2722,84,2806,460.5029397125245,0.9909877404694396,6.674129442532816,32.40476190437613,0.1641136634755382,3.6024626209244546
2124,3.6635616461296463,1.0986122886681098,5.976350909297934,3.1354942159291497,7.918992488165245,4.04305126783455,48.316552734374994,9.368582931518556,150.23111572265623,160.97442626953122,1422.5973550076496,0,3179,80,3259,368.890677658081,0.933260761993213,5.157295727902155,39.73749999950328,0.1131913708677409,3.856419912899985
2125,4.04305126783455,1.9459101490553132,6.1903154058531475,3.4657359027997265,4.442651256490317,3.5263605246161616,21.192462158203124,11.702299942016603,52.68905639648437,143.83135986328128,777.5627393980141,1,627,70,697,229.41517835998536,0.3663252328713401,1.810965559026695,8.957142857014897,0.3291465973596215,3.38932561024588
2126,0.0,2.70805020110221,5.198497031265826,3.4965075614664802,2.995732273553991,3.6888794541139363,43.33925170898437,11.412841873168947,24.685400390625,153.44937744140628,764.4232197235301,0,199,85,284,232.8868714141846,0.1608699937534129,3.797411038093456,2.341176470560692,0.8200241951174809,3.282380046064239
2127,0.0,2.0794415416798357,5.616771097666572,3.4657359027997265,0.6931471805599453,3.6109179126442243,55.48612060546874,16.809853729248047,23.489044189453125,222.2075317382813,718.272550286069,0,275,74,349,317.99255026245123,0.1057076868889084,3.300809245331249,3.716216216165997,0.911153439144814,2.2587716274830743
2128,3.871201010907891,2.0794415416798357,6.066108090103747,3.8066624897703196,5.272999558563747,3.871201010907891,47.256591796875,20.049656524658204,108.83177490234377,279.36313476562503,887.1767680099857,1,671,98,769,455.501157989502,0.3895709968792407,2.3569776238510216,6.8469387754403375,0.5923292041468267,1.9476937707993376
2129,0.0,2.1972245773362196,6.234410725718371,3.2188758248682006,7.497207223203318,3.58351893845611,112.98125610351562,17.197916748046875,297.74295043945307,348.7564086914063,1573.428261885626,0,2311,67,2378,776.6785319824219,0.8537275388165104,6.569473370068334,34.49253731291802,0.3266099798074412,2.025842349301874
2130,0.0,2.0794415416798357,5.91350300563827,3.713572066704308,4.976733742420574,3.6635616461296463,30.949639892578123,14.067770919799806,54.73927001953125,199.77008056640625,835.0968193227261,1,513,85,598,299.52676139831544,0.2740113527714235,2.2000386604830013,6.035294117576055,0.5008808719026999,2.7880541138339656
2131,3.8066624897703196,2.1972245773362196,6.171700597410915,2.833213344056216,7.00397413672268,3.091042453358316,93.42899780273436,17.36083795166016,202.07746582031248,295.7402709960938,1259.1774806162396,0,1622,45,1667,608.6075725708008,0.6832937061260024,5.381594947058328,36.04444444364346,0.365091525237214,2.068948099504114
2132,4.007333185232471,2.3978952727983707,6.152732694704104,3.367295829986474,4.9344739331306915,3.367295829986474,24.08494262695313,10.869950820922853,52.82605590820312,164.31181640625002,909.2543476609798,1,661,66,727,252.09276576232912,0.3214988249979095,2.2157361170740417,10.01515151499977,0.3467575870178574,3.606824435869017
2133,0.0,2.0794415416798357,5.886104031450156,3.044522437723423,4.127134385045092,3.784189633918261,25.899169921875,17.92197605895996,58.36019897460937,199.224462890625,674.0694452293203,1,420,70,490,301.40580784606937,0.2929369121017854,1.4451068250078258,5.9999999999142855,0.6151138935621515,2.2364182364108167
2134,0.0,5.402677381872279,5.857933154483459,6.1224928095143865,0.0,6.5998704992128365,122.737939453125,18.9464356842041,44.395806884765626,7783.8333984375,14685.83074872069,0,349,1410,1759,7969.913580459595,0.0057035916125429,6.478154598174638,0.2475177304962783,4.530934383430964,1.8426587190010624
2135,3.6635616461296463,1.3862943611198906,5.1298987149230735,2.8903717578961645,4.804021044733257,2.8903717578961645,53.44134521484375,16.5537562866211,35.55455932617188,281.12219238281256,888.5317872370268,0,327,37,364,386.6718532104493,0.1264736840043908,3.228351576905068,8.837837837598979,1.0622853110147994,2.297896213177788
2136,0.0,1.9459101490553132,5.655991810819852,2.0794415416798357,7.226209010100671,2.70805020110221,95.6970703125,18.47761560058594,238.75669555664047,330.0384521484375,1334.4198621429848,0,1659,27,1686,682.969833618164,0.7234208438492323,5.179081131241105,61.44444444216872,0.4050829380888249,1.953848905846522
2137,0.0,0.6931471805599453,4.919980925828125,2.0794415416798357,6.92461239604856,3.091042453358316,43.37913208007812,10.639824371337893,76.59228515625,165.20855712890625,1033.4139834754797,0,1152,29,1181,295.81979873657224,0.4636096730511617,4.077053395059604,39.724137929664685,0.2504824714109414,3.4933901918858457
2138,3.6109179126442243,2.5649493574615367,5.541263545158426,2.70805020110221,4.143134726391533,2.9444389791664403,13.268957519531249,12.05316032409668,33.54417114257813,156.5905517578125,723.5922678589731,1,352,44,396,215.45684074401856,0.2142158052693007,1.1008695779067237,7.999999999818183,0.5440829311703901,3.3584093471198027
2139,3.8501476017100584,1.791759469228055,5.501258210544727,1.9459101490553132,6.489204931325317,3.4011973816621555,54.26779174804688,13.846855316162108,121.95823974609374,199.2451171875,1049.627476962317,0,947,40,987,389.3180039978028,0.6121015233247227,3.9191419643697833,23.67499999940813,0.3944457993894714,2.696067138383728
2140,0.0,1.9459101490553132,5.4116460518550396,2.4849066497880004,7.117205503164344,2.772588722239781,86.33952026367186,17.86250473022461,186.7367065429688,307.2533203125,1219.988619841912,0,1455,32,1487,598.1920518493653,0.6077613949051407,4.833561785584626,45.46874999857911,0.4022811377598944,2.039459762242187
2141,0.0,1.0986122886681098,6.150602768446279,2.1972245773362196,7.241366283322318,2.8903717578961645,53.10450439453125,9.782517150878906,157.73422851562498,176.45137939453127,1455.8885444780128,0,1863,27,1890,397.0726294555664,0.8939245986966747,5.428511248184378,68.99999999744445,0.2100913383361673,3.66655477228572
2142,3.6635616461296463,1.791759469228055,5.541263545158426,2.4849066497880004,7.246368080102461,3.295836866004329,67.71110229492187,13.46250457763672,214.7483276367188,214.419140625,1373.99197683017,0,1694,42,1736,510.3410751342773,1.001535250116933,5.029606630728339,40.333333332373016,0.2939752736946909,2.692301372108766
2143,0.0,1.6094379124341003,6.159095388491933,2.4849066497880004,6.848005274576363,2.4849066497880004,53.01238403320313,10.077294158935548,148.6492492675781,189.35343017578128,1433.8854871263366,0,1413,26,1439,401.0923576354981,0.7850359464246223,5.260577213669645,54.34615384406361,0.2787299219146764,3.5749509055114888
2144,0.0,2.0794415416798357,5.293304824724492,2.833213344056216,6.1903154058531475,3.1780538303479458,61.71009521484376,14.3944715423584,75.00723266601562,245.8584228515625,1019.2697260225668,0,685,46,731,396.9702222747803,0.3050830302893316,4.287069172978202,14.891304347502365,0.5430509196637993,2.5676226296753994
2145,0.0,1.791759469228055,5.572154032177765,2.3978952727983707,5.384495062789089,3.091042453358316,16.358038330078124,12.901710754394532,49.681439208984365,166.5046142578125,766.4158622069755,1,479,36,515,245.4458025512696,0.2983787532263833,1.26789684253605,13.305555555185958,0.476593791360763,3.122546216873118
2146,3.9889840465642745,1.6094379124341003,5.41610040220442,2.772588722239781,5.66988092298052,2.772588722239781,53.97775268554688,14.285742645263673,41.60643310546875,239.78089599609376,917.1022344512928,0,566,34,600,349.65082443237304,0.1735185488087134,3.778435186893441,16.647058823039796,0.5827513740529838,2.6229088289367075
2147,3.6635616461296463,0.6931471805599453,5.303304908059076,2.1972245773362196,7.373374309910049,3.1780538303479458,49.18765869140625,11.981968368530271,115.28668212890624,186.96097412109376,1126.6279602175969,0,1830,32,1862,363.41728330993647,0.6166350099011516,4.105140088375525,57.1874999982129,0.1951757697689266,3.100094607370845
2148,0.0,1.3862943611198906,5.720311776607412,2.1972245773362196,7.750614732770409,3.332204510175204,53.65903930664062,8.394169235229493,186.70166015625,167.67158203125,1736.0638597328243,0,2626,38,2664,416.4264507293701,1.1134961446259852,6.392418093627009,69.10526315607618,0.1563162352587138,4.168956742992533
2149,3.4965075614664802,1.791759469228055,5.308267697401205,2.302585092994046,6.829793737512425,3.258096538021482,53.27506713867187,9.983279663085938,132.31285400390624,177.32058105468752,1343.0334038250164,0,1157,39,1196,372.8917818603516,0.7461787752790715,5.336429403087317,29.666666665905986,0.3117824263043811,3.601670696846793
2150,4.499809670330265,1.3862943611198906,5.318119993844216,2.70805020110221,6.202535517187923,3.1354942159291497,54.24570922851563,13.579675918579104,81.43346557617187,230.90987548828127,1043.0686444360715,0,785,39,824,380.1687262115479,0.3526634164243529,3.994624728142772,20.12820512768902,0.461369813362969,2.743699238040175
2151,0.0,1.0986122886681098,6.137727054086234,2.772588722239781,5.3612921657094255,2.9444389791664403,58.4435302734375,16.188026824951173,85.47335815429688,264.06346435546874,986.5949363287904,0,674,35,709,424.1683796081543,0.3236849079542231,3.610293638737128,19.25714285659265,0.5982628767384429,2.325951164105817
2152,0.0,2.70805020110221,5.796057750765372,2.8903717578961645,3.2188758248682006,2.995732273553991,13.383819580078123,10.139345123291015,20.4989501953125,148.95534667968752,765.5551405569008,1,352,50,402,192.9774615783692,0.1376180892603719,1.3199885609983095,7.039999999859201,0.4800434367609182,3.9670702178971182
2153,3.6635616461296463,1.3862943611198906,6.144185634125646,3.091042453358316,7.2305631534092925,3.6109179126442243,38.65973510742188,9.360654418945314,102.57280883789063,150.3116455078125,1193.4216804647783,0,1883,60,1943,300.9048438720704,0.682400944322554,4.130024822308068,31.38333333281028,0.154866105955695,3.9661099007372425
2154,3.6635616461296463,2.1972245773362196,5.940171252720432,1.9459101490553132,6.591673732008658,2.995732273553991,52.66829223632812,15.038347595214844,89.85574951171876,200.10227050781248,898.1497106291669,0,1145,33,1178,357.6646598510742,0.4490491251460414,3.5022659171400417,34.69696969591828,0.30362025454225,2.5111502797079
2155,0.0,1.3862943611198906,5.765191102784844,2.302585092994046,6.338594078203183,2.6390573296152584,66.88020629882813,17.606601882934573,118.24172973632812,297.09140625000003,1063.3748818659917,0,883,25,908,499.8199441680909,0.3979978122841785,3.798586844850172,35.3199999985872,0.5504624935765863,2.127515907020806
2156,0.0,1.3862943611198906,5.8971538676367405,2.5649493574615367,5.303304908059076,3.4011973816621555,17.45244140625,13.43193814086914,44.42926025390624,179.2414306640625,762.8038910836763,1,563,44,607,254.55507046508788,0.2478738318984324,1.299324134902648,12.79545454516374,0.4193658492004423,2.996616369444104
2157,3.6375861597263857,1.6094379124341003,5.44673737166631,2.772588722239781,6.635946555686647,3.4657359027997265,67.64468994140626,16.84028045654297,96.07011108398436,257.7363647460937,969.156765638707,0,1029,50,1079,438.2914462280273,0.3727456588372932,4.0168386810391485,20.5799999995884,0.4062015256975173,2.2112153316637584
2158,4.406719247264253,1.0986122886681098,5.247024072160486,2.5649493574615367,6.066108090103747,3.1780538303479458,33.742254638671874,9.691910568237306,45.142932128906246,154.05351562500002,945.9274152885188,0,700,37,737,242.63061296081543,0.2930340923767101,3.4814863795557267,18.9189189184076,0.3292138574769148,3.898631766789405
2159,0.0,1.6094379124341003,5.799092654460526,2.8903717578961645,6.928537818164665,2.9444389791664403,95.31622924804688,19.52174432373047,229.4040893554688,344.162548828125,1283.2883330299237,0,1349,39,1388,688.4046117553712,0.6665573873041216,4.882567236950169,34.58974358885668,0.4959687404574029,1.8641483672745705
2160,0.0,1.9459101490553132,6.104793232414985,2.3978952727983707,6.984716320118266,3.258096538021482,31.614093017578128,8.905351226806642,77.92245483398438,116.49884033203124,994.9002518738693,0,1526,41,1567,234.9407394104004,0.6688689313235233,3.550010797874456,37.21951219421416,0.1499302740333442,4.234685965347703
2161,3.6635616461296463,1.6094379124341003,5.1647859739235145,2.5649493574615367,5.978885764901122,3.5553480614894135,20.035107421875,12.893203445434573,82.696728515625,158.38919677734376,849.0684151773049,1,606,50,656,274.0142361602783,0.5221109153760919,1.5539278120532114,12.1199999997576,0.4177046282924704,3.098628841596257
2162,0.0,1.9459101490553132,6.054439346269371,2.995732273553991,4.812184355372417,3.4339872044851463,45.81265869140624,13.317371383666991,49.36124267578125,186.680419921875,838.434988340846,0,547,55,602,295.1716926727295,0.2644157469550064,3.440067665617017,9.94545454527372,0.4903184263658457,2.8404993065091007
2163,0.0,1.6094379124341003,5.652489180268651,2.302585092994046,7.060476365999801,3.258096538021482,62.7268798828125,11.080098815917973,163.8848693847656,224.2815673828125,1486.589892762447,0,1448,38,1486,461.9734154663086,0.7307103802440877,5.661220257985075,38.10526315689197,0.3108838596675624,3.217912206611909
2164,0.0,1.9459101490553132,5.991464547107982,2.302585092994046,7.552237287560802,2.995732273553991,72.66121215820311,11.788291122436526,224.207666015625,235.35054931640624,1624.389003417168,0,2303,34,2337,544.0077186126709,0.9526541011520931,6.163846090782741,67.73529411565485,0.2327803673994172,2.9859668306852347
2165,4.290459441148391,1.3862943611198906,4.927253685157205,2.1972245773362196,5.605802066295998,2.70805020110221,31.48093872070312,16.371664947509768,22.01231689453125,183.73546142578127,611.3424054292651,0,480,25,505,253.60038198852536,0.119804400977343,1.922891704644168,19.199999999232,0.5021789742337093,2.4106525417399247
2166,0.0,1.3862943611198906,5.998936561946683,2.70805020110221,7.3783837129967145,2.995732273553991,104.97139892578124,18.15468713378906,282.805224609375,348.0438354492188,1476.234320506692,0,2002,36,2038,753.975146118164,0.8125563386104708,5.782054967206181,55.611111109566366,0.3699583641402326,1.9579349904371737
2167,0.0,1.6094379124341003,6.042632833682381,2.6390573296152584,5.5134287461649825,3.295836866004329,40.850189208984375,20.419213027954104,115.61643676757812,304.1568969726562,929.1917220290026,1,667,43,710,481.0427359771728,0.3801210425209984,2.00057608248954,15.51162790661601,0.6775249802485849,1.9316199009627373
2168,3.6635616461296463,1.0986122886681098,5.545177444479562,2.9444389791664403,6.4457198193855785,2.833213344056216,85.34135742187499,18.6035537109375,128.62820434570312,335.260546875,1119.3390752571738,0,922,36,958,567.8336623535156,0.383666391838458,4.587368561046123,25.61111111039969,0.5927282488026335,1.97124466100838
2169,3.6635616461296463,1.6094379124341003,4.919980925828125,2.833213344056216,7.20934025660291,2.8903717578961645,85.3657470703125,17.35615269470215,170.64085693359374,329.3861206054688,1262.3594024990416,0,1525,37,1562,602.7488773040773,0.5180572169203979,4.918471770039875,41.21621621510227,0.3858827639588293,2.0943372107852256
2170,0.0,1.9459101490553132,6.280395838960195,2.3978952727983707,7.3752557780097545,3.332204510175204,88.10958251953124,15.557068908691408,264.2640930175781,289.9553466796875,1507.7361472933278,0,2128,43,2171,657.8860911254883,0.9113958271257476,5.663636449192729,49.48837209187237,0.3030336670314073,2.291789061403706
2171,0.0,0.0,6.137727054086234,2.5649493574615367,7.443078374348516,3.1354942159291497,80.65722656249999,15.589531402587893,231.2265014648437,272.98095703125,1390.900874098685,0,2169,34,2203,600.4542164611815,0.8470426068494096,5.173806991013016,63.79411764518253,0.2725620592196591,2.3164145341400704
2172,3.7376696182833684,2.302585092994046,5.666426688112432,2.6390573296152584,5.135798437050262,3.2188758248682006,25.222027587890626,17.199872680664065,68.02025756835937,232.75843505859373,799.2890567164178,1,498,46,544,343.2005928955078,0.2922354137281597,1.4664078074704927,10.82608695628639,0.6308834428214649,2.3289267945916503
2173,3.7612001156935624,1.791759469228055,5.768320995793772,2.6390573296152584,5.62040086571715,2.70805020110221,70.35391845703124,17.64134962463379,82.80027465820311,295.52512207031253,985.0693362880352,0,636,32,668,466.3206648101807,0.2801801555071272,3.988012252464141,19.874999999378907,0.6980848275591057,2.1124290871537994
2174,0.0,1.791759469228055,5.1298987149230735,2.4849066497880004,6.495265555937008,2.833213344056216,73.56807861328124,18.21047611999512,112.14525146484377,309.504638671875,1049.2717526194338,0,829,32,861,513.4284448699951,0.3623378697835077,4.039876723951415,25.906249999190432,0.5963164284197431,2.043657228385692
2175,0.0,1.0986122886681098,5.3230099791384085,2.8903717578961645,7.413970290190444,3.1354942159291497,110.18732299804688,18.37943975830078,268.3852294921875,356.8322387695312,1449.870960436722,0,1862,41,1903,753.7842310180663,0.7521327961198553,5.995140463532758,45.41463414523379,0.396103116667194,1.9234562103754715
2176,3.8066624897703196,2.0794415416798357,5.111987788356544,2.4849066497880004,6.577861357721047,2.9444389791664403,66.91975708007813,19.24555865478516,143.54044189453126,296.56300048828126,1033.363774328859,0,927,36,963,526.2687581176758,0.4840133181068192,3.4771532630964828,25.749999999284725,0.5464888453968113,1.9635666347038432
2177,3.6635616461296463,1.0986122886681098,5.220355825078324,2.6390573296152584,5.945420608606575,2.772588722239781,67.44677124023438,20.166024536132817,86.06277465820312,324.15025634765624,936.2771446937955,0,603,30,633,497.82582678222656,0.2655027197190736,3.3445744904277444,20.09999999933,0.7864547026563035,1.880732365260528
2178,0.0,1.9459101490553132,5.298317366548036,2.5649493574615367,5.262690188904886,2.9444389791664403,27.06674194335937,21.38540382385254,76.20040283203124,269.41464843750003,742.4559517306809,1,391,36,427,394.0671970367432,0.2828368957429785,1.2656642897668549,10.861111110809414,0.922873997741968,1.8840846366097543
2179,0.0,1.3862943611198906,5.3706380281276624,2.772588722239781,6.169610732491456,3.044522437723423,64.76061401367188,16.957356994628906,94.92791748046876,301.76099853515626,1056.2213228675382,0,691,38,729,478.4068870239258,0.3145798096538799,3.819027577845133,18.18421052583726,0.6562508738316455,2.2077887077167166
2180,3.332204510175204,2.772588722239781,4.812184355372417,2.70805020110221,5.564520407322694,3.1780538303479458,22.976531982421875,15.86225427246094,50.67388916015624,220.27119140625,782.652100848111,1,409,52,461,309.78386682128905,0.2300522770881438,1.4485035724628246,7.865384615233358,0.6719823575284535,2.526445643785214
2181,3.7376696182833684,1.3862943611198906,4.983606621708336,2.4849066497880004,7.52456122628536,3.2188758248682006,84.74512939453125,16.570975479125977,223.44301757812497,272.05495605468747,1302.5445400626083,0,2038,38,2076,596.8140785064697,0.8213157400903514,5.114070049537421,53.63157894595707,0.2874826967756176,2.182496336748708
2182,0.0,1.9459101490553132,5.459585514144159,2.302585092994046,6.144185634125646,2.9444389791664403,46.01255493164062,11.907757690429689,75.74639282226562,207.148828125,1070.2293631049354,0,699,33,732,340.8155335693359,0.3656617008530323,3.8640822331106897,21.18181818117631,0.4655949912143037,3.1402012457981656
2183,0.0,1.0986122886681098,5.365976015021851,2.772588722239781,5.41610040220442,2.6390573296152584,16.641650390625,9.643511215209962,48.95820922851563,134.74863281249998,865.6457385205684,1,437,30,467,209.9920036468505,0.3633299144212963,1.7256837284174804,14.566666666181112,0.449661678043685,4.122279531996975
2184,3.828641396489095,1.6094379124341003,5.41610040220442,2.833213344056216,6.230481447578482,2.9444389791664403,71.68941650390624,17.426456497192383,87.63189697265625,310.35146484375,1038.1987593664628,0,776,38,814,487.0992348175049,0.2823634069731012,4.1138263829679005,20.421052631041555,0.598402008374578,2.1313906595507173
2185,0.0,0.6931471805599453,5.541263545158426,2.8903717578961645,7.293017679772782,3.4011973816621555,110.22423706054686,18.409926361083983,267.3943725585938,342.2365356445313,1418.0228526963656,0,1723,47,1770,738.2650716247558,0.7813145141100463,5.987217704876772,36.65957446730512,0.4170989105222252,1.9207502930806333
2186,0.0,1.6094379124341003,5.497168225293202,2.6390573296152584,7.034387929915503,3.6635616461296463,68.85280151367188,17.705012237548832,147.8081359863281,246.66566162109373,1015.2942892753622,0,1377,55,1432,481.0316113586425,0.5992246144612493,3.888887541334753,25.03636363590843,0.3359159297194878,2.1106602254384463
2187,3.5263605246161616,2.0794415416798357,5.8289456176102075,2.6390573296152584,7.43543801981455,3.6109179126442243,78.75714111328125,15.43945349121094,229.4168334960937,257.2595947265625,1361.2277202317098,0,2066,56,2122,580.8730228271484,0.8917717286270537,5.101031662358612,36.892857142198345,0.2737384650456525,2.3434170063608373
2188,3.6635616461296463,1.9459101490553132,5.278114659230517,2.3978952727983707,5.840641657373398,2.8903717578961645,67.44644165039062,19.005672500610352,76.59228515625,325.959228515625,970.4258040515988,0,576,33,609,489.003627822876,0.2349750473542538,3.548753228525636,17.454545454016532,0.8029616220395287,1.9844961240269496
2189,0.0,1.9459101490553132,5.298317366548036,2.70805020110221,4.356708826689592,3.332204510175204,16.464495849609374,12.435919372558596,30.8726806640625,173.1897216796875,753.4273199763127,1,276,47,323,232.962817565918,0.1782593121835655,1.3239468152725715,5.872340425406972,0.7212471132049434,3.234109751269181
2190,0.0,1.6094379124341003,4.882801922586371,2.3978952727983707,6.9411900550683745,2.995732273553991,96.21436157226562,19.75093771362305,148.16975097656248,350.26072998046874,1132.249081997638,0,1164,33,1197,614.39578024292,0.4230270147167275,4.871381954742896,35.272727271658404,0.5132796827421944,1.842865980538028
2191,3.871201010907891,2.1972245773362196,5.123963979403259,2.1972245773362196,7.013915474810528,2.6390573296152584,73.64652099609374,15.974984848022462,165.96694335937497,279.6213134765625,1227.8760416929215,0,1325,29,1354,535.2097626800537,0.593541820168485,4.610115232791617,45.689655170838286,0.395280474652628,2.294195897216185
2192,3.6888794541139363,1.6094379124341003,5.117993812416755,1.9459101490553132,6.5722825426940075,3.2188758248682006,62.745007324218754,14.837694854736329,99.5524475097656,246.02021484375004,1055.8905715047215,0,919,34,953,423.1553645324707,0.404651494075752,4.228757090253896,27.029411763910904,0.4440245168226932,2.4952787084924286
2193,0.0,1.6094379124341003,5.135798437050262,2.5649493574615367,6.994849985833071,3.4011973816621555,61.08436889648437,12.037273361206056,144.92477416992185,221.70150146484377,1322.593829600734,0,1259,45,1304,439.747917892456,0.6536932461517386,5.074601785506807,27.977777777156053,0.3372299983835267,3.0076181734672307
2194,0.0,1.791759469228055,5.327876168789581,2.995732273553991,5.356586274672012,3.091042453358316,35.433380126953125,19.88054319763184,86.99628295898437,288.2135009765625,859.5260366477792,1,416,45,461,430.5237072601318,0.3018466611172287,1.7823144857224835,9.244444444239011,0.933890905117566,1.996466215799908
2195,3.4965075614664802,2.0794415416798357,5.8289456176102075,2.4849066497880004,7.607878073278507,3.5263605246161616,70.72586059570312,12.691447998046876,228.51677856445312,222.7738037109376,1505.7844764523893,0,2384,51,2435,534.7078908691407,1.0257793993585604,5.572717990966407,46.74509803829912,0.2195925629851832,2.81608800274482
2196,3.7612001156935624,1.3862943611198906,5.968707559985366,2.0794415416798357,7.029087564149662,2.6390573296152584,85.7085205078125,18.845076461792,239.8877380371094,297.9089721679687,1251.3992191141497,0,1560,23,1583,642.3503071746826,0.8052383796653472,4.548059047520273,67.82608695357278,0.4057803582907623,1.948156956001724
2197,0.0,1.9459101490553132,5.123963979403259,2.302585092994046,6.777646593635117,2.9444389791664403,53.87574462890625,12.583502471923827,91.74666137695311,217.36926269531247,1103.4562188648792,0,1044,33,1077,375.57517117309567,0.4220774374394082,4.281458579980555,31.63636363540496,0.3487234644129498,2.9380435757117147
2198,0.0,1.3862943611198906,5.424950017481403,1.9459101490553132,6.481577129276431,2.8903717578961645,57.24662475585937,16.284276672363283,119.63243408203124,219.0715209960938,955.5823272495757,0,878,26,904,412.2348565063477,0.546088480773447,3.515453950097736,33.76923076793195,0.4560120094091722,2.318053197504281
2199,3.7376696182833684,1.791759469228055,6.100318952020064,1.791759469228055,6.52649485957079,2.9444389791664403,59.6814697265625,15.996944183349612,134.56219482421872,235.3385009765625,1045.2989881872852,0,1168,28,1196,445.5791097106933,0.5717814733469729,3.7308043985645103,41.71428571279592,0.3725577840387297,2.345933562423143
2200,3.828641396489095,1.9459101490553132,5.176149732573829,2.3978952727983707,0.6931471805599453,3.1354942159291497,17.785491943359375,20.83755807495117,34.068273925781256,261.92918701171874,654.8912920623545,1,222,38,260,334.6205109558106,0.1300667341212606,0.8535305278350147,5.8421052630041554,1.287001965209706,1.9571164068507485
2201,0.0,1.0986122886681098,5.247024072160486,2.8903717578961645,6.248042874508429,3.1780538303479458,58.570587158203125,14.44254656982422,94.65710449218749,237.61563720703128,1043.8930644552745,0,705,42,747,405.2858754272461,0.3983622694381669,4.055419649919853,16.785714285314626,0.5425513727265108,2.5756956453324285
2202,0.0,1.791759469228055,5.945420608606575,2.5649493574615367,6.957497370876951,2.833213344056216,43.76590576171875,11.297471786499024,95.77380981445312,168.8936279296875,1057.9561098152076,0,1431,33,1464,319.7308152923584,0.5670658567045399,3.8739557473511,43.36363636232232,0.2183953656367076,3.3088962940419586
2203,3.8066624897703196,1.0986122886681098,5.811140992976701,1.9459101490553132,5.262690188904886,2.833213344056216,32.97974853515625,10.751292572021486,45.83908081054687,132.97408447265627,791.0966104361033,0,569,24,593,222.54420639038088,0.3447219132358691,3.067514748683636,23.70833333234549,0.3752853396121511,3.554784118013968
2204,0.0,1.3862943611198906,5.4116460518550396,2.6390573296152584,5.793013608384144,2.995732273553991,72.26471557617187,17.577093246459963,74.83359374999999,301.7850952148437,985.7460074487294,0,550,35,585,466.4604977874755,0.2479698134080388,4.111300688844825,15.714285713836736,0.7973683722849199,2.113246485226993
2205,3.6109179126442243,1.791759469228055,5.365976015021851,1.3862943611198906,6.408528791059498,3.044522437723423,13.121136474609374,13.949147598266602,41.61439819335937,157.55269775390627,659.6677761612387,1,855,28,883,226.2373800201416,0.2641300262474463,0.9406407367357156,30.53571428462373,0.2562144734087037,2.9158213205067773
2206,3.6635616461296463,0.0,5.676753802268282,1.791759469228055,7.371489295214277,3.044522437723423,63.190118408203126,12.490261367797851,195.0156188964844,190.2450073242188,1336.765632755111,0,1918,25,1943,460.9410059967041,1.0250761459569364,5.0591510091261584,76.7199999969312,0.2372316037037915,2.9000796530603514
2207,4.6443908991413725,0.0,5.739792912179234,2.1972245773362196,4.110873864173311,3.295836866004329,70.04937744140624,20.303972671508788,67.73032836914062,330.06427001953125,909.2560241302864,0,473,34,507,488.1479485015869,0.2052034543603509,3.4500330832424644,13.911764705473184,0.9628164664706588,1.8626648476542105
2208,0.0,1.791759469228055,5.6131281063880705,2.1972245773362196,7.351799869057777,2.772588722239781,55.34390258789062,12.618679321289065,138.64987792968748,201.8303466796875,1193.4950850722312,0,1831,28,1859,408.4428065185547,0.6869624920629166,4.385871229022648,65.39285714052168,0.2197110309404706,2.9220617085714085
2209,3.713572066704308,1.791759469228055,5.159055299214529,2.772588722239781,6.47543271670409,3.713572066704308,62.084674072265614,18.74783866882324,124.013232421875,260.0289916992188,941.29737239696,0,861,60,921,464.87473686218266,0.4769207910664319,3.311564344331483,14.349999999760836,0.5047499857347209,2.024840882403109
2210,3.784189633918261,2.4849066497880004,5.7745515455444085,2.4849066497880004,7.229113877793302,3.295836866004329,60.185083007812494,13.849310211181642,146.54487304687498,232.32641601562503,1207.0608700284668,0,1742,48,1790,452.9056822814941,0.6307714618056536,4.345709792454112,36.29166666591059,0.2530199342353302,2.6651484343170107
2211,3.6635616461296463,1.791759469228055,5.389071729816501,3.2188758248682006,4.718498871295094,3.091042453358316,20.525207519531246,13.35477360534668,42.93819580078125,197.99208984375,822.4479698145949,1,367,50,417,274.8102667694092,0.2168682386980714,1.536919166475193,7.339999999853201,0.6590174263039572,2.9927847291881235
2212,0.0,1.3862943611198906,6.045005314036012,2.3978952727983707,6.444131256700441,2.4849066497880004,75.50903320312499,18.69514324951172,180.9875061035156,272.8122802734375,1090.9473787363306,0,1049,24,1073,548.0039628295899,0.6634140733014288,4.038965210981102,43.70833333151215,0.5107213073896357,1.9907654920984328
2213,3.6375861597263857,1.3862943611198906,4.74493212836325,2.4849066497880004,6.902742737158593,3.295836866004329,28.387902832031248,11.927736145019532,35.086212158203125,144.49918212890628,718.201640386724,0,1145,40,1185,219.9010332641602,0.2428125311232575,2.379990845245577,28.624999999284377,0.1855704922058857,3.266022126966111
2214,3.4965075614664802,1.3862943611198906,5.940171252720432,2.5649493574615367,7.650168700845001,3.1354942159291497,34.1567138671875,9.42142304992676,86.21092529296875,128.49726562499998,1031.759891564062,0,2511,37,2548,258.286327835083,0.6709164189056872,3.625430434718415,67.86486486303069,0.1013682605317824,3.994636108725239
2215,3.871201010907891,1.9459101490553132,6.208590026096629,2.833213344056216,7.013915474810528,3.295836866004329,97.44406127929686,17.576679107666017,252.66533203125,333.5014892578125,1426.758198025335,0,1654,48,1702,701.1875616760253,0.7576138043424749,5.543940392656595,34.45833333261545,0.4119785908787387,2.0347739691972966
2216,0.0,1.791759469228055,5.673323267171493,2.4849066497880004,5.247024072160486,3.5263605246161616,26.4443115234375,19.19754849243164,91.31495361328123,206.39322509765623,718.2185808490264,1,479,49,528,343.3500387268066,0.4424319333623115,1.3774837726017626,9.775510203882131,0.650284164254084,2.0917969996747248
2217,0.0,1.6094379124341003,5.703782474656201,2.6390573296152584,3.6375861597263857,2.5649493574615367,37.26754760742188,15.501424621582032,21.97567749023437,182.1330322265625,645.206797639123,0,336,29,365,256.8776819458008,0.120657286717641,2.404136943202729,11.5862068961522,0.7037744710824575,2.5117277326285787
2218,4.04305126783455,1.791759469228055,5.003946305945459,2.8903717578961645,5.111987788356544,3.295836866004329,33.78114624023437,10.27930407714844,27.750366210937504,171.99005126953125,900.9661481899176,0,369,48,417,243.8008677978516,0.1613486710768383,3.286326193233813,7.687499999839843,0.5846543592260598,3.695500169151415
2219,3.7612001156935624,1.791759469228055,5.298317366548036,2.302585092994046,7.2078598714324755,2.995732273553991,42.137237548828125,11.212503479003908,117.55673217773436,156.52170410156253,1095.0363864053888,0,1590,33,1623,327.4281773071289,0.7510570681028623,3.758057923814659,48.18181818035813,0.201742561495334,3.3443559910083613
2220,0.0,1.3862943611198906,5.869296913133774,1.6094379124341003,6.651571873589727,3.1780538303479458,63.35277099609374,14.073783416748048,133.2129089355469,251.3524658203125,1206.5475041842672,0,1126,30,1156,461.9919291687012,0.5299844920966421,4.5014740610688495,37.53333333208222,0.3996469975504338,2.611620307637609
2221,0.0,1.3862943611198906,5.700443573390687,1.9459101490553132,1.9459101490553132,3.258096538021482,23.75419921875,19.64077180480957,70.16445922851562,243.6828369140625,734.063749325892,1,304,34,338,357.2422671661377,0.2879335291593473,1.2094330840768543,8.94117647032526,1.056929784512073,2.0548065466801453
2222,3.5263605246161616,1.791759469228055,5.313205979041787,2.0794415416798357,7.126087273299125,2.995732273553991,92.04027099609374,19.492470199584965,191.87578125,339.095361328125,1204.4374864702518,0,1478,31,1509,642.5038837738038,0.5658460808721175,4.721837204262169,47.67741935330073,0.4257812351049556,1.8745995423311783
2223,4.787491742782046,1.0986122886681098,4.060443010546419,1.9459101490553132,3.6635616461296463,3.5553480614894135,34.085687255859376,20.08759762573242,12.272607421875,209.661767578125,546.0166444779721,0,214,42,256,276.10765988159176,0.0585352664130497,1.6968523508504771,5.09523809511678,1.0785455464082547,1.977549788767732
2224,0.0,1.9459101490553132,6.09807428216624,1.6094379124341003,7.1284959456800365,2.9444389791664403,39.4697021484375,10.112471008300782,84.75172119140625,138.1462646484375,1006.496432194792,0,1690,28,1718,272.480158996582,0.6134926731929653,3.903071970454687,60.357142854987245,0.1586031193227144,3.69383384059066
2225,4.2626798770413155,2.1972245773362196,4.3694478524670215,2.302585092994046,5.634789603169249,3.1780538303479458,20.04384155273437,20.93896719360352,65.67852172851562,263.44899902343747,718.6403932803981,1,427,40,467,370.110329498291,0.2493026049509616,0.9572507261915074,10.674999999733126,0.7925274721573843,1.9416923441521368
2226,3.6888794541139363,2.1972245773362196,5.948034989180646,2.833213344056216,5.3981627015177525,2.772588722239781,79.00021362304688,18.15732165527344,76.04747314453124,327.0453002929688,1016.696775786144,0,641,39,680,500.2503087158204,0.2325288670290476,4.35087372017513,16.435897435476004,0.735662218698654,2.0323761086605776
2227,0.0,1.6094379124341003,5.560681631015528,2.772588722239781,6.7661917146603505,2.772588722239781,37.08017578125,9.96087126159668,46.842681884765625,147.07236328125,907.9633428587856,0,1126,34,1160,240.95609220886232,0.3185009123357101,3.7225835776521854,33.11764705784948,0.2077207691453919,3.768169273213432
2228,0.0,1.3862943611198906,5.976350909297934,2.8903717578961645,5.442417710521793,2.833213344056216,14.688336181640626,11.262449615478516,51.85112915039062,129.38195800781253,740.3490893129771,1,623,36,659,207.18387295532227,0.4007601210275308,1.3041866274056015,17.305555555074847,0.314391309491666,3.5733914939849334
2229,3.8501476017100584,1.0986122886681098,5.82600010738045,2.70805020110221,6.542471960506805,3.295836866004329,44.06105346679687,10.758088439941409,69.95895996093749,176.24139404296875,1039.7182293665016,0,1077,42,1119,301.01949591064454,0.396949651586869,4.095621049099798,25.6428571422466,0.2690075924132042,3.453989670063365
2230,3.6635616461296463,1.6094379124341003,5.442417710521793,2.70805020110221,4.962844630259907,3.2188758248682006,66.22267456054686,19.264075149536133,79.02641601562499,281.993115234375,876.7973760711932,0,410,42,452,446.506280960083,0.2802423596393938,3.437625426762512,9.761904761672335,0.9878457543342812,1.963684305143322
2231,0.0,1.6094379124341003,5.945420608606575,2.8903717578961645,5.0369526024136295,2.995732273553991,23.35984497070312,15.293676635742187,61.43631591796874,208.2125244140625,806.0681238330807,1,534,40,574,308.30236193847657,0.2950654197703216,1.5274185224096095,13.34999999966625,0.5371121288117412,2.614537620672921
2232,0.0,1.3862943611198906,6.210600077024653,3.044522437723423,7.307202314764738,3.4339872044851463,71.36625366210937,13.81965687561035,180.66571655273435,216.71865234375005,1261.1950005184242,0,1987,53,2040,482.57027943420417,0.8336417497896597,5.164111837168413,37.49056603702848,0.2365540585460625,2.613494975269748
2233,3.6888794541139363,1.6094379124341003,5.755742213586912,3.1780538303479458,6.598509028614515,3.044522437723423,54.56063232421874,11.33079249572754,89.09269409179687,185.8370361328125,1096.301915038775,0,1087,47,1134,340.82115504455567,0.4794130166155115,4.8152529789929925,23.127659573976008,0.300547755770948,3.2166486698639303
2234,0.0,5.961005339623274,5.808142489980444,6.54965074223381,0.0,7.0192966537150445,143.1791015625,21.34153504943848,45.23054809570312,8824.353845214844,14693.480598625109,0,332,2202,2534,9034.105029922486,0.0051256498650294,6.708941096510218,0.1507720254313575,3.565155891838564,1.626445624658578
2235,3.6375861597263857,2.4849066497880004,5.198497031265826,2.833213344056216,0.6931471805599453,3.258096538021482,68.47327880859375,19.56920562744141,36.80029907226562,317.72332763671875,853.9131089913443,0,218,52,270,442.56611114501953,0.1158249831571285,3.499032107316423,4.192307692227072,1.639133744975483,1.9294588706309816
2236,0.0,2.3978952727983707,5.720311776607412,2.4849066497880004,4.007333185232471,3.044522437723423,61.76958618164062,21.71465913391113,64.79598999023438,269.22531738281253,739.3440310473411,0,358,41,399,417.5055526885986,0.2406756935784758,2.844603076560954,8.731707316860202,1.0463798312971235,1.7708603545137005
2237,0.0,2.302585092994046,5.293304824724492,2.302585092994046,6.48768401848461,3.2188758248682006,66.15444946289062,18.72085977172852,116.65667724609376,285.7212158203125,981.9380647601477,0,854,42,896,487.2532023010255,0.4082884671716146,3.5337292339137463,20.333333332849207,0.5438093775675018,2.015252152517389
2238,3.6635616461296463,2.1972245773362196,5.594711379601839,2.6390573296152584,5.099866427824199,3.044522437723423,27.277349853515627,20.10827961730957,51.3142822265625,266.523046875,729.8222896999633,1,469,41,510,365.22295857238765,0.1925322512556916,1.356523301410543,11.439024389964905,0.7161234481797482,1.998292474686564
2239,3.58351893845611,1.9459101490553132,5.91350300563827,2.5649493574615367,7.321849713788356,3.367295829986474,112.62019042968748,23.255205551147466,291.1797180175781,402.1357177734375,1298.677238098652,0,1916,46,1962,829.1908317718505,0.724083201634191,4.842794882081262,41.652173912138,0.4226252965195861,1.5661982602026805
2240,0.0,1.6094379124341003,6.20050917404269,2.833213344056216,6.930494765951626,2.8903717578961645,113.8634033203125,23.316837387084963,235.2377197265625,393.9858764648437,1195.7680662555947,0,1514,37,1551,766.4038368988037,0.597071453009195,4.883312493249936,40.91891891781301,0.4941352913593227,1.5602323588209337
2241,0.0,1.9459101490553132,6.317164686747284,2.302585092994046,6.98100574072173,3.6109179126442243,95.78375244140624,22.417712127685547,253.66415405273435,336.8681396484375,1169.139538411196,0,1628,51,1679,708.7337582702636,0.7530072577261551,4.27268188170023,31.92156862682507,0.4221165921797745,1.6496173983061704
2242,3.6109179126442243,0.6931471805599453,6.056784013228625,2.833213344056216,8.212025804623437,3.4657359027997265,157.12239990234374,21.56065937805176,573.0753295898437,441.705908203125,1894.0978392260367,0,4146,48,4194,1193.4642970733642,1.2974137745176122,7.287458010444855,86.37499999820052,0.2845646869511395,1.5870586525874235
2243,4.3694478524670215,1.3862943611198906,5.976350909297934,2.6390573296152584,7.633853559681768,3.5263605246161616,107.67733154296874,18.89639474487305,311.148193359375,348.68239746093747,1482.334138460653,0,2537,49,2586,786.4043171081543,0.8923541756745558,5.698300283787486,51.77551020302499,0.3041006640014888,1.884951679703079
2244,0.0,2.1972245773362196,5.393627546352362,2.70805020110221,4.77912349311153,3.1354942159291497,59.4665771484375,18.526064849853515,43.95454101562501,274.1048950195313,813.7083511818923,0,337,44,381,396.0520780334473,0.1603566438035799,3.2098871307631103,7.659090908916839,1.0395067664892592,2.054548874532401
2245,0.0,2.4849066497880004,5.66988092298052,2.4849066497880004,5.605802066295998,3.258096538021482,40.0220947265625,23.675262039184567,92.48741455078124,313.76286621093755,789.9073704283151,1,560,47,607,469.9476375274659,0.2947685163237536,1.6904604755221748,11.914893616767769,0.7742135708841708,1.6808412413403575
2246,3.713572066704308,2.1972245773362196,6.26530121273771,2.995732273553991,5.82600010738045,3.2188758248682006,89.92331542968749,19.266864349365232,108.41281127929686,342.3208740234375,1063.3199195015936,0,903,51,954,559.9238650817871,0.3166993879302771,4.667252220934584,17.705882352594003,0.5869222904415096,1.899043755429816
2247,0.0,1.3862943611198906,5.948034989180646,2.772588722239781,7.578656850594762,3.258096538021482,115.9844787597656,21.68785986328125,335.73004760742185,375.0923583984376,1406.2756457437663,0,2337,43,2380,848.4947446289063,0.8950596835403971,5.34789875467546,54.3488372080384,0.356510396902752,1.6573769662617663
2248,0.0,1.0986122886681098,6.489204931325317,2.8903717578961645,7.542213463193403,2.995732273553991,104.73887329101564,18.63140579223633,338.12913208007814,340.91293945312503,1537.0892029112592,0,2542,38,2580,802.4123506164551,0.9918342572197336,5.62163019008681,66.89473684034488,0.3110125389985054,1.9155851747900832
2249,3.8066624897703196,2.4849066497880004,6.066108090103747,2.302585092994046,6.516193076042964,3.4657359027997265,68.89119873046876,19.20529737854004,135.43676147460937,287.64550781250006,1002.8321729330062,0,1149,51,1200,511.1787653961183,0.4708460858788107,3.587093569499244,22.52941176426413,0.4259823044964102,1.961803268870017
2250,3.784189633918261,2.833213344056216,5.030437921392435,2.9444389791664403,6.771935555839602,3.367295829986474,52.52178955078125,13.188324737548829,72.28476562499999,218.7324462890625,1008.127729624838,0,1067,62,1129,356.72732620239253,0.3304711616910401,3.982445882399501,17.209677419077263,0.3159675165651697,2.8260457093495592
2251,0.0,1.791759469228055,5.91350300563827,2.772588722239781,4.060443010546419,3.5263605246161616,82.39432983398437,22.46950941467285,85.33954467773435,347.7959838867188,900.135985933112,0,426,53,479,537.9993678131103,0.2453724270297643,3.666939420426909,8.03773584890495,1.1231719578538355,1.6731171815133568
2252,0.0,2.0794415416798357,5.313205979041787,2.772588722239781,1.6094379124341003,3.5263605246161616,24.27725830078125,19.476508392333983,32.051513671875,282.7125732421875,742.0828139094182,1,206,55,261,358.5178536071777,0.1133713768163558,1.2464892479953116,3.745454545386447,1.3736316230107437,2.069862927162441
2253,3.6888794541139363,1.791759469228055,5.19295685089021,3.2188758248682006,6.690842277418564,3.7612001156935624,41.42449951171876,13.38346893310547,77.42543334960938,175.1794189453125,877.1598145245559,0,1022,71,1093,307.4128207397461,0.4419779093646729,3.0951989888178795,14.39436619698036,0.281256011655503,2.853361198179502
2254,3.6635616461296463,1.791759469228055,6.19644412779452,2.9444389791664403,6.654152520183219,3.4965075614664802,84.40927734374999,20.768601470947264,181.73303833007813,294.25316162109374,1040.7467774073668,0,1303,55,1358,581.1640787658691,0.6176077678426986,4.064273536076273,23.69090909047835,0.427955875379559,1.7907968083912786
2255,0.0,1.791759469228055,5.568344503761097,3.1780538303479458,4.477336814478207,3.2188758248682006,75.3593994140625,20.76195529174805,77.85554809570313,318.70440673828125,892.9797638696831,0,348,52,400,492.6813095397949,0.2442876422458554,3.629687009314812,6.692307692178995,1.2317032738464082,1.8124896288474743
2256,0.0,1.9459101490553132,6.135564891081739,2.9444389791664403,1.3862943611198906,2.9444389791664403,35.44392700195313,22.81553485107422,91.36911621093748,318.46171875,819.664556511516,1,464,42,506,468.0902968139648,0.2869076904102797,1.5534997198950533,11.04761904735601,0.9250796379704342,1.751082135410143
2257,3.6635616461296463,2.0794415416798357,5.365976015021851,3.044522437723423,7.72356247227797,3.713572066704308,132.05231323242185,20.98101974487305,345.8966857910156,429.6558471679688,1552.8400946670067,0,2511,67,2578,928.5858659362792,0.8050552275039479,6.293893949477668,37.47761193973914,0.3601962241799531,1.672263332480975
2258,3.4657359027997265,1.791759469228055,5.003946305945459,2.9444389791664403,4.127134385045092,3.5263605246161616,68.67383422851563,20.57529345703125,61.73261718749999,322.1674438476563,872.3430268384628,0,240,56,296,473.1491887207032,0.1916165595444211,3.3376843138881136,4.285714285637756,1.598476988915894,1.843695493159891
2259,0.0,1.6094379124341003,5.723585101952381,2.8903717578961645,4.356708826689592,3.8501476017100584,70.47125244140625,24.22827703857422,71.9088134765625,329.87321777343755,786.6879971953579,0,382,67,449,496.4815607299805,0.2179892443579117,2.9086365624059534,5.701492537228336,1.1057495784607456,1.5845261121824952
2260,4.343805421853684,2.0794415416798357,5.099866427824199,2.3978952727983707,6.536691597591305,3.1780538303479458,58.71082763671874,22.593257080078125,99.10162353515624,274.5128173828125,779.6020212331991,0,928,40,968,454.9185256347656,0.3610090941458534,2.598599547910652,23.19999999942,0.4699571545808839,1.7137179017796127
2261,3.7376696182833684,2.0794415416798357,5.648974238161206,2.9444389791664403,5.247024072160486,4.1588830833596715,29.60260620117188,20.14317704772949,100.51463012695312,244.2904174804688,784.4573524361386,1,513,88,601,394.5508308563233,0.4114554764907137,1.4696095918513028,5.829545454479209,0.6564905671475321,1.9882288696023875
2262,0.0,1.791759469228055,5.7430031878094825,3.1354942159291497,4.07753744390572,3.295836866004329,64.19915771484375,19.028944107055665,95.06013793945311,247.8687744140625,848.7912132567469,0,369,53,422,426.15701417541504,0.3835099365129087,3.3737635336090896,6.962264150812033,1.0098507444891118,1.991733527833887
2263,0.0,1.6094379124341003,5.438079308923196,2.995732273553991,6.9782137426306985,3.6635616461296463,88.5113525390625,19.15452296447754,184.00308837890623,325.33271484375,1180.2633396672506,0,1301,61,1362,617.0016787261964,0.5655843386875901,4.620911348123246,21.32786885210938,0.453011511546067,1.912901342670572
2264,0.0,1.9459101490553132,6.22455842927536,2.9444389791664403,6.453624998892692,3.2188758248682006,81.94921875,19.74243539428712,166.31900024414062,295.3943115234375,1058.9453896409316,0,1138,48,1186,563.4049659118652,0.5630406333345431,4.150917407563749,23.708333332839413,0.4750463456251182,1.8795457152656787
2265,4.74493212836325,1.9459101490553132,0.0,1.6094379124341003,0.0,3.332204510175204,30.48590698242188,17.90114437866211,7.8790649414062495,186.76820068359376,539.2205632744261,0,114,37,151,243.034316986084,0.0421863299669095,1.7030144182881175,3.081081080997809,1.6094987879766525,2.218701333865879
2266,0.0,1.6094379124341003,6.234410725718371,2.995732273553991,7.179307969504034,3.1780538303479458,98.92589721679688,17.723858047485354,228.8608703613281,317.57874755859376,1336.6210987020177,0,1820,46,1866,663.0893731842041,0.7206429023352147,5.581510354358255,39.56521739044424,0.35535336183486,2.015748031493023
2267,0.0,1.791759469228055,6.278521424165844,2.8903717578961645,5.402677381872279,3.6375861597263857,36.428741455078125,19.28736671447754,88.17352294921874,260.31126708984374,829.2546351427497,1,753,59,812,404.2008982086181,0.3387234211358506,1.888735875273484,12.762711864190464,0.497784357399163,2.051590282990166
2268,3.6375861597263857,1.6094379124341003,5.442417710521793,3.2188758248682006,4.276666119016055,3.5263605246161616,70.47372436523438,20.115020599365234,53.24820556640625,303.0088623046875,838.8086385769936,0,338,61,399,446.8458128356934,0.1757315121453026,3.5035372702504097,5.540983606466542,1.1199143178811366,1.8771769019206388
2269,3.8066624897703196,2.0794415416798357,5.983936280687191,3.091042453358316,4.276666119016055,3.4657359027997265,54.581396484375006,16.83129414367676,47.75866699218749,250.69669189453128,835.7931347148473,0,511,59,570,369.8680495147705,0.190503778215347,3.2428520359284128,8.661016949005745,0.6488913149370555,2.2597062271506383
2270,0.0,1.791759469228055,6.505784060128229,3.044522437723423,7.3864708488298945,3.5553480614894135,73.01997070312501,15.761164489746095,205.1854431152344,258.19248046875,1283.2930021987374,0,2281,59,2340,552.1590587768555,0.7946995309155569,4.632904551310118,38.66101694849727,0.2359654097335981,2.324136463574768
2271,0.0,2.0794415416798357,6.194405391104672,2.70805020110221,7.704361167910313,3.1354942159291497,62.19755859375,11.605775665283204,190.54083251953125,205.9560424804688,1456.321797108297,0,2706,43,2749,470.3002092590332,0.9251529123583518,5.3591901465444245,62.930232556676046,0.1710804689919469,3.0965790965725124
2272,3.912023005428146,2.3978952727983707,6.0063531596017325,2.4849066497880004,1.0986122886681098,3.1354942159291497,12.473986816406253,13.030423095703126,22.71961669921875,149.7264404296875,617.5798251928021,1,456,43,499,197.95046704101563,0.1517408457308266,0.9572971440629844,10.604651162544078,0.3966943227266912,3.119870513170948
2273,4.68213122712422,2.4849066497880004,5.8916442118257715,2.995732273553991,7.069874128458572,3.258096538021482,116.99417724609376,22.537298446655274,243.22510986328123,445.33417968750007,1326.2403810117305,0,1643,55,1698,828.0907652435303,0.5461631308726651,5.191135819487076,29.87272727218413,0.4876859630406611,1.6015640273685452
2274,0.0,2.0794415416798357,5.3706380281276624,3.044522437723423,6.269096283706261,3.295836866004329,68.6212646484375,18.798907470703124,73.37120361328124,287.49404296875,896.8992917328123,0,741,53,794,448.2854187011719,0.2552094744481412,3.650279397977197,13.981132075207904,0.5645912074314954,2.0007326901897
2275,0.0,2.0794415416798357,6.089044875446846,3.2188758248682006,7.79770203551669,3.4965075614664802,138.8514221191406,20.28355014038086,392.4255432128906,419.2736206054688,1656.0277444560124,0,2874,63,2937,970.8341360778808,0.935965259739587,6.845518715970098,45.61904761832351,0.3305529915143174,1.7057782404979829
2276,3.6635616461296463,2.0794415416798357,5.318119993844216,2.3978952727983707,6.725033642166843,3.332204510175204,72.973828125,19.502529281616216,172.09050292968746,289.1240112304688,1065.250263004932,0,1073,44,1117,553.6908715667724,0.5952134594311301,3.741762264141092,24.386363635809403,0.4956946030136765,1.9239079379955863
2277,3.6635616461296463,2.5649493574615367,6.129050210060545,2.6390573296152584,7.164720378771857,2.9444389791664403,72.72432861328123,13.644775543212893,166.3444885253906,260.7277954101562,1353.2089926003375,0,1788,43,1831,513.4413880920409,0.6380005946932996,5.329829602373014,41.581395347870206,0.2804158318360243,2.6355666371701263
2278,0.0,2.302585092994046,4.983606621708336,2.302585092994046,5.25227342804663,3.332204510175204,18.77113037109375,17.747039840698246,47.573876953124994,209.65660400390624,671.0042385151621,1,335,45,380,293.74865116882324,0.2269133241899296,1.0577048645030545,7.444444444279012,0.7730227662317112,2.284280237008606
2279,0.0,2.3978952727983707,5.863631175598097,2.8903717578961645,0.6931471805599453,3.4965075614664802,53.17569580078124,18.24210534667969,49.969775390625,287.10849609375,859.5389011751107,0,352,59,411,408.4960726318359,0.1740449205450689,2.914997736680922,5.966101694814134,0.9939077192964524,2.104154626592165
2280,3.8918202981106265,1.9459101490553132,5.641907070938114,2.9444389791664403,5.493061443340548,2.772588722239781,40.58865966796875,25.40411187744141,97.56276855468748,354.29864501953125,813.4339647188534,1,571,39,610,517.8541851196289,0.275368731791322,1.5977200802053364,14.64102564065023,0.8489412870799672,1.5707780068039272
2281,4.804021044733257,1.6094379124341003,0.0,1.791759469228055,0.0,2.833213344056216,33.20980224609375,19.859711517333988,12.486071777343748,192.25019531250004,516.0525245571167,0,121,25,146,257.8057808532716,0.0649469913774748,1.6722197709385302,4.8399999998064,1.765793019530861,2.0017104459299264
2282,0.0,1.6094379124341003,5.278114659230517,3.258096538021482,6.778784897685177,3.332204510175204,42.90320434570312,10.140363006591796,75.34176635742188,174.47373046875,1105.7477231197772,0,1073,56,1129,302.85906417846684,0.4318229807695005,4.2309337756037655,19.16071428537213,0.2682542641082361,3.651030640656468
2283,0.0,1.6094379124341003,5.69035945432406,2.6390573296152584,5.3612921657094255,3.2188758248682006,38.11327514648437,25.54790785217285,76.834423828125,319.9729248046875,721.4608800086068,1,507,41,548,460.4685316314698,0.2401278916795377,1.4918354710501665,12.36585365823498,0.8402710431215867,1.566797360616278
2284,4.499809670330265,2.1972245773362196,5.840641657373398,2.70805020110221,7.057036981697891,3.4011973816621555,68.78556518554687,15.531861328125,115.80441284179685,278.6213012695313,1135.127006657019,0,1592,51,1643,478.743140625,0.4156337376708858,4.4286749493804525,31.21568627389773,0.2913835305080393,2.3710564399371603
2285,0.0,1.6094379124341003,5.768320995793772,2.833213344056216,7.878912912297133,3.784189633918261,98.12828979492188,17.627134185791018,291.9077270507812,331.2845947265625,1498.5666377645746,0,2959,63,3022,738.9477457580566,0.881138850693726,5.566888454758279,46.968253967508446,0.2445227484307783,2.02797375912586
2286,0.0,1.791759469228055,6.3578422665081,3.1354942159291497,8.0519780789023,4.02535169073515,143.6899658203125,19.993223876953124,495.4985595703124,419.1049438476562,1850.201516468555,0,3715,82,3797,1078.286693115234,1.182278011373788,7.186933267863915,45.304878048227984,0.2839838538622465,1.7158716028679697
2287,3.6888794541139363,2.1972245773362196,5.424950017481403,2.5649493574615367,7.542213463193403,3.970291913552122,38.89967651367188,9.632055038452147,116.84943237304688,138.01717529296874,1172.2387430137956,0,2150,72,2222,303.39833921813965,0.846629646811451,4.038564600632142,29.86111111069637,0.1365429069387952,3.863695318935503
2288,3.8501476017100584,2.5649493574615367,5.365976015021851,3.258096538021482,7.067319848653476,3.2188758248682006,106.13814697265624,20.28034680175781,203.1416015625,405.3801635742188,1306.6313495740872,0,1431,61,1492,734.9402589111328,0.5011138181279233,5.233546941032739,23.45901639305805,0.4925873048998929,1.7778742336257076
2289,0.0,1.9459101490553132,5.41610040220442,2.6390573296152584,5.598421958998375,3.332204510175204,34.37523193359375,20.119665939331057,82.21563720703124,293.95883789062503,851.413213484163,1,493,46,539,430.6693729705811,0.2796841823049457,1.7085389009708445,10.71739130411484,0.7990155342667571,1.9769532428310053
2290,0.0,2.3978952727983707,5.308267697401205,2.833213344056216,5.75890177387728,3.091042453358316,32.87807006835938,10.314206497192384,17.449914550781248,150.48032226562503,779.6757036515272,0,517,47,564,211.12251338195804,0.1159614379338118,3.1876490037426946,10.999999999765958,0.3743306974850775,3.693001239698501
2291,3.9512437185814275,2.3978952727983707,5.429345628954441,2.3978952727983707,7.0707241072602764,3.367295829986474,103.39249877929689,22.70921095275879,229.0138000488281,381.9857299804688,1191.52155416605,0,1454,48,1502,737.1012397613526,0.5995349618425228,4.552888208658061,30.291666666035592,0.49074649784345,1.6164964727914528
2292,3.6635616461296463,2.1972245773362196,5.831882477283517,3.332204510175204,1.3862943611198906,3.258096538021482,82.89893188476563,22.30003184509277,101.01643066406248,326.840478515625,897.4093117293464,0,381,60,441,533.0558729095459,0.3090695226078743,3.717435582913327,6.349999999894167,1.208743475982624,1.6835182901735783
2293,0.0,1.3862943611198906,5.638354669333745,2.8903717578961645,7.755767170102998,3.5553480614894135,98.36987915039062,17.224261962890626,271.7034851074219,321.9127075195313,1466.486036221367,0,2614,54,2668,709.2103337402344,0.8440284547949786,5.711123028470868,48.40740740651098,0.2658209646701531,2.0677730800753324
2294,0.0,2.0794415416798357,5.765191102784844,2.9444389791664403,5.365976015021851,3.258096538021482,29.27861938476562,19.36324392700196,70.81122436523437,259.76220703125,783.4390503120861,1,531,50,581,379.2152947082519,0.2726001798885356,1.5120720212807237,10.6199999997876,0.6526941389115305,2.065947922571944
2295,4.356708826689592,1.791759469228055,5.673323267171493,2.8903717578961645,7.879669914604289,3.7376696182833684,25.65955810546875,11.93756071472168,27.188031005859376,122.34744873046876,614.6713100942261,0,3009,63,3072,187.13259855651856,0.2222198442856977,2.149480845921504,47.76190476114664,0.0609155594259302,3.2846832397579084
2296,3.6635616461296463,1.6094379124341003,5.8998973535824915,2.1972245773362196,7.034387929915503,3.2188758248682006,51.29027709960937,8.49436587524414,165.8267578125,163.66636962890627,1618.3524462065466,0,1536,36,1572,389.2777704162598,1.0131999517523298,6.038152564519368,42.666666665481486,0.2476321694758347,4.157320477025605
2297,0.0,1.6094379124341003,5.318119993844216,2.9444389791664403,6.236369590203704,3.091042453358316,69.457763671875,19.26628056335449,78.5230224609375,294.908935546875,903.3061665076052,0,713,43,756,462.156002243042,0.2662619303652473,3.605146485844408,16.581395348451597,0.6113174632836385,1.9545481658174235
2298,4.727387818712341,1.9459101490553132,0.0,2.302585092994046,0.0,3.4339872044851463,28.794781494140626,17.005412063598634,8.213598632812499,176.2327880859375,537.9095923641808,0,112,45,157,230.24658027648923,0.0466065294771404,1.6932716116938298,2.4888888888335803,1.4665387278663868,2.3362327106700187
2299,4.330733340286331,2.5649493574615367,6.148468295917647,2.3978952727983707,7.02197642307216,3.4339872044851463,92.60205688476564,21.72054689025879,240.4150268554688,356.20744628906255,1210.8866510993296,0,1662,52,1714,710.9450769195557,0.6749298178895927,4.263339102296378,31.96153846092382,0.4147870927182853,1.7032070273898805
2300,4.574710978503383,1.9459101490553132,5.814130531825066,2.4849066497880004,3.1354942159291497,3.1354942159291497,17.887664794921875,17.135671188354493,26.012384033203123,218.00782470703123,660.3378979923448,1,452,39,491,279.0435447235107,0.1193185798172172,1.0438846892693971,11.589743589446416,0.5683167916964204,2.3664331624093715
2301,0.0,2.4849066497880004,5.746203190540153,2.4849066497880004,6.434546518787453,3.4011973816621555,32.15956420898437,11.475296997070313,33.709844970703124,159.28077392578123,793.9528703665778,0,934,51,985,236.62548010253903,0.2116378778156803,2.802503866731495,18.313725489836987,0.2402289138094404,3.355314355914553
2302,0.0,2.1972245773362196,5.746203190540153,3.258096538021482,7.443663683115591,3.713572066704308,60.75280151367187,9.94990905761719,176.01888427734374,200.47060546875,1584.343606876419,0,2020,73,2093,447.1922003173828,0.8780283965566419,6.105865003967697,27.67123287633327,0.2136608697167554,3.5428694993974186
2303,3.6109179126442243,2.3978952727983707,5.934894195619588,2.9444389791664403,7.016609683894219,3.4339872044851463,77.19735717773438,17.620263473510747,180.31525268554685,290.34777832031256,1183.4751225330524,0,1527,58,1585,565.4806516571045,0.6210319697573214,4.38116928781497,26.32758620644263,0.356770127228232,2.092865810815741
2304,0.0,1.9459101490553132,5.749392985908253,2.8903717578961645,3.295836866004329,2.772588722239781,54.0191162109375,18.397282653808595,26.1828369140625,264.77431640625,757.6370932807329,0,339,38,377,363.37355218505866,0.0988873742338007,2.936255164662496,8.921052631344184,0.9638555760851322,2.085008908113376
2305,0.0,2.1972245773362196,6.030685260261263,2.1972245773362196,7.3453648404168685,2.995732273553991,59.41565551757813,19.410665313720703,250.6326416015625,315.7233032226563,1272.5010521849042,1,1963,35,1998,645.1822656555175,0.7938363720463675,3.060979855879456,56.085714284111845,0.3229140468744718,1.9723125075207184
2306,4.330733340286331,1.0986122886681098,4.762173934797756,2.0794415416798357,5.981414211254481,3.6109179126442243,31.81283569335937,15.537699188232422,39.09424438476562,155.23081054687498,611.7121680055615,0,586,45,631,241.6755898132324,0.2518459076956794,2.047461165640636,13.02222222193284,0.3830041042992859,2.531129306338978
2307,4.634728988229636,2.302585092994046,5.645446897643238,2.9444389791664403,6.742880635791903,3.091042453358316,63.19753417968749,14.305471618652344,123.94473266601564,259.45927734375,1186.876313870334,0,1231,48,1279,460.9070158081055,0.4777039924509124,4.417717630005919,25.645833332799047,0.3603651413664934,2.575088408638813
2308,0.0,2.3978952727983707,6.129050210060545,2.6390573296152584,7.323170717943469,3.258096538021482,106.58441162109376,19.78131953430176,287.7180908203125,351.67554931640626,1390.0838224198108,0,1972,48,2020,765.7593712921143,0.8181350434477642,5.388134569631876,41.08333333247743,0.3790887976691758,1.8153010913499088
2309,0.0,1.791759469228055,4.74493212836325,3.044522437723423,6.715383386334681,3.6109179126442243,56.84073486328125,19.93410182189941,80.033203125,276.67119140625,836.0849637118135,0,938,61,999,433.47923121643066,0.2892719069084212,2.8514319515507407,15.377049180075788,0.4339131443603571,1.9287774442241687
2310,3.6109179126442243,2.0794415416798357,5.583496308781699,2.772588722239781,6.77078942390898,3.1354942159291497,27.112554931640624,11.42622903442383,37.07111206054688,147.63175048828126,761.2844492663129,0,1172,44,1216,223.24164651489252,0.2511052801154614,2.3728348913351662,26.636363635758265,0.1835868803574909,3.4101363305081924
2311,4.02535169073515,2.0794415416798357,5.973809611869261,3.295836866004329,4.77912349311153,3.332204510175204,41.23976440429687,23.69771534729004,74.83837280273437,354.7289428710938,829.2274262576123,1,565,60,625,494.5047954254151,0.2109734046418624,1.7402422047099413,9.416666666509723,0.7912076726793982,1.6768844992545795
2312,0.0,1.6094379124341003,6.289715570908998,2.302585092994046,7.1459844677143876,3.2188758248682006,99.479443359375,20.881950759887697,263.3895263671875,330.2863037109375,1248.1367631761443,0,1806,37,1843,714.0372241973877,0.7974582155150621,4.763896079369268,48.810810809491606,0.3874320261513837,1.747999573239844
2313,3.6375861597263857,1.9459101490553132,5.3230099791384085,2.70805020110221,6.812345094177479,3.58351893845611,75.751611328125,22.50139311218262,152.4262939453125,309.477099609375,943.6153017427514,0,1149,55,1204,560.1563979949951,0.4925285073991385,3.3665298387123115,20.890909090529256,0.4652461777363205,1.6845568579036347
2314,4.330733340286331,2.3978952727983707,5.308267697401205,2.6390573296152584,6.434546518787453,3.4339872044851463,65.80211791992188,23.264022216796874,119.95900268554686,289.3150634765625,824.1451438376905,0,898,53,951,498.3402062988281,0.414631029728081,2.8284927388688423,16.94339622609541,0.5240170413231379,1.653780155442326
2315,4.189654742026425,1.791759469228055,6.363028103540465,2.5649493574615367,7.3727463664043285,3.1354942159291497,108.99898681640626,20.920405792236327,288.3584838867188,373.5794311523438,1365.5183800126304,0,2235,39,2274,791.8573076477052,0.771879980106174,5.210175552696314,57.30769230622288,0.3482222109267181,1.7244500578864654
2316,0.0,1.0986122886681098,5.87493073085203,2.0794415416798357,6.731018100482083,3.6109179126442243,35.60213012695313,19.21358015441895,155.1232727050781,223.05780029296872,892.747662146857,1,1192,45,1237,432.9967832794189,0.6954398030494363,1.8529670076564049,26.48888888830025,0.3500378199507428,2.061788208640554
2317,0.0,1.9459101490553132,6.269096283706261,2.0794415416798357,7.476472381163905,3.4339872044851463,111.850927734375,20.16815510559082,309.88811645507815,360.88564453125,1423.557330293847,0,2292,43,2335,802.792843826294,0.8586878451669347,5.545917667889358,53.30232558015577,0.3438084984265311,1.7732561285761772
2318,4.174387269895637,2.1972245773362196,4.976733742420574,2.9444389791664403,0.6931471805599453,3.4657359027997265,72.70109252929687,24.00371900939941,40.798773193359374,388.26807861328126,838.042896415021,0,209,57,266,525.771663345337,0.1050788757576186,3.02874285846288,3.6666666666023393,1.9765852005389488,1.593929370558307
2319,3.6888794541139363,2.1972245773362196,6.063785208687608,2.0794415416798357,6.371611847231857,3.091042453358316,44.440905761718746,12.405567489624024,111.36785888671874,154.23596191406253,979.4263288375972,0,1052,36,1088,322.45029405212404,0.7220615575247543,3.582335575966729,29.222222221410497,0.2963697555623416,3.0374490174173503
2320,0.0,2.302585092994046,5.983936280687191,2.4849066497880004,6.806829360392176,3.4011973816621555,93.49458618164064,21.82833773803711,174.73809814453122,372.8048950195312,1122.7535599607154,0,1299,49,1348,662.8659170837402,0.468711920037713,4.283174802378006,26.51020408109163,0.4917402945721428,1.693786829316167
2321,0.0,1.9459101490553132,5.739792912179234,2.772588722239781,5.25227342804663,2.8903717578961645,32.49376831054687,22.594978500366214,96.29950561523437,280.28569335937505,765.8829311549083,1,500,38,538,431.6739457855225,0.3435762434417873,1.4380968899165858,13.157894736495846,0.8023679289678813,1.7742162542597917
2322,3.6635616461296463,1.6094379124341003,4.941642422609304,2.70805020110221,4.382026634673881,3.044522437723423,61.08074340820312,19.47207261657715,49.918798828125,261.68822021484374,768.2365920667185,0,256,38,294,392.159835067749,0.1907567669150386,3.1368383123770007,6.7368421050858736,1.33387699002182,1.9589884617634032
2323,3.6888794541139363,2.0794415416798357,5.424950017481403,2.1972245773362196,7.038783541388542,3.1780538303479458,77.15599365234374,21.04439794921875,178.84649047851562,306.819580078125,1043.0779757932614,0,1404,38,1442,583.8664621582031,0.582904423610753,3.666343595804399,36.94736842008034,0.4049004591940348,1.7865009268315275
2324,0.0,1.791759469228055,6.2422232654551655,2.772588722239781,7.029972911706386,3.1780538303479458,91.71134033203126,20.837218780517578,241.80573120117188,310.1965576171875,1175.492695546559,0,1642,43,1685,664.5508479309083,0.7795242250844188,4.401323482449508,38.18604651073986,0.3943921946175157,1.7688529014818188
2325,3.6635616461296463,2.3978952727983707,6.025865973825314,2.302585092994046,5.375278407684165,3.295836866004329,36.63209838867188,25.53119261169434,125.93441162109372,321.59600830078125,800.4621864126527,1,666,45,711,509.6937109222412,0.3915919612500868,1.4347977763662347,14.799999999671112,0.7168687917321017,1.570476875146691
2326,3.8066624897703196,2.0794415416798357,5.777652323222656,3.1780538303479458,1.0986122886681098,3.367295829986474,79.50910034179687,21.81174224853516,58.72340698242187,365.4743408203125,906.2782574601335,0,368,58,426,525.5185903930663,0.1606772361924387,3.645242981151188,6.344827586097503,1.2336117145348189,1.7245408136381055
2327,0.0,1.6094379124341003,6.208590026096629,3.2188758248682006,7.419380582918692,3.1354942159291497,107.45831909179688,19.377634002685543,279.2400512695312,369.085400390625,1430.6910505238254,0,2163,50,2213,775.1614047546386,0.7565730071502105,5.545481923714669,43.259999999134806,0.3502762786960182,1.84566858172568
2328,0.0,2.0794415416798357,6.054439346269371,2.4849066497880004,5.3706380281276624,3.295836866004329,27.36106567382812,23.39567344665528,85.58646240234374,277.5989135742188,714.9135733674169,1,639,44,683,413.9421150970459,0.3083097887526604,1.16949254463843,14.522727272397212,0.6060645901851243,1.7270858588478808
2329,3.8066624897703196,1.791759469228055,5.0238805208462765,3.2188758248682006,7.119635638017636,3.1780538303479458,87.02720947265625,18.526269424438475,153.16864013671875,317.97462158203126,1138.248331315504,0,1430,52,1482,576.6967406158446,0.4817008331487943,4.6975031763901125,27.49999999947116,0.3891341029793896,1.973738103839488
2330,3.5553480614894135,1.6094379124341003,5.783825182329737,2.6390573296152584,3.5553480614894135,3.258096538021482,72.44154052734375,24.7034439239502,62.81427612304687,341.71157226562497,779.0507488033742,0,392,42,434,501.6708328399658,0.1838225018438509,2.932447020238284,9.333333333111112,1.155923577969608,1.552912184253575
2331,0.0,1.9459101490553132,6.016157159698354,2.70805020110221,5.429345628954441,2.8903717578961645,33.93737182617188,19.76695440673828,105.44820556640624,281.37864990234374,886.255265348723,1,636,37,673,440.53118170166016,0.3747555317456698,1.7168740882452904,17.18918918872462,0.65457827890194,2.0117878192488714
2332,0.0,2.0794415416798357,5.986452005284438,3.258096538021482,7.259819610363186,3.6635616461296463,61.64154052734375,13.908292556762698,167.2238342285156,209.51718750000003,1197.629634787879,0,1818,70,1888,452.2908548126221,0.7981389795417976,4.431999130830727,25.97142857105755,0.239560834116728,2.6479191919133376
2333,3.871201010907891,1.791759469228055,5.955837369464831,3.1354942159291497,6.992096427415888,3.4657359027997265,34.6748291015625,11.073672180175782,29.364093017578124,149.24794921875002,772.902259251472,0,1519,58,1577,224.36054351806644,0.1967470452431005,3.131285497190941,26.189655171962247,0.1422704778173266,3.444911690480861
2334,0.0,5.932245187448011,5.673323267171493,6.669498089857879,0.0,6.990256500493881,143.17811279296873,20.365953781127928,38.388537597656246,8494.640698242189,14702.78165171293,0,290,2248,2538,8696.57330241394,0.0045191478911633,7.030267981783116,0.1290035587188038,3.426545824432827,1.690640800742763
2335,4.007333185232471,2.5649493574615367,5.093750200806762,2.5649493574615367,0.6931471805599453,3.2188758248682006,32.11869506835938,9.754864654541016,22.40897827148437,152.16536865234374,842.5475178189594,0,217,48,265,216.4479066467285,0.1472672689574688,3.2925823373792404,4.52083333323915,0.816784553380799,3.89261107149544
2336,0.0,1.3862943611198906,6.222576268071369,2.4849066497880004,6.966024187106113,2.9444389791664403,49.933520507812496,10.064515731811523,139.45594482421876,171.39796142578126,1337.892376032148,0,1562,32,1594,370.851942489624,0.8136382933807083,4.961343579107662,48.81249999847461,0.2326549200058917,3.607618628196811
2337,0.0,1.9459101490553132,5.780743515792329,2.6390573296152584,1.6094379124341003,2.995732273553991,60.803063964843744,20.1597625579834,76.68945922851562,283.16180419921875,836.8342563872313,0,327,38,365,440.8140899505616,0.2708326408822069,3.016060520898808,8.605263157668283,1.2077098354776818,1.898383639414036
2338,4.0943445622221,2.0794415416798357,4.955827057601261,2.70805020110221,4.955827057601261,3.1780538303479458,32.799957275390625,23.47136604309082,68.40098876953124,327.5805908203125,773.2948822010019,1,341,44,385,452.2529029083252,0.2088065980894526,1.3974456030286475,7.749999999823864,1.1746828646938976,1.7098726779340192
2339,3.6635616461296463,1.9459101490553132,5.926926025970411,2.1972245773362196,7.4109518755836366,3.091042453358316,99.67505493164064,20.15011262512208,295.69432983398434,343.59971923828124,1368.477663558343,0,2065,35,2100,759.1192166290283,0.8605779145822415,4.946625201609272,58.99999999831429,0.3614853412517461,1.8027177201934768
2340,0.0,2.0794415416798357,5.739792912179234,2.772588722239781,5.093750200806762,2.995732273553991,65.28021240234375,21.024289764404298,71.89288330078125,277.11181640625006,790.4362145073701,0,472,41,513,435.3092018737793,0.2594363684409826,3.104990139061109,11.512195121670436,0.8485559490700405,1.815804056296394
2341,3.713572066704308,1.791759469228055,5.267858159063328,2.1972245773362196,6.450470422144176,3.295836866004329,33.456005859375,11.612895858764649,63.57095947265624,138.85539550781252,818.6054881901686,0,865,39,904,247.4952566986084,0.4578213128824489,2.8809356652624825,22.17948717891848,0.2737779388255913,3.307560310877925
2342,3.6635616461296463,0.6931471805599453,6.0112671744041615,2.302585092994046,7.5443321080536885,3.713572066704308,107.71820068359376,21.37720088195801,336.60939331054686,317.56842041015625,1327.6586343109868,0,2334,50,2384,783.2732152862549,1.0599586472569855,5.038929150423391,46.6799999990664,0.3285542010427543,1.6950134492012292
2343,0.0,2.3978952727983707,5.8888779583328805,2.5649493574615367,6.739336627357174,3.1354942159291497,79.49805908203125,18.70605056762696,195.39953613281247,295.6077392578125,1165.6169201279884,0,1204,44,1248,589.2113850402832,0.6610095413020799,4.249858022695728,27.363636363014464,0.4721245072434383,1.9782661192914988
2344,0.0,2.4849066497880004,5.351858133476067,2.772588722239781,7.171656822768514,3.044522437723423,112.43479614257812,21.869557022094728,227.01296997070312,419.6574462890625,1290.388324147842,0,1511,46,1557,780.9747694244385,0.5409482709709726,5.141155626693514,32.84782608624244,0.5015894472857655,1.6522791448143428
2345,0.0,2.1972245773362196,5.225746673713202,2.70805020110221,6.040254711277414,3.4339872044851463,35.71452026367187,23.766811660766603,98.64920654296874,332.39304199218753,825.7629943231442,1,604,52,656,490.5235804595948,0.2967848121952883,1.502705569932437,11.615384615161243,0.7477493604555595,1.6834318006644335
2346,4.700480365792417,2.0794415416798357,5.575949103146316,2.6390573296152584,6.553933404025811,2.8903717578961645,90.23856811523436,21.931408401489257,131.25031127929688,372.2988647460937,1042.519774221051,0,1073,37,1110,615.7191525421142,0.3525401866816234,4.114581538000638,28.99999999921621,0.5547019392266302,1.6931741848781472
2347,0.0,1.791759469228055,6.0330862217988015,2.5649493574615367,7.562681246721884,3.2188758248682006,75.92184448242188,12.466500778198244,238.11789550781248,243.961669921875,1613.559991152352,0,2340,41,2381,570.4679106903076,0.976046341964662,6.09006856271216,57.07317073031529,0.2395917306552154,2.8284851100511488
2348,0.0,2.1972245773362196,6.139884552226255,2.4849066497880004,7.448333860897476,3.2188758248682006,77.94420776367188,12.968906021118164,248.56490478515624,249.2870361328125,1604.1118576951858,0,2179,43,2222,588.7650547027588,0.9971032133886472,6.010083474330053,50.674418603472695,0.2649707716932915,2.724536459627866
2349,3.828641396489095,1.791759469228055,5.973809611869261,2.4849066497880004,6.53813982376767,3.5263605246161616,74.13398437499998,19.11222592163086,146.21193237304686,292.50098876953126,1040.4223957860809,0,1127,49,1176,531.9591314392089,0.4998681645064488,3.878877566386323,22.99999999953061,0.4523462002030243,1.95583144323376
2350,3.7376696182833684,2.6390573296152584,4.919980925828125,2.9444389791664403,5.204006687076795,3.1354942159291497,51.8662353515625,16.933247131347656,41.702014160156246,244.17509765625,800.5815693325068,0,358,53,411,354.6765942993164,0.1707873348276228,3.062982247066022,6.754716981004629,0.8629600834512249,2.2572156781640573
2351,0.0,2.1972245773362196,5.327876168789581,2.833213344056216,7.081708586105575,3.1780538303479458,93.16351318359374,19.204344360351563,193.9817504882812,356.11105957031253,1256.2944126396203,0,1394,47,1441,662.4606676025389,0.5447226231103212,4.851168643439024,29.659574467454053,0.4597228782804158,1.896406042013458
2352,0.0,2.3978952727983707,5.916202062607435,2.833213344056216,0.6931471805599453,2.995732273553991,27.186712646484374,18.84348976135254,44.37509765625,291.6421142578125,812.6536626095423,1,371,45,416,382.0474143218994,0.1521560004083296,1.4427642113723955,8.244444444261235,0.9183832075023582,2.127101590387162
2353,3.6109179126442243,1.6094379124341003,5.575949103146316,3.091042453358316,7.950502434808851,3.5263605246161616,118.10571899414062,19.581215652465826,390.2287719726562,383.0580322265625,1643.2229150335793,0,3135,58,3193,910.9737388458252,1.0187197216656556,6.031582567920711,54.05172413699911,0.2853033945648418,1.8038093141012896
2354,3.6109179126442243,2.4849066497880004,5.796057750765372,2.4849066497880004,7.321849713788356,2.772588722239781,93.58917846679688,20.17899755859376,256.1269592285156,329.3362060546875,1269.1747959895863,0,1876,37,1913,699.2313413085938,0.7777066551413635,4.637949838211934,50.70270270133236,0.3655155992201925,1.815099983379668
2355,0.0,2.0794415416798357,5.707110264748875,2.772588722239781,5.176149732573829,3.5553480614894135,71.31566162109375,19.132733276367187,95.06173095703124,304.51662597656247,961.2785323275862,0,476,56,532,490.0267518310546,0.3121725477282663,3.727416286383696,8.499999999848216,0.9211029169739352,1.9616858237507864
2356,0.0,1.6094379124341003,5.765191102784844,2.6390573296152584,5.1298987149230735,3.2188758248682006,30.291119384765626,23.89668159484863,73.50501708984375,310.909130859375,739.4581530407492,1,486,41,527,438.601948928833,0.2364196152310941,1.2675868514743005,11.853658536296251,0.8322617626717281,1.6859436097924103
2357,3.6635616461296463,2.3978952727983707,5.978885764901122,3.1354942159291497,5.981414211254481,3.6888794541139363,42.27022705078125,9.979527465820311,69.76939086914062,149.67996826171876,1007.8148693683496,0,827,71,898,271.69911364746093,0.4661237684569866,4.235694244173411,11.647887323779608,0.3025602601861452,3.7093049581027167
2358,3.828641396489095,1.9459101490553132,4.983606621708336,2.5649493574615367,4.852030263919617,3.4657359027997265,64.3023193359375,21.746403121948244,46.758251953125,324.7784912109375,806.7014869263463,0,317,49,366,457.5854656219482,0.1439696692309972,2.956917471472854,6.469387754970013,1.250233512624858,1.762952601276612
2359,0.0,2.0794415416798357,5.934894195619588,3.044522437723423,4.890349128221754,3.6635616461296463,73.2065185546875,22.01491474914551,98.35768432617186,304.1500122070313,857.9478235928459,0,509,65,574,497.72912983703617,0.3233854360620494,3.325314650796167,7.830769230648757,0.8671239195752074,1.7237243555988513
2360,0.0,2.3978952727983707,6.156978985585555,2.70805020110221,7.988203597022576,3.295836866004329,126.20835571289064,18.46631909179688,399.3296813964844,389.9600097656249,1750.308512668001,0,3416,50,3466,933.9643659667968,1.0240272627838605,6.834516130619692,68.3199999986336,0.2694646179938048,1.8740634829834093
2361,3.6109179126442243,1.6094379124341003,6.102558594613569,2.70805020110221,5.247024072160486,3.6109179126442243,31.80162963867187,20.213386047363283,117.93746337890624,236.8049560546875,803.558668475312,1,671,54,725,406.7574351196289,0.4980362968044126,1.5732955162772897,12.425925925695816,0.561044738095266,1.9755229999348551
2362,4.406719247264253,2.1972245773362196,5.91350300563827,3.044522437723423,5.393627546352362,3.6375861597263857,40.45237426757812,13.274665191650392,38.038073730468746,156.72652587890627,715.8306838681319,0,669,65,734,248.49163906860355,0.2427034831335182,3.047336688384039,10.292307692149349,0.3385444673954564,2.880703296691704
2363,0.0,2.5649493574615367,6.030685260261263,2.995732273553991,6.152732694704104,3.713572066704308,60.13712768554687,16.41605763244629,119.60216674804686,239.9530151367188,998.839657265674,0,884,71,955,436.1083672027588,0.4984399411668251,3.6633111937316,12.45070422517675,0.4566579761280651,2.290347382394972
2364,0.0,2.0794415416798357,6.1092475827643655,2.6390573296152584,7.251344983372214,3.1354942159291497,79.68510131835937,13.63863331604004,234.9653137207031,258.73981933593745,1527.4963818391168,0,1858,42,1900,587.02886769104,0.9081142373943046,5.8426016350774095,44.238095237041954,0.30896256194249,2.6020805209198903
2365,3.6109179126442243,1.791759469228055,5.8944028342648505,1.9459101490553132,6.359573868672378,3.091042453358316,50.87763061523437,15.746335327148437,105.2681945800781,203.7787353515625,907.6151232028312,0,975,32,1007,375.67089587402336,0.5165808610891174,3.2310775526470965,30.46874999904785,0.3730594795170311,2.415984664153416
2366,0.0,2.302585092994046,6.1903154058531475,2.6390573296152584,1.0986122886681098,3.1780538303479458,67.506591796875,21.46370100402832,76.38041381835937,274.0635864257813,780.7573774265265,0,489,45,534,439.414293045044,0.2786959581686899,3.1451515179539715,10.866666666425186,0.8228732079479797,1.7768137945952407
2367,0.0,2.1972245773362196,5.991464547107982,2.70805020110221,3.6888794541139363,3.6375861597263857,30.147747802734376,18.714028976440428,75.01519775390625,252.74146728515623,802.7732453977752,1,438,59,497,376.6184418182373,0.2968060546589031,1.6109704563927512,7.423728813433496,0.757783585145834,2.131529304619332
2368,4.127134385045092,1.9459101490553132,5.424950017481403,3.1780538303479458,6.6895992691789665,3.4011973816621555,89.03523559570313,18.75730897521973,148.7942138671875,343.4981689453125,1168.295579614996,0,1090,58,1148,600.0849273834228,0.4331732373526669,4.746695579231585,18.793103447951843,0.5227220621802265,1.9468837264538883
2369,3.6635616461296463,2.5649493574615367,5.7899601708972535,2.833213344056216,2.4849066497880004,3.4965075614664802,28.00491943359375,9.834683670043946,22.50615234375,135.925927734375,767.4738084128878,0,375,60,435,196.27168318176268,0.1655765954201593,2.8475668735587347,6.2499999998958335,0.4511992716811758,3.910262529813013
2370,3.6635616461296463,2.0794415416798357,5.123963979403259,2.6390573296152584,6.982862751468942,3.332204510175204,72.81348266601563,18.15012661743164,189.77937011718748,283.4062133789063,1157.6204364080404,0,1282,47,1329,564.149192779541,0.6696372950115532,4.0117341436104805,27.2765957441005,0.4244914919331199,2.0519757029207786
2371,0.0,1.791759469228055,6.274762021241939,2.70805020110221,7.346655163176539,2.4849066497880004,63.69949951171874,11.546029907226565,188.6180603027344,197.7821044921875,1431.0099430517453,0,2080,30,2110,461.6456942138672,0.9536659587380985,5.517004547713214,69.33333333102222,0.2187894285372741,3.099801343290986
2372,3.6635616461296463,2.0794415416798357,5.2574953720277815,2.772588722239781,4.68213122712422,3.258096538021482,15.833990478515624,16.19502227783203,37.55857543945312,198.8647338867188,673.5563315467076,1,336,47,383,268.4523220825196,0.1888649370112003,0.9777072365755064,7.1489361700606615,0.7009199009969156,2.509035222042721
2373,3.8918202981106265,2.4849066497880004,5.680172609017068,2.3978952727983707,4.499809670330265,3.044522437723423,38.167327880859375,12.835029418945313,32.26497802734375,188.7802734375,812.1771177113702,0,429,41,470,272.04760876464843,0.1709128683821665,2.9736844873567883,10.463414633891135,0.5788246994980204,2.9854227405138074
2374,0.0,2.3978952727983707,5.0238805208462765,2.772588722239781,1.791759469228055,3.6635616461296463,38.80936889648437,14.876194793701172,18.819909667968748,196.3225341796875,699.5676739993647,0,156,63,219,268.8280075378418,0.0958621981246821,2.608823656322925,2.476190476151172,1.227525148569015,2.602287166445212
2375,0.0,2.3978952727983707,5.966146739123692,3.044522437723423,7.422373700986824,3.5263605246161616,110.40139160156252,19.967392593383792,285.08961181640626,363.16105957031255,1395.2642633982282,0,2061,63,2124,778.6194555816651,0.7850225245871228,5.529084034367862,32.714285713766444,0.3665816645862987,1.7919720004351918
2376,3.6635616461296463,1.9459101490553132,5.846438775057725,2.302585092994046,7.476472381163905,3.295836866004329,83.69917602539061,15.479505203247072,222.85041503906248,282.5060302734375,1401.741227462497,0,2148,41,2189,604.5351265411377,0.7888341881501674,5.407096345846138,52.39024390116122,0.2761695415901606,2.318709312195429
2377,3.6635616461296463,2.1972245773362196,6.030685260261263,3.2188758248682006,3.713572066704308,3.713572066704308,72.13271484375,19.223534454345703,86.02135620117188,301.0897338867188,933.5169858291158,0,493,72,565,478.4673393859864,0.2857000638661782,3.7523128231859175,6.8472222221271215,0.8468448484692735,1.95105686215728
2378,0.0,1.791759469228055,5.337538079701318,2.6390573296152584,4.3694478524670215,3.332204510175204,30.718927001953126,23.213227844238283,68.56188354492186,279.7676147460938,697.0181296599864,1,285,45,330,402.2616531372071,0.2450672627241037,1.3233371596037853,6.333333333192593,1.2189747064726912,1.732748136001192
2379,0.0,2.6390573296152584,5.805134968916488,2.995732273553991,7.252762418053187,2.9444389791664403,72.6303955078125,12.160751586914063,160.56183471679685,249.497021484375,1439.3080869873957,0,1742,50,1792,494.8500032958984,0.6435420902457893,5.972525216286472,34.8399999993032,0.2761439750533606,2.908574471856362
2380,3.7376696182833684,1.791759469228055,5.303304908059076,3.367295829986474,5.676753802268282,3.1354942159291497,25.03811645507813,14.173700637817385,67.98043212890624,201.2434204101563,864.1261989141587,1,532,55,587,308.43566963195804,0.337802011067079,1.7665193510935646,9.672727272551406,0.5254440709223724,2.8016415868582216
2381,4.30406509320417,1.3862943611198906,5.153291594497779,2.6390573296152584,7.1372784372603855,3.1354942159291497,87.8501953125,21.884640655517583,222.7898803710937,297.54580078125,1072.1931192874947,0,1502,38,1540,630.0705171203613,0.7487582744753162,4.014239789965976,39.52631578843352,0.4091366994285403,1.701703365182177
2382,0.0,2.0794415416798357,5.484796933490655,3.1354942159291497,6.9975959829819265,3.4965075614664802,89.19706420898436,18.30498957824707,147.6137878417969,334.7837768554688,1172.9977971054068,0,1333,61,1394,589.8996184844971,0.4409227628287469,4.872827915188207,21.85245901603521,0.4231704580230085,1.9884701741576825
2383,0.0,2.1972245773362196,5.5909869805108565,2.9444389791664403,5.0238805208462765,2.995732273553991,19.199267578125,16.31378530883789,45.82474365234375,200.56527099609377,698.0051168958743,1,418,45,463,281.9030675354004,0.2284779584447985,1.1768738654754176,9.28888888868247,0.608861916921796,2.476046546764679
2384,4.418840607796598,2.302585092994046,5.66988092298052,2.833213344056216,1.6094379124341003,2.8903717578961645,65.25203247070311,18.434530197143555,69.67062377929686,295.7712524414062,919.1256985698224,0,375,42,417,449.12843888854974,0.2355557654909799,3.5396634342910622,8.928571428358845,1.0770466160371048,2.046465151132091
2385,0.0,2.1972245773362196,4.875197323201151,2.9444389791664403,6.745236349484363,3.4965075614664802,46.83175048828125,16.742164489746095,37.23678588867188,210.074853515625,715.0345929669405,0,979,58,1037,310.88555438232424,0.1772548463813401,2.797233924811012,16.879310344536563,0.2997932057685867,2.2999929809710538
2386,3.6635616461296463,1.9459101490553132,5.793013608384144,2.995732273553991,6.618738983517219,3.970291913552122,64.40894165039063,18.948211990356448,121.591845703125,252.65196533203127,914.6436751555448,0,1113,77,1190,457.60096467590336,0.4812622199192064,3.3992094705174227,14.454545454357731,0.3845386257777469,1.9987800414742216
2387,3.58351893845611,2.1972245773362196,5.945420608606575,3.044522437723423,7.628031126930335,3.5263605246161616,54.44873657226563,8.692718399047852,194.1139709472656,167.485693359375,1715.7195508505918,0,2470,61,2531,424.7411192779541,1.1589883712013251,6.263717984004394,40.491803278024726,0.16781553507617,4.039447731745914
2388,3.6635616461296463,2.1972245773362196,5.2574953720277815,3.2188758248682006,4.499809670330265,3.258096538021482,62.88244628906249,19.11564880371094,46.121044921875,305.5648315429688,861.7923820497272,0,318,57,375,433.68397155761727,0.1509370194496302,3.2895794922516823,5.578947368323177,1.1564905908172287,1.9871437234641869
2389,0.0,2.3978952727983707,5.407171771460119,2.9444389791664403,5.521460917862246,3.1354942159291497,35.164599609375,23.27551332092285,95.71805419921876,344.63587646484376,857.3030800157356,1,471,50,521,498.7940435943604,0.2777367672245382,1.5107980272234856,9.4199999998116,0.957378202674478,1.7187516391258488
2390,0.0,1.791759469228055,5.225746673713202,2.772588722239781,2.3978952727983707,2.995732273553991,42.394317626953125,15.55867057800293,17.26671752929687,206.646240234375,699.0224262090364,0,195,39,234,281.8659459686279,0.0835568917664781,2.724803344327247,4.999999999871795,1.2045553246471083,2.479981836061738
2391,3.6635616461296463,2.0794415416798357,5.4510384535657,2.3978952727983707,6.385194398997726,3.4657359027997265,81.24834594726563,20.882948684692384,144.4166015625,313.57697753906257,1002.302963220839,0,862,48,910,560.1248737335206,0.4605459325981588,3.8906548672856553,17.958333332959203,0.6155218392669287,1.789427697681384
2392,3.6888794541139363,2.302585092994046,5.298317366548036,2.3978952727983707,5.365976015021851,3.4011973816621555,76.44721069335937,21.97790670776368,85.01934814453124,333.85605468750003,889.4376874278519,0,451,48,499,517.3005202331543,0.2546586978147136,3.4783663297140164,9.395833333137588,1.0366743892427208,1.719382936296393
2393,0.0,1.9459101490553132,4.919980925828125,3.332204510175204,4.219507705176107,3.4657359027997265,72.76503295898438,23.036689956665043,60.75609741210937,290.52333984375,739.8593735922428,0,203,64,267,447.0811601715088,0.2091263904806279,3.158658344263262,3.171874999950439,1.6744612740443234,1.6548659158591337
2394,0.0,2.4849066497880004,5.342334251964811,2.8903717578961645,5.4510384535657,3.295836866004329,21.24140625,15.80724865722656,47.14376220703125,209.9853515625,748.0689992239638,1,440,54,494,294.1777686767578,0.2245097663051743,1.343776308532057,8.148148147997256,0.5955015560246201,2.5429147912376693
2395,3.6635616461296463,1.791759469228055,5.655991810819852,2.8903717578961645,7.554858521040676,3.5553480614894135,91.2990234375,18.56327746582032,281.8685302734375,313.6802490234375,1381.4792180253407,0,2232,56,2288,705.4110802001953,0.8985855218811635,4.918259913998824,39.857142856431125,0.3083090385489017,1.958403060002005
2396,3.6888794541139363,1.9459101490553132,6.0844994130751715,2.0794415416798357,7.181591944611865,3.044522437723423,22.92099609375,9.154178787231446,38.75333862304687,101.1234375,729.1991109745051,0,1791,33,1824,171.9519510040283,0.3832280585068485,2.503883376542425,54.27272727108265,0.0942719029626831,4.240714378129862
2397,0.0,2.1972245773362196,5.666426688112432,3.044522437723423,7.380879035564116,3.4011973816621555,58.96510620117187,12.058489242553712,123.79339599609376,225.53115234375,1268.204398812264,0,1892,57,1949,420.3481437835693,0.5488971022808481,4.88992484964016,33.19298245555802,0.2156737525825313,3.017033422329624
2398,3.6635616461296463,1.3862943611198906,4.6443908991413725,2.833213344056216,4.875197323201151,3.367295829986474,58.91401977539063,21.775841903686526,63.687249755859376,247.40749511718752,694.5465260495564,0,271,47,318,391.7846065521241,0.2574184332024207,2.705476097468881,5.765957446685831,1.2320270646254463,1.772776455308178
2399,4.74493212836325,1.791759469228055,0.0,1.3862943611198906,0.0,3.4657359027997265,39.1005615234375,22.641237304687504,12.486071777343748,269.022216796875,601.7343710678365,0,114,39,153,343.2500874023437,0.0464127904600716,1.726962223642053,2.9230769230019726,2.2434646235300675,1.7530494329073687
2400,4.584967478670572,2.302585092994046,4.912654885736052,2.833213344056216,5.075173815233827,2.9444389791664403,28.51842041015625,21.597128540039066,63.46900634765625,294.5629760742188,760.1556387404798,1,391,43,434,408.1475313720704,0.2154683768928549,1.320472782109218,9.093023255602487,0.9404320999334792,1.8624531090098737
2401,0.0,2.0794415416798357,5.472270673671475,2.833213344056216,4.290459441148391,3.2188758248682006,54.8015625,20.287536849975588,41.96008300781249,277.25811767578125,750.4595230005227,0,309,47,356,394.3073000335693,0.1513394210398854,2.701242782825294,6.574468084966501,1.1076047753720837,1.903235174531968
2402,0.0,2.3978952727983707,6.025865973825314,2.9444389791664403,5.69035945432406,3.58351893845611,42.01463012695313,12.383044326782226,60.196948242187496,164.23092041015624,852.8475120414448,0,708,63,771,278.82554310607907,0.3665384575053402,3.3929160725598284,11.238095237916855,0.3616414307467152,3.058713712301174
2403,3.713572066704308,2.0794415416798357,6.061456918928017,2.4849066497880004,7.385230923066573,3.044522437723423,86.35039672851563,17.927988555908204,228.6410339355469,307.66124267578124,1302.5471380080671,0,2079,38,2117,640.580661895752,0.7431583905280836,4.816513378197254,54.71052631434973,0.3025888813866081,2.0333850449859665
2404,0.0,2.1972245773362196,5.402677381872279,2.4849066497880004,6.70196036600254,3.044522437723423,70.39627075195312,16.25968281555176,120.47195434570312,302.49078369140625,1157.3349009979902,0,1034,39,1073,509.61869160461424,0.3982665285703627,4.3294984008108885,26.5128205121407,0.4749475224642491,2.2709820500336617
2405,0.0,1.3862943611198906,5.420534999272286,2.70805020110221,6.07073772800249,3.332204510175204,26.932434082031246,19.1893006439209,96.67705078125,233.4314208984375,786.7963114110663,1,657,44,701,376.2302064056397,0.4141561166390645,1.4035130607617965,14.931818181478825,0.5367050020044265,2.091263003376916
2406,3.58351893845611,1.0986122886681098,5.648974238161206,2.5649493574615367,7.450079569807499,3.332204510175204,56.47307739257812,12.233390533447263,178.90224609375,182.36539306640623,1287.9963013986655,0,2037,41,2078,429.9741070861816,0.9810098455885424,4.616306267143112,49.68292682805652,0.2069172796371389,2.995520614308785
2407,4.584967478670572,2.302585092994046,5.214935757608986,2.5649493574615367,4.406719247264253,3.332204510175204,67.62425537109375,23.14467041015625,54.718560791015626,360.7255737304688,839.3254849972169,0,361,48,409,506.2130603027345,0.1516902730931663,2.9218067991366747,7.5208333331766495,1.2376847440134395,1.6580478672233598
2408,0.0,2.302585092994046,5.91350300563827,2.302585092994046,6.529418838262226,3.367295829986474,33.881341552734376,12.280552459716796,28.19163208007813,152.43559570312502,711.8905970878436,0,1053,46,1099,226.78912179565432,0.1849412661777346,2.758942780556045,22.89130434732845,0.2063595284762948,3.138997988299215
2409,0.0,1.9459101490553132,5.986452005284438,2.5649493574615367,7.29641326877392,3.295836866004329,61.646813964843744,13.967768875122072,153.41237182617186,221.56380615234377,1188.6135928594429,0,1871,44,1915,450.59076081848144,0.6924071873002378,4.4135047273175525,42.52272727176085,0.2352954364586141,2.63790049910862
2410,3.713572066704308,1.791759469228055,5.37989735354046,2.6390573296152584,6.432940092739179,3.4011973816621555,24.64524536132812,10.45830683898926,31.879467773437504,124.88792724609377,715.1890795700149,0,877,47,924,191.87094721984863,0.2552646078460667,2.356523454359982,18.65957446768809,0.2076525402809967,3.7274485268830873
2411,3.7376696182833684,1.9459101490553132,5.356586274672012,3.091042453358316,5.883322388488279,3.367295829986474,41.00114135742187,21.905148010253907,75.2605224609375,334.6357543945313,854.5391334804193,1,610,55,665,472.8025662231446,0.2249028129014014,1.8717582431471032,11.090909090707438,0.7109813025901257,1.807391064530099
2412,0.0,1.6094379124341003,5.869296913133774,2.0794415416798357,6.077642243349034,2.833213344056216,66.72908935546876,20.46365560913086,133.7768371582031,258.88267822265624,891.4223520040817,0,788,27,815,479.8522603454589,0.5167469607318781,3.2608586963530337,29.18518518410425,0.5887757795642579,1.8577016837650493
2413,0.0,1.0986122886681098,6.212606095751519,2.772588722239781,7.880048200971577,3.2188758248682006,137.4303955078125,20.137858108520508,437.5461730957031,398.28369140625006,1707.583776661596,0,3141,41,3182,993.3981181182862,1.0985791849767377,6.824479284757697,76.60975609569245,0.3121929975229334,1.718931962438599
2414,3.6888794541139363,1.6094379124341003,6.091309882077698,2.70805020110221,7.438383530044307,3.4965075614664802,100.9672119140625,20.080607162475587,289.1422485351562,325.0332275390625,1327.2986025838798,0,2179,50,2229,735.2232951507568,0.889577507885767,5.028095569625541,43.5799999991284,0.3298444572231615,1.8052999834695296
2415,3.7376696182833684,2.3978952727983707,5.58724865840025,2.5649493574615367,7.945909598613133,3.258096538021482,131.74118041992185,19.442833419799804,414.248291015625,418.30803222656255,1753.7241371796963,0,3130,47,3177,983.7403370819092,0.9902948523595908,6.775822102090638,66.59574467943413,0.3096444246401005,1.7827104074841786
2416,3.5263605246161616,1.791759469228055,4.948759890378168,2.4849066497880004,5.375278407684165,3.4657359027997265,12.419934082031247,11.865784973144534,44.389434814453125,112.26126708984376,618.3047911148192,1,388,47,435,180.93642095947263,0.395411845641582,1.04670142844272,8.255319148760526,0.4159457953081764,3.4172489310479617
2417,0.0,1.791759469228055,6.129050210060545,2.772588722239781,7.619233416226805,3.332204510175204,84.294580078125,14.59335795593262,241.9044982910156,267.26488037109374,1481.2892835848634,0,2494,47,2541,608.0573166961669,0.9051114308555218,5.776229180898054,53.06382978610503,0.2392984323872206,2.436101405095986
2418,4.6913478822291435,2.5649493574615367,5.673323267171493,2.9444389791664403,4.48863636973214,3.4011973816621555,58.537133789062494,17.455840393066406,36.92774047851562,275.44398193359376,843.61513941001,0,486,59,545,388.3646965942383,0.1340662454091459,3.3534411674020834,8.237288135453605,0.7125957735661023,2.1722240636337835
2419,4.477336814478207,2.0794415416798357,4.736198448394496,2.3978952727983707,3.295836866004329,3.1780538303479458,51.83162841796874,21.58995346069336,60.46616821289062,241.83599853515625,677.5847988442488,0,226,40,266,375.723748626709,0.250029642315019,2.400729047884823,5.649999999858751,1.4124952955838217,1.8034122179368623
2420,0.0,1.9459101490553132,5.488937726156687,2.6390573296152584,7.15305163493748,3.1780538303479458,85.62150878906249,17.329338455200197,197.444970703125,328.795751953125,1319.1726510013434,0,1518,42,1560,629.1915699005126,0.6005094942062189,4.940841163987325,36.1428571419966,0.403327929423147,2.096615266488446
2421,0.0,2.0794415416798357,5.4638318050256105,2.1972245773362196,4.07753744390572,3.258096538021482,17.219915771484374,17.789990524291994,41.212957763671874,205.1488037109375,642.8213629993725,1,293,40,333,281.3716677703857,0.200892995805823,0.9679553087452664,7.3249999998168756,0.8449599632718943,2.284598758968385
2422,3.5553480614894135,1.6094379124341003,5.840641657373398,3.1354942159291497,4.727387818712341,3.258096538021482,69.33565063476563,20.57539324951172,70.75387573242186,280.83131103515626,813.2524867052673,0,489,51,540,441.49623065185546,0.2519443984766801,3.369833557521007,9.588235293929642,0.8175856123167368,1.842037214004485
2423,3.8066624897703196,1.3862943611198906,6.20455776256869,2.302585092994046,7.231287004327616,3.58351893845611,85.00468139648437,18.241272079467777,246.44459838867184,287.2203735351563,1278.1123892155065,0,1919,47,1966,636.9109253997804,0.8580331379509488,4.660019379213411,40.82978723317384,0.3239628308237316,2.006736481104082
2424,3.7612001156935624,1.791759469228055,5.4680601411351315,2.302585092994046,6.587550014824796,2.833213344056216,71.14559326171874,21.004555801391604,160.96964721679686,275.9534545898438,954.2421997192866,0,1003,30,1033,529.073250869751,0.5833217324837139,3.3871505749061366,33.433333332218886,0.5121715884503764,1.803610744162157
2425,3.6635616461296463,1.791759469228055,5.62040086571715,2.4849066497880004,5.2574953720277815,3.2188758248682006,20.30784301757813,19.136585266113283,71.26842041015624,229.26613769531247,720.08476672484,1,504,40,544,339.9789863891601,0.3108545427871206,1.0612051593383112,12.599999999685002,0.6249613720377485,2.1180272768343107
2426,3.8501476017100584,2.0794415416798357,5.978885764901122,2.833213344056216,4.8283137373023015,3.4965075614664802,75.59340820312501,19.018381072998046,111.32644042968748,330.8697875976562,1052.3556752019144,0,564,55,619,536.8080173034668,0.3364660195711976,3.974755154447736,10.25454545435901,0.8672181216520188,1.960394854917077
2427,0.0,2.0794415416798357,6.0014148779611505,3.1354942159291497,6.999422467507961,3.332204510175204,93.571875,19.158654373168943,198.60787353515624,329.9971435546875,1218.065448704573,0,1498,56,1554,641.3355464630126,0.6018472505403395,4.8840525630109095,26.749999999522323,0.4126998368485199,1.8992638961310444
2428,0.0,1.791759469228055,5.37989735354046,3.091042453358316,5.365976015021851,3.6109179126442243,29.795086669921872,21.370829132080075,62.90667114257811,252.70532226562497,688.9411595872742,1,429,62,491,366.77790921020505,0.2489329095973941,1.3941942301060195,6.919354838598076,0.7470018517504238,1.8783605617604275
2429,3.6635616461296463,2.302585092994046,6.3578422665081,3.2188758248682006,6.352629396319567,3.5263605246161616,47.20715332031249,12.400288467407226,69.14811401367189,183.2896728515625,942.4922161028668,0,1187,66,1253,312.0452286529541,0.3772613750546347,3.806939930517285,17.984848484575988,0.2490384905448564,3.020370541054014
2430,3.713572066704308,2.3978952727983707,5.634789603169249,2.5649493574615367,5.765191102784844,3.5263605246161616,65.93362426757812,21.638282958984377,74.55322265625,304.81611328125,825.1931105598102,0,637,55,692,466.9412431640625,0.2445842572213893,3.0470820808429675,11.581818181607604,0.6747705826060516,1.7672311508968734
2431,0.0,2.0794415416798357,5.438079308923196,2.70805020110221,5.241747015059643,3.332204510175204,28.90156860351562,23.097403701782227,67.12338867187499,304.7696411132813,739.7397414123662,1,417,48,465,423.8920020904541,0.2202430282309691,1.25129079334723,8.68749999981901,0.911595703418371,1.7451137029303243
2432,0.0,1.791759469228055,6.2285110035911835,3.4011973816621555,8.119993827725105,3.332204510175204,97.77249755859376,11.707104949951171,384.1896423339844,274.4646240234375,2187.7627653194263,0,3866,61,3927,768.1338688659669,1.3997783637856998,8.35155215300688,63.3770491792889,0.1956032260926333,2.848152976962828
2433,4.189654742026425,2.3978952727983707,5.697093486505405,2.70805020110221,4.394449154672439,3.4657359027997265,44.67046508789063,15.209791076660158,31.224737548828124,199.0437377929688,731.634754444017,0,442,55,497,290.14873150634776,0.156873749935047,2.936954548540889,8.036363636217521,0.5838002645991227,2.5215852250778803
2434,0.0,5.799092654460526,4.6443908991413725,6.551080335043404,0.0,6.620073206530356,136.33203735351563,21.50337350463868,5.198016357421875,8851.58309326172,14689.489986722365,0,103,1777,1880,9014.616520477295,0.0005872414349675,6.340030196553403,0.0579628587506708,4.795008787485372,1.6295191207915043
2435,3.6635616461296463,1.3862943611198906,6.263398262591624,2.5649493574615367,7.795646536334594,2.3978952727983707,117.63770141601562,17.75583155822754,425.11107788085934,317.01075439453126,1719.3508424121023,0,2991,25,3016,877.5153652496338,1.3409989156091922,6.625299469845466,119.6399999952144,0.2909533704407635,1.9593398708420628
2436,0.0,1.3862943611198906,6.018593214496234,2.5649493574615367,6.905753276311464,2.833213344056216,78.79801025390624,18.897811798095702,159.35114135742188,308.3858642578125,1109.4008081552004,0,1407,31,1438,565.4328276672363,0.516726477526501,4.1696896493422,45.38709677272945,0.3932078078350786,1.9620382013018407
2437,0.0,2.5649493574615367,5.1298987149230735,2.3978952727983707,4.672828834461906,2.6390573296152584,82.32907104492188,22.280657135009765,58.95439453125,398.0960815429688,946.683893472558,0,274,35,309,561.6602042541505,0.1480908686732165,3.695091690624442,7.828571428347756,1.8176705639234072,1.6855100046263904
2438,3.6635616461296463,2.302585092994046,4.955827057601261,2.3978952727983707,6.9957661563048505,3.258096538021482,77.22652587890624,17.629409454345705,129.26381835937497,271.6022827148438,1036.7513204620882,0,1270,44,1314,495.7220364074707,0.4759305299897408,4.380550923983964,28.86363636298037,0.3772618237496906,2.091396476891364
2439,4.189654742026425,2.0794415416798357,5.455321115357702,2.70805020110221,3.58351893845611,3.258096538021482,77.78040161132813,23.16448420715332,75.26848754882812,360.27634277343753,877.9312334448662,0,333,46,379,536.4897161407471,0.2089187621068762,3.357743730117305,7.239130434625236,1.4155401481248853,1.636436276465188
2440,0.0,1.791759469228055,5.003946305945459,3.091042453358316,6.905753276311464,2.772588722239781,89.49270629882814,19.92756541442872,137.78009033203125,361.76689453125,1123.2557874190825,0,1145,41,1186,608.9672565765381,0.3808532301170768,4.490900139238249,27.92682926761154,0.5134631168431911,1.844525752881857
2441,0.0,2.5649493574615367,5.356586274672012,2.772588722239781,2.4849066497880004,2.833213344056216,83.2273681640625,23.144705337524417,46.278753662109374,405.3577880859375,907.8410359217517,0,222,43,265,558.0086152496337,0.1141676687168618,3.5959571291465244,5.162790697554354,2.105692887726521,1.626930142492492
2442,3.6635616461296463,1.3862943611198906,6.0014148779611505,3.1780538303479458,8.109525659752872,4.04305126783455,117.5589294433594,16.301860107421874,420.6155822753905,333.6409057617187,1867.7765837879465,0,3766,82,3848,888.1172775878905,1.260683492372866,7.211381318542052,45.9268292677326,0.2307997083128014,2.103074257105648
2443,3.6635616461296463,2.1972245773362196,5.730099782973574,3.044522437723423,2.1972245773362196,3.044522437723423,41.70910034179688,14.98432992553711,28.77786254882812,212.3588745117188,765.5552967524318,0,353,48,401,297.83016732788093,0.135515233892919,2.7835145479498853,7.354166666513455,0.742718621763437,2.5704424223321283
2444,0.0,2.0794415416798357,5.69035945432406,3.295836866004329,5.652489180268651,2.833213344056216,23.77694091796875,11.231693572998047,46.32973022460937,190.9403686523437,952.801103695002,1,579,49,628,272.2787333679199,0.242639786187498,2.116950641621278,11.816326530371096,0.4335648620501375,3.499359248171684
2445,0.0,2.5649493574615367,5.69035945432406,2.70805020110221,4.77912349311153,3.1354942159291497,33.86651000976562,10.08875033569336,32.801824951171874,164.6044189453125,906.9878177752294,0,413,48,461,241.3615042419433,0.1992766971940804,3.3568587664015426,8.604166666487414,0.5235607467275918,3.757798165122046
2446,3.912023005428146,2.4849066497880004,5.817111159963204,2.5649493574615367,5.655991810819852,3.332204510175204,81.91494140625,19.534427947998047,113.61879272460936,359.432958984375,1089.80275182355,0,669,50,719,574.5011210632324,0.3161056599966182,4.193362693810112,13.379999999732402,0.7990279847878072,1.8969549612100824
2447,0.0,2.302585092994046,5.560681631015528,3.1780538303479458,4.07753744390572,2.9444389791664403,70.30415039062498,19.541453338623047,61.79474487304687,338.5807250976562,944.7488174439804,0,317,50,367,490.2210736999512,0.1825111126897168,3.597693025629441,6.339999999873201,1.3357522444103962,1.927189319527916
2448,0.0,1.6094379124341003,6.042632833682381,3.044522437723423,7.321188556739478,3.295836866004329,90.29888305664062,17.487853820800783,221.4246643066406,314.4100341796875,1329.2693302659775,0,1931,50,1981,643.6214353637695,0.7042544455797828,5.163520005186219,38.6199999992276,0.3248972414757418,2.065296861209448
2449,3.58351893845611,2.6390573296152584,5.25227342804663,2.70805020110221,7.029087564149662,2.9444389791664403,94.1936462402344,20.275282333374022,167.4914611816406,365.9201293945313,1170.0054478644256,0,1353,45,1398,647.8805191497803,0.457726830875148,4.64573783421707,30.06666666599852,0.4634338477462925,1.8058969413033577
2450,3.6635616461296463,1.9459101490553132,5.8664680569332965,2.772588722239781,7.142827401161621,3.044522437723423,85.49923095703124,17.372942779541017,203.24036865234373,294.0535034179688,1255.7461840878616,0,1654,41,1695,600.1660458068848,0.6911679891219181,4.921401747365261,40.34146341365021,0.3540802630127024,2.092331268753298
2451,0.0,2.0794415416798357,5.8888779583328805,2.6390573296152584,5.3981627015177525,3.258096538021482,39.173895263671874,23.29514749145508,111.5701721191406,332.9851318359375,866.4045574155194,1,580,45,625,507.02434671020507,0.3350605220829391,1.6816332790491952,12.88888888860247,0.8112389547350302,1.7088026700008017
2452,0.0,1.9459101490553132,5.921578419643816,2.9444389791664403,5.442417710521793,2.9444389791664403,98.02100830078123,21.596554733276367,111.2244873046875,394.1769287109375,1062.7138805261518,0,602,42,644,625.0189790496826,0.2821689429367131,4.538733585371834,14.333333332992064,0.970526364982472,1.7002905770001853
2453,3.6888794541139363,1.9459101490553132,5.497168225293202,2.8903717578961645,3.6888794541139363,2.6390573296152584,63.55579833984375,18.360529083251954,56.418310546875,293.11889648437506,888.3919452683174,0,321,36,357,431.4535344543458,0.1924758561230799,3.461545037629461,8.916666666418982,1.2085533177959027,2.0590674877418658
2454,3.7612001156935624,2.1972245773362196,5.472270673671475,3.044522437723423,3.7612001156935624,3.332204510175204,85.07785034179686,19.4215426940918,63.8736328125,345.04552001953124,974.9477811196105,0,321,55,376,513.4185458679199,0.1851165400110087,4.380591782922459,5.836363636257521,1.3654748560280705,1.898933704215124
2455,0.0,2.4849066497880004,5.552959584921617,2.833213344056216,5.3706380281276624,2.995732273553991,82.66607666015624,20.28714266967773,55.78747558593749,374.4193725585938,977.0476534310162,0,471,46,517,533.1600674743653,0.1489973000183322,4.074801365676728,10.23913043456002,1.0312573838942631,1.8325597002370413
2456,0.0,2.5649493574615367,5.455321115357702,2.8903717578961645,6.9650803456014065,3.091042453358316,74.14898071289062,16.775759628295898,163.80999755859375,281.7504272460937,1178.016879414327,0,1291,50,1341,536.4851651458739,0.581401061780585,4.420007341032863,25.819999999483603,0.4000635086841714,2.1958051330120574
2457,4.852030263919617,2.0794415416798357,5.552959584921617,2.772588722239781,4.219507705176107,2.772588722239781,32.490142822265625,19.72711724853516,65.52877807617188,319.74400634765624,883.6635503914197,1,451,37,488,437.4900444946289,0.2049413805265134,1.6469787456163272,12.189189188859752,0.8964959928150255,2.0198483634300133
2458,3.6635616461296463,2.302585092994046,5.37989735354046,2.8903717578961645,6.480044561926653,2.6390573296152584,41.376049804687504,10.842168594360352,68.62560424804687,184.36025390625,1053.9495395194435,0,905,39,944,305.20407655334475,0.3722364381347175,3.816215311611498,23.205128204533203,0.3233094031282006,3.453261671397685
2459,3.4965075614664802,1.3862943611198906,5.700443573390687,2.1972245773362196,7.566311014772463,2.995732273553991,83.03109741210938,17.39180355834961,253.9636413574219,297.7265258789063,1368.3684054175203,0,2261,30,2291,652.1130682067871,0.8530097901315754,4.774151060800874,75.36666666415445,0.2846412344855969,2.0983606557344867
2460,0.0,2.3978952727983707,5.991464547107982,2.4849066497880004,7.698936199813447,3.258096538021482,128.99207153320313,21.13196585083008,371.05999145507815,433.568115234375,1592.7766142449852,0,2604,46,2650,954.7521440734864,0.8558285962832795,6.104120763664404,56.6086956509433,0.360283827952123,1.66826188778972
2461,3.6635616461296463,2.0794415416798357,6.437751649736401,2.70805020110221,6.186208623900494,3.295836866004329,61.61665649414062,16.349251556396485,130.257861328125,228.06130371093752,1000.4331193142058,0,1147,47,1194,436.2850730895996,0.5711528400830888,3.768775364292742,24.404255318629698,0.3653978836593251,2.293072078371232
2462,4.969813299576001,2.1972245773362196,5.308267697401205,3.091042453358316,5.455321115357702,2.302585092994046,18.3548583984375,9.517837554931642,42.909521484375,157.85734863281252,949.3235302838318,1,577,38,615,228.63956607055667,0.2718246686374658,1.928469391348092,15.184210525916209,0.3717716521466421,4.152052711588531
2463,0.0,2.302585092994046,5.886104031450156,3.2188758248682006,0.6931471805599453,3.044522437723423,81.50476684570313,22.586925247192383,83.130029296875,353.1661010742188,900.774654924204,0,360,53,413,540.3878224639893,0.2353850753053153,3.6084932300480297,6.79245283006052,1.3084450907086704,1.6669040594129292
2464,0.0,2.3978952727983707,5.375278407684165,3.1354942159291497,5.476463551931511,2.8903717578961645,82.61581420898436,20.537367324829106,76.248193359375,358.73243408203126,975.5238245463598,0,453,49,502,538.1338089752197,0.2125489253690587,4.022707141488453,9.244897958995002,1.0719796991516888,1.812790440359544
2465,3.9318256327243257,2.0794415416798357,6.021023349349527,2.8903717578961645,7.202661196523238,2.6390573296152584,108.35002441406247,20.918065658569336,255.150439453125,366.16798095703126,1295.4397332508163,0,1803,37,1840,750.5865104827881,0.6968125361085827,5.179734406488769,48.72972972841272,0.4079274513491196,1.7259032971640336
2466,0.0,2.0794415416798357,5.8289456176102075,3.091042453358316,6.894670039433482,2.995732273553991,40.99010009765625,9.127354568481447,77.85873413085936,155.643896484375,1142.5698247479716,0,1325,47,1372,283.6200852813721,0.5002363464870935,4.490906952898733,28.19148936110231,0.2067201787763596,4.0285222522602
2467,0.0,2.1972245773362196,5.855071922202427,2.5649493574615367,4.948759890378168,2.5649493574615367,40.23451538085937,11.853116317749024,33.02325439453125,193.1348876953125,889.0841068259385,0,488,32,520,278.24577378845214,0.1709854433263108,3.394425086103071,15.24999999952344,0.5350880265152251,3.195319356400023
2468,3.5553480614894135,2.1972245773362196,5.493061443340548,3.044522437723423,4.927253685157205,3.332204510175204,33.3366943359375,21.942724868774416,80.13674926757812,315.41865234375,821.7240743408611,1,413,55,468,450.83482081604006,0.254064712634652,1.5192595511170086,7.509090908954381,0.963322266698882,1.822672154851892
2469,3.828641396489095,1.9459101490553132,5.8664680569332965,2.4849066497880004,6.6293632534374485,3.4011973816621555,37.81334838867188,9.683797439575194,80.75484008789061,156.22221679687502,1097.3102618599175,0,1153,46,1199,284.4742027130127,0.5169228919109095,3.904805797592753,25.065217390759454,0.2372595518872188,3.857327839892268
2470,0.0,0.6931471805599453,6.302618975744905,2.0794415416798357,6.429719478039138,2.1972245773362196,78.17442626953125,21.820648727416994,196.7790893554688,247.4212646484375,939.7731656126482,0,1164,16,1180,544.1954290008546,0.7953200369995608,3.582589465716701,72.74999999545312,0.4611825669494859,1.7269038208136906
2471,4.330733340286331,0.6931471805599453,5.1647859739235145,2.302585092994046,6.272877006546167,2.9444389791664403,53.08983764648438,21.64950961303711,88.70399780273438,260.3181518554688,761.0334720486684,0,778,28,806,423.7614969177247,0.3407522570751922,2.4522420411805537,27.785714284721937,0.5257586810387084,1.7959004713319455
2472,3.6635616461296463,1.791759469228055,5.662960480135946,2.6390573296152584,4.543294782270004,2.833213344056216,53.461779785156246,18.44562712097168,56.19688110351562,262.56086425781257,813.246662187917,0,418,34,452,390.6651522674561,0.2140337299016543,2.898344384370361,12.294117646697233,0.8643034342181235,2.0816974779185644
2473,3.912023005428146,2.3978952727983707,5.8971538676367405,2.70805020110221,5.2832037287379885,3.091042453358316,35.587957763671874,22.61489208984376,106.72261962890624,314.6096923828125,846.7188373747172,1,608,45,653,479.5351618652344,0.3392222878458191,1.5736514514734568,13.511111110810866,0.7343570625796325,1.765707511581618
2474,0.0,1.9459101490553132,4.770684624465665,2.772588722239781,7.569411792450712,3.4339872044851463,100.44283447265624,17.55455012512207,249.5350524902344,343.9405151367188,1442.937779197871,0,2054,51,2105,711.4729522247314,0.7255180518361348,5.721754972415509,40.27450980313188,0.3379919012942486,2.028099275852816
2475,0.0,2.1972245773362196,5.8805329864007,2.9444389791664403,7.20934025660291,3.6888794541139363,64.48804321289062,11.744197814941408,180.21648559570312,221.2729248046876,1456.7265097710776,0,1708,65,1773,477.7216514282227,0.8144533984623811,5.491055602397591,26.276923076518816,0.2694425557969279,3.0493206774549977
2476,4.290459441148391,1.791759469228055,4.804021044733257,2.833213344056216,4.04305126783455,3.367295829986474,61.03015136718749,22.34234884643555,35.08780517578125,263.4128540039063,659.388717236655,0,249,49,298,381.8731593933106,0.1332046050232905,2.731590657004378,5.081632652957518,1.2814535550068094,1.726721821147399
2477,3.6635616461296463,2.0794415416798357,5.1298987149230735,2.833213344056216,7.269616749608169,2.833213344056216,99.13172607421876,19.47901318359375,203.29134521484377,370.5415283203125,1286.4995352951182,0,1641,39,1680,692.4436127929688,0.548633094206275,5.089155448214572,42.076923075844185,0.4121688171384265,1.8579123433663705
2478,3.6375861597263857,1.9459101490553132,5.327876168789581,2.8903717578961645,7.641564441260972,2.833213344056216,114.60910034179688,20.098604736328127,321.2495178222656,384.452197265625,1489.455128995619,0,2324,39,2363,840.4094201660156,0.8356032820368378,5.702341124652258,59.58974358821565,0.3556535844966821,1.7722970414820167
2479,0.0,1.0986122886681098,6.267200548541362,2.5649493574615367,4.51085950651685,2.9444389791664403,39.93046875,23.015379272460937,118.69892578125,308.4564331054688,846.3576467984191,1,616,32,648,490.1012069091797,0.3848158541737371,1.7349472400849757,19.24999999939844,0.7563290230068263,1.726903820813341
2480,3.6375861597263857,2.302585092994046,5.54907608489522,2.6390573296152584,3.4339872044851463,2.995732273553991,43.11018676757812,15.452740859985353,24.51654052734375,210.38294677734376,731.4350355594433,0,323,41,364,293.462414932251,0.116532926754629,2.789808433041255,7.878048780295658,0.8062154256358374,2.4924317334668245
2481,3.912023005428146,1.3862943611198906,5.981414211254481,2.833213344056216,6.85751406254539,3.258096538021482,54.686865234375006,11.03462837219238,155.4928527832031,185.9833374023437,1340.2022601948572,0,1394,44,1438,407.19768379211416,0.8360579767744697,4.955931761801035,31.681818181098144,0.2831694602168504,3.291281639204453
2482,0.0,2.0794415416798357,5.293304824724492,1.9459101490553132,6.505784060128229,3.2188758248682006,73.36686401367187,20.971519500732423,145.9650146484375,272.47148437500005,923.4738857378404,0,866,37,903,512.7748825378419,0.5357074887404051,3.498404777374913,23.40540540477283,0.5678570127766047,1.8009343226125916
2483,4.709530201312334,1.6094379124341003,0.0,1.9459101490553132,0.0,2.772588722239781,32.60121459960937,19.175649032592776,8.100494384765625,209.17122802734377,557.3161430874266,0,110,25,135,269.04858604431155,0.038726618670843,1.700136174921489,4.399999999824,1.99295248920236,2.071433086786662
2484,3.6375861597263857,2.833213344056216,5.5053315359323625,2.302585092994046,6.580639137284949,3.367295829986474,48.083203125,13.653567260742186,106.20170288085936,300.0639038085937,1293.5893624630958,0,1002,53,1055,468.0023770751952,0.3539302846244709,3.5216586407957253,18.90566037700178,0.4436041488860205,2.7640657950172915
2485,0.0,2.1972245773362196,4.9344739331306915,2.772588722239781,5.442417710521793,3.1354942159291497,25.065307617187496,17.001999160766605,47.145355224609375,234.30922851562505,761.9611376769928,1,368,45,413,323.5218905181885,0.201209980174828,1.474256490586903,8.17777777759605,0.783345981882337,2.3552073600157204
2486,0.0,2.0794415416798357,5.68697535633982,2.1972245773362196,7.392031567514591,3.4965075614664802,97.07937011718748,20.50797843933105,240.6300842285156,354.75303955078124,1270.1215851636402,0,1916,47,1963,712.9704723358154,0.6783030937029991,4.733736696654161,40.765957445941154,0.363204519783725,1.7814504729778209
2487,4.3694478524670215,2.4849066497880004,5.733341276897746,2.772588722239781,5.6240175061873385,3.332204510175204,91.82488403320312,22.72510290527344,114.021826171875,361.31250000000006,965.9351942431664,0,662,53,715,589.8843131103516,0.3155767546695988,4.040680669826764,12.490566037500178,0.8250130253280092,1.6374993753407852
2488,3.5263605246161616,2.3978952727983707,5.988961416889864,2.9444389791664403,6.784457062637643,2.8903717578961645,61.36155395507813,14.42364587402344,111.56380004882811,234.0923583984375,1081.1704711500822,0,1314,45,1359,421.4413582763672,0.4765802728958118,4.254233256054507,29.19999999935112,0.3101113747432355,2.565411414696802
2489,0.0,2.302585092994046,5.560681631015528,2.833213344056216,6.376726947898627,3.4657359027997265,79.59034423828125,19.923898040771487,124.04987182617184,309.84199218749995,997.5260410341284,0,846,56,902,533.4061062927245,0.4003649439185863,3.994717503142004,15.107142856873088,0.5913593196143383,1.870106152262217
2490,0.0,1.791759469228055,5.2574953720277815,2.70805020110221,6.905753276311464,3.044522437723423,88.713720703125,19.18609231567383,187.15885620117183,328.0470336914062,1189.9252679643337,0,1188,39,1227,623.105702911377,0.5705244583210028,4.623855615769535,30.4615384607574,0.5078286087293147,1.9096683955910845
2491,3.4657359027997265,2.772588722239781,6.063785208687608,2.772588722239781,5.3706380281276624,2.772588722239781,46.1920166015625,23.23913397216797,88.78842773437499,359.061181640625,878.2971108347583,1,674,45,719,517.2807599487305,0.247279383776422,1.987682357479244,14.97777777744494,0.7194447287176788,1.6979118088987333
2492,3.6375861597263857,2.4849066497880004,5.545177444479562,2.6390573296152584,6.126869184114185,3.258096538021482,72.82798461914061,20.17272560119629,122.6177490234375,293.5096069335937,950.225464059919,0,749,49,798,509.1280661773681,0.4177640054240606,3.610220356698428,15.285714285402332,0.6380050954595615,1.8663780828123049
2493,0.0,2.1972245773362196,5.493061443340548,2.302585092994046,7.371489295214277,2.8903717578961645,44.61311645507812,14.353726272583009,54.919281005859375,183.2173828125,790.2181576704546,0,1831,34,1865,297.1035065460205,0.2997492932303406,3.1081208882452582,53.85294117488668,0.1593048292471105,2.659740259731308
2494,0.0,1.6094379124341003,5.43372200355424,2.995732273553991,7.662937850461535,3.091042453358316,108.32283325195311,18.75265864562989,299.3295959472656,354.64116210937505,1480.6666773792306,0,2355,44,2399,781.0462499542236,0.8440351203623261,5.776398711945851,53.52272727151085,0.3255715923109204,1.8957477581693984
2495,3.6635616461296463,2.1972245773362196,5.308267697401205,2.4849066497880004,7.382746449738912,3.295836866004329,81.43308105468749,17.554644927978515,225.53146362304685,292.6885986328125,1287.7030946771931,0,1846,45,1891,617.2077882385254,0.7705509017972134,4.638833846206765,41.02222222131062,0.3263922729974611,2.0863364319334585
2496,4.127134385045092,2.4849066497880004,5.834810737062605,2.8903717578961645,5.697093486505405,2.6390573296152584,39.68953857421875,23.125300689697266,79.41351928710937,367.52944335937497,876.5608550062972,1,699,41,740,509.7578019104004,0.2160738975387116,1.7162820542344286,17.048780487389056,0.6888618944725832,1.7195633921040994
2497,0.0,2.5649493574615367,5.3612921657094255,2.6390573296152584,3.6888794541139363,2.9444389791664403,28.37142333984375,22.11658332824707,41.01383056640625,352.20911865234376,807.8857922153692,0,251,43,294,443.7109558868408,0.1164473842222508,1.282812219115475,5.837209302189833,1.5092209383854815,1.8207479024240791
2498,0.0,1.6094379124341003,5.768320995793772,2.3978952727983707,4.8283137373023015,2.5649493574615367,28.6927734375,22.245959289550783,67.18551635742188,297.6456298828125,752.496403976802,0,443,26,469,415.7698789672852,0.2257231741774542,1.2897970846187592,17.038461537806214,0.8865029402268629,1.8098867716056992
2499,3.5263605246161616,2.4849066497880004,6.131226489483141,2.772588722239781,4.718498871295094,3.044522437723423,47.52718505859375,23.08655126953125,110.8246398925781,319.82834472656253,855.0498652785008,0,603,46,649,501.2667209472656,0.3465128770465332,2.0586524380217703,13.108695651888942,0.7723678288851976,1.7057782404963366
2500,3.6888794541139363,2.0794415416798357,5.631211781821365,2.9444389791664403,5.393627546352362,2.833213344056216,25.328155517578125,16.11915504455567,58.56091918945312,230.79111328125,819.5080420730325,0,536,41,577,330.79934303283693,0.253739922463284,1.5713078908910636,13.07317073138846,0.5733090867110289,2.477356921441064
2501,0.0,1.791759469228055,5.327876168789581,2.3978952727983707,2.6390573296152584,2.9444389791664403,10.360986328125,12.94333419799805,17.590100097656247,168.58553466796877,661.0399821841295,0,218,33,251,209.47995529174807,0.1043393202874482,0.8004882025627561,6.606060605860423,0.8345814951829224,3.1556240369649053
2502,0.0,2.4849066497880004,5.572154032177765,2.5649493574615367,6.48768401848461,3.332204510175204,21.666412353515625,13.410108535766604,86.55342407226563,167.4134033203125,859.6271951806137,1,918,50,968,289.0433482818604,0.5170041487427726,1.615677628120059,18.3599999996328,0.2985985002908696,2.974042475938159
2503,3.6635616461296463,2.3978952727983707,5.3706380281276624,2.8903717578961645,6.376726947898627,3.091042453358316,107.64470214843747,22.24457716369629,126.55887451171874,420.5851684570313,1108.7524566195211,0,839,48,887,677.0333222808838,0.3009114063049696,4.839143551772123,17.47916666630252,0.7632844670576331,1.6376630516243489
2504,0.0,2.1972245773362196,5.746203190540153,2.6390573296152584,3.367295829986474,2.70805020110221,26.716882324218748,9.80381785583496,21.90877075195312,126.81566162109377,729.142643063063,0,340,35,375,185.2451325531006,0.1727607652849731,2.7251508253585564,9.714285714008165,0.4939870201402843,3.936096096074848
2505,3.6375861597263857,1.0986122886681098,6.07993319509559,2.6390573296152584,7.00033446027523,3.5263605246161616,78.58542480468749,17.74457995605469,206.3610900878906,272.519677734375,1193.925799455248,0,1569,48,1617,575.2107725830078,0.7572337227268908,4.428700199997937,32.687499999319016,0.3557271320857465,2.0756318489860663
2506,4.418840607796598,2.6390573296152584,5.736572297479192,2.70805020110221,3.871201010907891,2.4849066497880004,65.49131469726562,19.315253723144536,72.87099609375,311.71809082031257,920.586355877424,0,438,38,476,469.3956553344728,0.233772110889522,3.3906525708952966,11.52631578917036,0.9861253263308544,1.9612161838598388
2507,3.4965075614664802,1.3862943611198906,6.391917113392602,3.6375861597263857,5.327876168789581,4.0943445622221,40.44545288085938,17.926671295166017,109.09302978515623,217.1420654296875,840.2433072204813,1,833,99,932,384.6072193908691,0.5024039426390144,2.256160790403373,8.414141414056422,0.4126686903331077,2.184678978592893
2508,3.6375861597263857,1.0986122886681098,5.438079308923196,2.995732273553991,6.923628628138427,2.995732273553991,44.943200683593744,12.332304840087891,94.83074340820312,191.15895996093752,1047.0179991622451,0,1281,40,1321,343.2652088928223,0.4960831730151978,3.644347205386555,32.02499999919938,0.2598525426892978,3.0501722051479603
2509,0.0,1.6094379124341003,5.703782474656201,2.833213344056216,2.70805020110221,2.8903717578961645,34.747833251953125,13.009072494506835,19.7343017578125,191.73211669921875,770.0326251019852,0,313,37,350,259.2233242034912,0.1029264272332001,2.6710461690450704,8.459459459230827,0.7406380691507158,2.9705375759109414
2510,3.6635616461296463,2.1972245773362196,5.733341276897746,2.6390573296152584,7.453561871643373,3.1354942159291497,112.8073974609375,19.12645133972168,296.135595703125,378.503759765625,1494.5595316387696,0,2071,43,2114,806.5732042694092,0.7823848193363101,5.897978430570752,48.16279069655436,0.3815388856523309,1.852974440169609
2511,4.290459441148391,2.1972245773362196,5.783825182329737,2.8903717578961645,4.499809670330265,3.2188758248682006,59.678009033203125,18.14027709960937,47.22022705078125,271.93963623046875,831.2467250303533,0,485,49,534,396.9781494140625,0.1736423115995804,3.2898069143165625,9.897959183471473,0.7434047741822455,2.0939357147368813
2512,0.0,2.0794415416798357,5.820082930352362,2.833213344056216,4.919980925828125,3.332204510175204,82.31885375976562,21.892778732299806,93.61527099609374,363.6688110351562,961.742280774659,0,472,50,522,561.4957145233153,0.2574190256496493,3.760091615714148,9.4399999998112,1.075662288356781,1.712822121161552
2513,0.0,2.3978952727983707,5.780743515792329,2.4849066497880004,6.9782137426306985,2.9444389791664403,31.634692382812496,17.370936950683596,116.53401489257811,235.21285400390627,914.6658676603748,1,1395,39,1434,400.75249822998046,0.4954406738763832,1.821127580556123,35.76923076831361,0.2794647825869602,2.282370968859667
2514,4.110873864173311,2.4849066497880004,5.043425116919247,2.9444389791664403,6.981934677156389,3.1780538303479458,97.60819702148436,21.521885009765622,157.22764892578127,395.1270263671875,1145.8216178722075,0,1290,52,1342,671.4847573242188,0.3979167164821404,4.535299625133162,24.80769230721524,0.5003612200623834,1.7064000416576162
2515,3.6635616461296463,1.3862943611198906,6.309918278226516,2.8903717578961645,7.902857191280582,3.4965075614664802,107.21837768554688,17.110653213500978,330.56707763671875,327.2449584960938,1604.8339689730744,0,3291,52,3343,782.1410670318604,1.0101517809621336,6.266176769609309,63.28846153724446,0.2339638250169388,2.0518472135227364
2516,3.6635616461296463,2.302585092994046,5.976350909297934,2.4849066497880004,7.325807502595773,2.772588722239781,72.10618286132812,17.19872007751465,164.20506591796874,274.55068359375,1137.93840980534,0,1949,35,1984,528.0606524505615,0.5980865309384671,4.192531917035276,55.68571428412327,0.266159603049544,2.154938839927525
2517,0.0,1.6094379124341003,5.8944028342648505,2.4849066497880004,7.572502985020384,2.995732273553991,94.0957580566406,16.888011199951173,286.85626831054685,306.27740478515625,1490.1840955241232,0,2305,34,2339,704.1174423522949,0.9365897184313376,5.571748913296606,67.79411764506489,0.301033536704572,2.116385713360037
2518,3.7612001156935624,0.6931471805599453,5.389071729816501,2.70805020110221,3.4657359027997265,2.4849066497880004,16.072119140625002,16.66371762084961,39.428778076171874,184.00224609375,624.8381493970523,1,291,26,317,256.1668609313965,0.2142842215951453,0.96449780927343,11.192307691877218,0.8080973530933389,2.4391841595855355
2519,3.8918202981106265,1.791759469228055,5.332718793265369,2.9444389791664403,5.303304908059076,3.258096538021482,33.90985107421875,22.271191818237305,72.71488037109376,311.64580078125005,791.0823768906182,0,454,48,502,440.5417240447998,0.233325397578196,1.5225880747400442,9.458333333136286,0.8775731554659806,1.795703638750856
2520,0.0,2.5649493574615367,5.948034989180646,2.833213344056216,5.3230099791384085,2.9444389791664403,42.853765869140624,23.525189117431644,111.1607666015625,371.0596069335937,924.5269901769184,0,586,46,632,548.5993285217285,0.2995765761729939,1.821611960414181,12.739130434505672,0.8680369122165513,1.6852499485671817
2521,0.0,1.6094379124341003,5.176149732573829,2.6390573296152584,5.44673737166631,3.1354942159291497,31.872326660156247,23.37784053039551,80.61146850585938,324.60120849609376,791.2967525959724,0,407,39,446,460.4628441925049,0.2483400135171743,1.3633563210148936,10.43589743562985,1.032427901774602,1.718481225085423
2522,3.6109179126442243,1.0986122886681098,5.484796933490655,2.0794415416798357,5.627621113690637,2.995732273553991,15.637554931640624,9.899269363403322,56.96312255859375,130.14100341796876,857.577681046154,0,553,28,581,212.64095027160647,0.4377031147916527,1.57966758515245,19.749999999294644,0.3659913085563519,4.03298461536565
2523,0.0,2.4849066497880004,5.407171771460119,2.772588722239781,4.430816798843313,2.995732273553991,16.514923095703125,12.370874633789064,27.1004150390625,187.8060791015625,792.3612199960326,0,305,45,350,243.7922918701172,0.1442999884165769,1.334984274212938,6.777777777627161,0.6965494053412019,3.250148779990636
2524,0.0,1.9459101490553132,5.905361848054571,2.772588722239781,5.017279836814924,2.8903717578961645,38.17062377929688,23.082804061889647,77.42861938476562,346.1694580078125,836.806811519014,1,516,38,554,484.8515052337647,0.2236725903843155,1.6536389459140282,13.578947368063712,0.8751832224420388,1.7259032971627737
2525,3.5553480614894135,2.3978952727983707,5.780743515792329,2.995732273553991,6.8001700683022,3.258096538021482,97.04509277343747,21.915621231079104,200.8938537597656,373.3522338867188,1164.9913055954455,0,1254,54,1308,693.2068016510009,0.5380812956918908,4.428124201717231,23.222222221792183,0.529974618998831,1.680582623856433
2526,3.6635616461296463,2.1972245773362196,5.926926025970411,2.4849066497880004,6.927557906278317,2.9444389791664403,38.475164794921874,9.121776168823244,71.80048828125,153.13095703125,1106.593576394052,0,1431,37,1468,272.5283862762451,0.4688829069756844,4.21794660147503,38.67567567463039,0.1856460396975882,4.060470879786836
2527,0.0,1.9459101490553132,5.099866427824199,2.6390573296152584,5.170483995038151,2.833213344056216,85.91665649414062,20.773850555419926,39.3730224609375,395.1821044921875,966.9885466986532,0,338,35,373,541.2456340026855,0.0996326048504462,4.135807960146755,9.65714285686694,1.451060680968457,1.7865983316034817
2528,0.0,2.1972245773362196,5.820082930352362,3.258096538021482,6.077642243349034,2.1972245773362196,58.810693359375,11.80853402709961,85.15953369140625,213.82705078125,1135.9260216657287,0,771,41,812,369.6058118591309,0.3982636124843164,4.980355158348104,18.804878048321832,0.4551795712545267,3.073344588249048
2529,3.7612001156935624,1.9459101490553132,5.955837369464831,2.5649493574615367,1.6094379124341003,3.044522437723423,37.68035888671875,22.545241928100587,95.72442626953126,303.54587402343753,811.5540175443325,1,431,38,469,459.49590110778814,0.3153540682349212,1.6713220024524242,11.34210526285942,0.9797353968162228,1.7661833665676
2530,3.7376696182833684,1.9459101490553132,5.14166355650266,3.091042453358316,7.102499355774649,2.3978952727983707,79.64489135742187,15.412105361938478,148.02797241210936,282.08950195312497,1230.614778925915,0,1425,37,1462,525.1744710845946,0.5247553396587674,5.167684069234571,38.51351351247261,0.3592164644899011,2.3432494279131584
2531,0.0,1.791759469228055,6.052089168924417,2.4849066497880004,6.951772164398911,2.995732273553991,81.31080322265626,18.0261095123291,234.80123291015624,247.61575927734376,1186.0207774839794,0,1468,35,1503,581.7539049224854,0.9482483408748522,4.510723912030623,41.94285714165878,0.3870618129887547,2.03869843837141
2532,0.0,1.9459101490553132,6.333279628139691,2.3978952727983707,7.324489979348532,2.8903717578961645,98.38125,19.97032649230957,260.88530273437493,353.4414916992187,1333.5039357087312,0,2078,33,2111,732.6783709259032,0.738128682853263,4.926371636085145,62.969696967788806,0.3470764428827835,1.820039991110602
2533,3.828641396489095,2.1972245773362196,5.645446897643238,3.2188758248682006,4.204692619390966,3.044522437723423,78.18250122070313,22.56313970947265,53.35175170898437,322.4875854492188,798.3200369082917,0,393,52,445,476.5849780883789,0.165438156741758,3.4650541646211948,7.557692307546968,1.070977478847883,1.675084347200248
2534,4.770684624465665,2.6390573296152584,5.860786223465865,2.4849066497880004,2.772588722239781,3.091042453358316,82.06424560546876,22.758323822021485,77.34578247070311,374.4021606445313,920.7705636896046,0,482,45,527,556.5705125427246,0.2065847652624284,3.605900251865455,10.711111110873087,1.056111029490832,1.6543646185662202
2535,0.0,2.1972245773362196,5.552959584921617,2.833213344056216,3.828641396489095,2.833213344056216,15.916882324218747,14.272445297241212,22.75307006835937,208.1247436523437,740.1495144056064,1,302,40,342,261.06714134216304,0.1093241950426485,1.1152176092894313,7.54999999981125,0.7633542144485371,2.835092576559481
2536,0.0,2.302585092994046,5.961005339623274,2.70805020110221,5.998936561946683,2.995732273553991,64.81664428710937,15.709836227416991,111.4283935546875,270.42498779296875,1092.6129165284487,0,789,42,831,462.3798618621826,0.4120491766078307,4.125863780162439,18.78571428526701,0.5564137928539425,2.3630201197035503
2537,3.6635616461296463,1.6094379124341003,5.278114659230517,2.9444389791664403,6.79346613258001,3.1354942159291497,104.13110961914064,22.192046401977542,163.2317321777344,398.2647583007813,1133.2130412036804,0,1124,44,1168,687.8196464996339,0.4098573342862717,4.692271624178345,25.54545454487397,0.5888866836464427,1.647543868467613
2538,3.6888794541139363,1.9459101490553132,4.770684624465665,2.8903717578961645,6.171700597410915,3.258096538021482,37.03963623046875,9.7016602935791,43.801611328125,162.83331298828125,977.5853060755916,0,634,48,682,253.3762208404541,0.2689966231357603,3.817865716362489,13.20833333305816,0.3715193853960155,3.858236194497901
2539,0.0,1.9459101490553132,5.799092654460526,2.70805020110221,5.905361848054571,2.9444389791664403,89.3406005859375,21.792123046875,135.60084228515623,370.902978515625,1052.8932623036103,0,695,38,733,617.6365444335937,0.3655965310051512,4.099674014765133,18.289473683729227,0.842614658162007,1.7047133492845148
2540,0.0,0.6931471805599453,5.424950017481403,2.6390573296152584,5.278114659230517,2.3978952727983707,32.82681884765625,19.791348678588864,84.85686035156249,252.9101440429688,785.6615473221962,1,421,24,445,390.3851719207764,0.3355217746300046,1.6586448644356953,17.541666665935765,0.8772700492582003,2.0125291733150754
2541,3.7612001156935624,2.1972245773362196,5.777652323222656,2.70805020110221,7.326465613840322,3.4339872044851463,99.8334228515625,19.27826564025879,268.7006469726563,363.9528076171875,1407.88936437675,0,1883,52,1935,751.765143081665,0.7382843087023042,5.17854794146533,36.211538460842085,0.3885091178714607,1.87277819054446
2542,0.0,1.9459101490553132,4.276666119016055,2.9444389791664403,6.697034247666484,3.4657359027997265,83.57327270507812,19.79640815734864,116.7809326171875,350.9423217773437,1068.12633005137,0,880,55,935,571.092935256958,0.3327638913010518,4.2216381899477655,15.999999999709091,0.6107945831618686,1.8703196346999216
2543,3.6635616461296463,1.3862943611198906,5.2574953720277815,2.5649493574615367,7.350516171833998,3.4011973816621555,41.43488159179687,8.784712097167969,126.47444458007811,132.74344482421876,1287.2473588929795,0,1785,44,1829,309.4374830932617,0.9527735606575908,4.716703419391287,40.56818181725982,0.1691839710733146,4.1599593753832815
2544,4.007333185232471,2.3978952727983707,5.575949103146316,2.772588722239781,3.828641396489095,3.1780538303479458,33.01962890625,20.116098358154296,74.15337524414062,309.759375,865.7480661951396,1,362,48,410,437.0484775085449,0.239390253301942,1.6414529456316589,7.541666666509549,1.065971896359705,1.9808971103811523
2545,3.6888794541139363,1.3862943611198906,6.352629396319567,3.258096538021482,8.047829357457841,4.07753744390572,94.59014282226563,14.579651458740232,315.0112609863281,274.8002563476563,1673.5510462516445,0,3738,86,3824,698.9813116149903,1.1463281190926315,6.487819210456692,43.46511627856436,0.1827879998992697,2.3942715183364847
2546,0.0,2.5649493574615367,4.927253685157205,3.091042453358316,3.4965075614664802,2.9444389791664403,55.21058349609374,18.388680541992187,27.900109863281244,275.7159301757813,785.2980358322745,0,169,51,220,377.21530407714846,0.101191504768667,3.0024222437826924,3.3137254901311035,1.714615018524699,2.081829733158395
2547,0.0,2.302585092994046,5.393627546352362,3.044522437723423,5.062595033026967,2.995732273553991,31.380743408203127,23.681104888916018,63.06119384765624,344.9026611328125,786.339789841928,1,376,48,424,463.0257032775879,0.1828376552397497,1.325138482941554,7.833333333170139,1.0920417530106037,1.6982637989079674
2548,4.07753744390572,3.5263605246161616,5.337538079701318,2.9444389791664403,4.330733340286331,3.4339872044851463,46.00695190429688,16.33687229919434,30.18609008789062,238.46246337890625,779.6677615915462,0,340,81,421,330.9923776702881,0.1265863384116756,2.8161419798665865,4.197530864145709,0.7862051726116435,2.3555459708073467
2549,3.6888794541139363,1.791759469228055,6.230481447578482,2.4849066497880004,0.6931471805599453,3.258096538021482,34.77288208007812,24.37656367492676,107.99703369140624,360.8494995117188,868.5863867915056,1,547,41,588,527.99597895813,0.2992855299432103,1.42648826727035,13.341463414308746,0.8979523451653606,1.6450625031345918
2550,0.0,2.0794415416798357,4.897839799950911,2.772588722239781,4.7535901911063645,3.295836866004329,71.50105590820313,20.779269287109376,52.880218505859375,300.9382690429688,811.917679182404,0,248,48,296,446.0988127441407,0.1757178263630315,3.440980282647308,5.166666666559028,1.5070905835899784,1.820039991109006
2551,0.0,1.3862943611198906,5.424950017481403,2.833213344056216,5.424950017481403,2.995732273553991,39.29188842773437,23.41063233947754,96.61970214843748,339.1900268554688,847.6596648072233,1,452,38,490,498.51224977111815,0.2848541952836454,1.6783779206082254,11.894736841792245,1.0173719383063282,1.7003788075312267
2552,3.6888794541139363,2.4849066497880004,5.594711379601839,2.70805020110221,5.2574953720277815,3.1780538303479458,15.9699462890625,11.526859771728516,45.79925537109374,165.99342041015626,833.4436374362245,1,498,48,546,239.28948184204103,0.2759100647342021,1.3854550678968018,10.374999999783856,0.4382591242520197,3.4829931972643564
2553,4.30406509320417,1.6094379124341003,5.313205979041787,2.772588722239781,5.0106352940962555,3.258096538021482,38.079656982421874,23.08552839660645,78.33504638671874,343.3673583984375,833.3388736767262,1,424,44,468,482.86759016418455,0.228137720346708,1.6495033739998797,9.63636363614463,1.0317683550494718,1.7258123979529223
2554,0.0,6.154858094016418,5.545177444479562,6.326149473155099,0.0,6.530877627725885,137.02467041015626,18.9388564453125,28.605816650390626,7948.69599609375,14709.727268351917,0,255,1713,1968,8133.265339599609,0.0035988062273918,7.235107927376245,0.1488616462345891,4.132756778249735,1.808588144386576
2555,3.6635616461296463,1.6094379124341003,5.857933154483459,2.4849066497880004,7.365180126021013,3.4011973816621555,65.02362670898437,15.655234771728518,177.63261108398436,225.74458007812504,1147.0602207839163,0,1966,44,2010,484.05605264282224,0.7868743117629796,4.153475029467829,44.681818180802686,0.2408239067873539,2.3696846977098853
2556,0.0,2.5649493574615367,5.298317366548036,2.9444389791664403,1.9459101490553132,3.1354942159291497,60.34575805664062,20.57759367370605,47.30784301757812,267.287255859375,737.2211939419795,0,205,52,257,395.5184506072998,0.1769925126631952,2.9325954730468577,3.942307692231879,1.5389822980768906,1.8639362912353328
2557,0.0,2.6390573296152584,5.278114659230517,2.5649493574615367,4.927253685157205,3.258096538021482,66.84873046874999,19.32805709838868,49.6065673828125,335.97484130859374,922.5693826092146,0,332,50,382,471.7581962585449,0.1476496489720821,3.45863684720097,6.6399999998672,1.234969100150026,1.9555979947440048
2558,4.143134726391533,2.4849066497880004,5.8998973535824915,2.3978952727983707,0.6931471805599453,3.044522437723423,71.46644897460938,20.229577377319337,93.57066650390624,278.5455688476562,865.0085481787137,0,427,41,468,463.8122617034912,0.3359258841943615,3.5327702422099128,10.41463414608745,0.9910518412446584,1.8649971542361607
2559,3.6635616461296463,2.4849066497880004,5.375278407684165,2.8903717578961645,1.0986122886681098,3.332204510175204,48.80516967773437,15.321972793579103,34.888677978515624,232.1370849609375,823.1845246927629,0,255,55,310,331.1529054107666,0.1502934267664994,3.185305856632351,4.636363636279339,1.0682351787409623,2.4858139887650625
2560,0.0,2.6390573296152584,5.424950017481403,2.8903717578961645,6.690842277418564,2.1972245773362196,79.64555053710937,18.023614700317385,135.73943481445312,311.70604248046874,1113.888538694188,0,1030,38,1068,545.1146425323486,0.4354725809414586,4.418955456881128,27.105263157181444,0.5104069686627699,2.0434023447206213
2561,0.0,2.6390573296152584,5.075173815233827,2.3978952727983707,5.501258210544727,2.5649493574615367,67.59113159179688,19.44115690612793,51.73961791992188,340.6840209960938,931.728847675246,0,403,35,438,479.4559274139405,0.1518698111185063,3.476703156848407,11.514285713956737,1.094648236102388,1.9433044715888768
2562,3.6635616461296463,1.9459101490553132,5.2574953720277815,3.332204510175204,6.703188113240863,3.871201010907891,53.3388427734375,13.15007427978516,97.99288330078124,158.9107177734375,914.6319725530813,0,1043,80,1123,323.3925181274414,0.6166537076490661,4.05616285007424,13.037499999837031,0.2879719662752925,2.8282409804849538
2563,4.61512051684126,2.1972245773362196,4.969813299576001,2.3978952727983707,4.430816798843313,2.6390573296152584,55.87734375,18.015980575561525,55.19009399414063,258.94464111328125,822.2792117635647,0,326,31,357,388.0280594329834,0.2131347216016852,3.10154329444024,10.516129031918837,1.086913331742007,2.1191230679632382
2564,0.0,2.6390573296152584,5.5093883366279774,2.5649493574615367,4.330733340286331,2.995732273553991,27.87753295898437,20.3441042175293,36.492846679687496,320.60804443359376,800.1933128690204,1,321,44,365,405.32252828979495,0.1138238647256784,1.370300341540409,7.29545454528874,1.1104726802429712,1.9742137606891887
2565,0.0,2.6390573296152584,5.476463551931511,3.1354942159291497,3.1354942159291497,2.9444389791664403,76.56718139648439,20.11856822204589,66.9768310546875,344.5876831054688,946.000831780744,0,260,53,313,508.2502637786865,0.1943680355922454,3.805796741975724,4.905660377265932,1.623802759671127,1.8612894064149688
2566,4.04305126783455,2.833213344056216,5.351858133476067,2.6390573296152584,5.872117789475416,2.70805020110221,49.43171997070313,13.631587966918945,53.9395751953125,233.1784057617188,966.6195328531716,0,620,43,663,350.1812888946534,0.231323200872216,3.626262771955656,14.418604650827476,0.5281769063259807,2.7603403251542766
2567,0.0,2.3978952727983707,5.117993812416755,2.302585092994046,5.676753802268282,2.833213344056216,50.11693725585937,13.338996414184573,49.00599975585938,230.4296630859376,963.7906874678332,0,457,35,492,342.8915965118409,0.212672271006056,3.7571745051830345,13.057142856769795,0.6969341392502926,2.810773717610605
2568,0.0,2.302585092994046,6.393590753950631,2.3978952727983707,7.367708572374371,2.70805020110221,80.98187255859375,15.04435011291504,226.50798339843743,272.9706298828125,1421.4381165865384,0,2180,33,2213,595.5048359527586,0.8297888439311165,5.38287609271276,66.06060605860424,0.2690939159297286,2.386946386942379
2569,3.8066624897703196,2.833213344056216,5.407171771460119,2.302585092994046,6.535241271013659,3.1354942159291497,54.34030151367187,14.018288818359377,91.78011474609374,225.05954589843748,1027.1117493693546,0,954,47,1001,385.19825097656246,0.4078036964808572,3.876386213317808,20.297872339993663,0.384813437538639,2.6664496704300538
2570,3.713572066704308,2.5649493574615367,4.836281906951478,2.5649493574615367,4.875197323201151,2.70805020110221,59.49129638671874,19.973824218750003,65.40770874023437,263.9842895507812,784.3469394063578,0,295,38,333,408.85711889648434,0.2477712171860306,2.978462998983144,7.763157894532549,1.2277991558416113,1.9183888531069524
2571,0.0,2.4849066497880004,5.6131281063880705,2.772588722239781,3.784189633918261,2.4849066497880004,17.843170166015625,14.344026443481448,41.08392333984374,190.57203369140623,741.5397940217857,1,316,37,353,263.84315364074706,0.2155821215937458,1.2439443161289203,8.540540540309715,0.747431030141642,2.8105326357214
2572,0.0,2.772588722239781,5.811140992976701,2.833213344056216,5.6131281063880705,2.3978952727983707,76.36250610351563,18.173108825683595,94.09476928710936,323.7096313476563,1044.5067896472349,0,606,41,647,512.3400155639649,0.2906764586987626,4.2019506311100985,14.78048780451755,0.7918701940698193,2.038698438370936
2573,3.6635616461296463,2.3978952727983707,4.969813299576001,2.1972245773362196,3.7376696182833684,2.772588722239781,37.06583862304687,12.78966375732422,26.30868530273437,194.78551025390627,813.4945667949422,0,222,33,255,270.9496979370117,0.1350648991719429,2.8981089200974792,6.727272727068871,1.0625478350429378,3.0023822613046605
2574,4.897839799950911,2.70805020110221,5.1298987149230735,2.5649493574615367,6.0844994130751715,2.995732273553991,54.02570800781249,12.300331329345704,70.09277343749999,231.88579101562505,1103.7685437168466,0,739,45,784,368.3046037902832,0.3022728263349033,4.392215669388321,16.422222221857286,0.4697762803441498,2.996890433502015
2575,0.0,2.6390573296152584,5.332718793265369,2.4849066497880004,2.772588722239781,3.044522437723423,30.538970947265625,10.75484019470215,15.493688964843749,166.76107177734374,799.5240780943025,0,221,44,265,223.54857188415525,0.0929095069947602,2.839555994469319,5.02272727261312,0.8435795165407988,3.57651167865678
2576,0.0,2.5649493574615367,5.961005339623274,2.70805020110221,6.333279628139691,2.9444389791664403,73.53561401367188,18.784532363891604,129.0153076171875,284.0361694335938,1004.6115843545256,0,949,44,993,505.3716234283447,0.4542214038233479,3.914689627893551,21.568181817691634,0.5089341625657964,1.9878670225634043
2577,3.8066624897703196,2.772588722239781,5.030437921392435,2.3978952727983707,4.762173934797756,2.9444389791664403,18.146722412109376,9.491138076782226,30.8726806640625,158.3943603515625,903.5773979786422,1,312,43,355,216.9049015045166,0.1949102265721106,1.911964852201337,7.255813953319633,0.6109997225462129,4.16577676072323
2578,4.8283137373023015,2.772588722239781,5.673323267171493,2.772588722239781,1.791759469228055,3.091042453358316,55.69392700195312,16.921212158203126,40.32405395507813,264.0169921875,846.1501767365394,0,419,51,470,376.9561853027344,0.1527327980703908,3.291367455118294,8.215686274348712,0.8020344368126221,2.244691053563028
2579,4.762173934797756,1.791759469228055,0.0,2.0794415416798357,0.0,2.772588722239781,22.34965209960937,12.980422073364258,8.318737792968749,136.72111816406252,551.5970014465703,0,116,27,143,180.3699301300049,0.0608445710846629,1.721797024131358,4.296296296137174,1.2613281827184866,3.05814279046368
2580,0.0,2.4849066497880004,6.126869184114185,2.9444389791664403,6.760414691083428,3.1354942159291497,51.88683471679688,12.252580627441407,111.91267089843748,191.75793457031253,1111.332297095436,0,1319,51,1370,367.81002081298834,0.5836142903219396,4.234767865665305,25.862745097532105,0.2684744677465108,3.021484555086299
2581,3.6888794541139363,2.3978952727983707,5.2832037287379885,2.5649493574615367,7.738488122494646,2.6390573296152584,82.195751953125,12.619612380981447,251.17586059570303,252.12355957031247,1653.507572639838,0,2529,35,2564,598.1147845001219,0.996241132811147,6.513334123517601,72.25714285507837,0.2332740969188333,2.7645321859398653
2582,4.90527477843843,2.6390573296152584,5.945420608606575,2.6390573296152584,5.438079308923196,2.70805020110221,26.684088134765624,11.29981690979004,61.03965454101562,191.69425048828128,1004.3480443331576,1,744,40,784,290.71781007385255,0.3184219369397764,2.361461990528833,18.599999999535,0.370813533256992,3.4547179757393027
2583,0.0,2.302585092994046,5.659482215759621,2.3978952727983707,6.942156705699469,2.6390573296152584,80.29484252929686,15.878545394897465,171.06937866210936,304.409912109375,1303.996865680473,0,1320,32,1352,571.6526786956787,0.5619704610672529,5.056813488094609,41.24999999871094,0.4228200286207513,2.281099895575543
2584,0.0,2.5649493574615367,4.31748811353631,2.3978952727983707,6.532334292222349,2.9444389791664403,51.54307250976563,10.895193328857424,81.14035034179688,209.86831054687505,1185.1973899918137,0,760,40,800,353.446926727295,0.3866250704071265,4.730808435359828,18.999999999525,0.4418086584085665,3.3532541956515853
2585,3.6888794541139363,2.0794415416798357,5.5909869805108565,2.3978952727983707,7.363913501405819,2.302585092994046,42.71533813476563,8.977151916503907,119.83474731445312,149.0689453125,1303.8718771254812,0,1883,26,1909,320.5961826782227,0.8038880738200315,4.758228280784471,72.42307692029142,0.1679393308947379,4.067022464924636
2586,0.0,2.4849066497880004,6.016157159698354,2.3978952727983707,4.189654742026425,2.70805020110221,68.164453125,19.45994284057617,105.98186645507812,285.53532714843755,929.8496657980456,0,474,35,509,479.1415895690918,0.3711690161533376,3.5028084964035267,13.542857142470206,0.9413390757723978,1.9406573882103413
2587,0.0,2.6390573296152584,5.267858159063328,2.772588722239781,6.163314804034641,2.3978952727983707,32.431640625,9.866337844848632,36.06432495117187,164.09322509765624,933.472301550934,0,667,38,705,242.4555285186768,0.219779487724062,3.287100151212232,17.55263157848546,0.3439085510898338,3.850076371738321
2588,3.6888794541139363,2.5649493574615367,6.280395838960195,2.833213344056216,0.6931471805599453,3.258096538021482,33.89683227539062,18.15020146179199,84.13363037109374,262.44554443359374,869.65270316245,1,573,53,626,398.6262085418701,0.3205755714098678,1.8675733349229928,10.811320754512996,0.6367830807367945,2.1816245006603063
2589,3.8918202981106265,2.302585092994046,5.755742213586912,2.995732273553991,6.738152494595957,3.4965075614664802,63.15023803710937,15.252856521606445,126.42028198242186,256.1855712890625,1121.813545410664,0,1206,60,1266,461.0089478302002,0.4934715149874084,4.14022369800133,20.099999999665,0.3641460883332038,2.433387791469547
2590,3.6635616461296463,1.791759469228055,5.442417710521793,1.791759469228055,7.613818684808629,2.5649493574615367,51.63074340820312,11.09031756591797,172.52698974609376,165.05364990234375,1321.3545004533091,0,2293,22,2315,400.3017006225586,1.045278246480017,4.655479258972333,104.22727272253512,0.1729165013487627,3.300896544768625
2591,3.6635616461296463,1.6094379124341003,5.375278407684165,1.791759469228055,7.0192966537150445,3.1780538303479458,25.307720947265626,11.535536727905273,28.054632568359377,130.29246826171874,662.660346819312,0,1370,32,1402,195.190358505249,0.2153204474704605,2.193891930823694,42.81249999866211,0.1392227949394506,3.3949440530286084
2592,4.0943445622221,2.3978952727983707,5.666426688112432,2.70805020110221,6.78105762593618,3.1354942159291497,47.06592407226562,9.899803253173827,102.1012756347656,183.32237548828127,1262.736651997749,0,1227,46,1273,342.38937844848635,0.5569493378113868,4.754228226952115,26.673913042898395,0.2689625910826531,3.688013505898064
2593,3.6635616461296463,2.3978952727983707,5.6131281063880705,2.6390573296152584,4.356708826689592,2.995732273553991,20.4563232421875,17.440033264160157,43.4129150390625,229.6396362304688,720.2865693482255,1,388,42,430,310.9489077758789,0.1890480047412363,1.1729520770498167,9.238095237875283,0.7231369948259437,2.3164145341364777
2594,0.0,2.6390573296152584,4.962844630259907,2.3978952727983707,5.170483995038151,2.995732273553991,61.180609130859374,20.09889912414551,59.71426391601561,248.0081909179688,740.190251814645,0,317,42,359,389.0019630889893,0.2407753699373821,3.04397811790184,7.547619047439343,1.0835709278214645,1.902793101441017
2595,0.0,2.302585092994046,5.1647859739235145,2.833213344056216,7.467942332285852,3.1354942159291497,95.61648559570312,18.106532272338868,261.1975341796875,325.6253173828125,1393.2682113073563,0,1924,47,1971,700.5458694305421,0.8021413576752561,5.280772936101879,40.936170211894975,0.3554266207154676,1.9888322408323151
2596,3.6635616461296463,2.4849066497880004,5.135798437050262,3.044522437723423,7.581719640125308,3.1780538303479458,118.80675659179688,19.27165937805176,306.0712463378906,381.5760864257813,1508.1311707541386,0,2168,54,2222,825.7257487335205,0.8021237630587762,6.164843112624723,40.14814814740467,0.3716137483047474,1.826431079647752
2597,3.6635616461296463,2.3978952727983707,4.919980925828125,2.6390573296152584,3.5553480614894135,2.70805020110221,49.0515380859375,14.987862579345704,25.376770019531243,220.68599853515624,786.2448066388116,0,208,37,245,310.10216921997073,0.114990394442145,3.2727507223252177,5.621621621469687,1.2657231396681838,2.535437944900521
2598,3.6635616461296463,1.791759469228055,5.575949103146316,1.9459101490553132,6.9726062513017535,3.091042453358316,71.71875,17.850838989257817,160.85494995117185,273.22364501953126,1092.367181818182,0,1367,32,1399,523.648183959961,0.5887299759107031,4.017668303385676,42.71874999866505,0.3743017755250798,2.086070791949161
2599,0.0,2.0794415416798357,5.652489180268651,2.0794415416798357,5.342334251964811,2.6390573296152584,28.984295654296872,19.58826599121094,95.19873046875,247.128662109375,799.0648596381784,1,492,27,519,390.8999542236328,0.3852193009738037,1.47967643822185,18.222222221547327,0.753179102548901,2.044167186520036
2600,4.204692619390966,2.5649493574615367,5.87493073085203,2.772588722239781,6.513230110912307,2.70805020110221,94.79696044921876,19.58149008178712,184.0078674316406,345.0489624023437,1197.007338878165,0,1094,41,1135,643.4352803649901,0.5332804543157712,4.8411515185225324,26.682926828617493,0.5669033307175535,1.860338367205012
2601,3.7612001156935624,1.9459101490553132,5.976350909297934,2.70805020110221,7.390798521735676,3.091042453358316,96.98741455078124,16.730433883666993,267.0773620605468,322.19326171875,1493.0986684923516,0,2055,41,2096,702.9884722137451,0.8289352813742452,5.797065110168343,50.12195121828972,0.3353952634605962,2.1239305159420137
2602,0.0,2.1972245773362196,5.846438775057725,2.8903717578961645,7.310550158534422,3.332204510175204,81.01219482421874,17.078135833740237,210.2225646972656,254.50052490234376,1203.5678493114924,0,1840,52,1892,562.8134202575683,0.8260201615580385,4.743620475217456,35.384615383934914,0.2974700952733989,2.138484630943143
2603,0.0,1.3862943611198906,5.135798437050262,1.6094379124341003,6.270988431858299,3.044522437723423,39.2501953125,11.752889739990234,84.24992065429687,166.67501220703127,974.4486645326506,0,697,27,724,301.9280179138184,0.5054742131900517,3.339620823260866,25.81481481385871,0.4170276490516593,3.227420466846397
2604,3.6375861597263857,2.0794415416798357,5.429345628954441,2.8903717578961645,7.462214939768189,3.1780538303479458,30.09979248046875,8.905900085449218,70.30783081054686,128.8828125,1013.4013936639834,0,2004,47,2051,238.19633587646484,0.5455175088610155,3.3797586081464264,42.63829787143323,0.1161366825335683,4.254479355993564
2605,0.0,2.5649493574615367,5.54907608489522,2.995732273553991,5.236441962829949,3.1780538303479458,17.776098632812502,11.010428695678712,41.713165283203125,154.91927490234374,816.551926542118,1,443,54,497,225.4189675140381,0.269257426548301,1.6144783389019766,8.203703703551783,0.4535592907717998,3.622374530163016
2606,0.0,2.1972245773362196,4.962844630259907,2.70805020110221,5.680172609017068,3.1354942159291497,48.22739868164062,16.234664840698244,51.126306152343744,195.4688232421875,734.2401741463766,0,434,44,478,311.0571929168701,0.2615573435398251,2.970643321060132,9.86363636341219,0.6507472655151033,2.36046679152101
2607,3.8501476017100584,3.044522437723423,5.062595033026967,2.833213344056216,6.4457198193855785,2.70805020110221,53.75330200195313,14.869009735107424,66.91629638671874,217.3486083984375,893.4102071389941,0,832,50,882,352.8872165222168,0.3078754305329701,3.6151231962287538,16.6399999996672,0.4000988849453704,2.5317159854676
2608,4.477336814478207,2.0794415416798357,5.662960480135946,2.772588722239781,7.364547014255642,3.044522437723423,96.79608764648437,18.84787065124512,240.9040832519531,347.0868530273437,1349.529307901668,0,1952,42,1994,703.6348945770262,0.6940743538686568,5.135651099926994,46.476190475083904,0.3528760755148813,1.917939713195987
2609,0.0,2.6390573296152584,5.176149732573829,2.9444389791664403,7.266827347520591,3.5263605246161616,87.29071655273438,16.80128155517578,195.36289672851564,318.564990234375,1327.5172464110128,0,1607,64,1671,618.0198850708008,0.6132591550131412,5.195479657957892,25.109374999607663,0.3698503202097133,2.1480170435887893
2610,0.0,2.0794415416798357,5.1298987149230735,2.5649493574615367,7.463936604468925,2.6390573296152584,109.13757934570312,18.830706344604494,272.8663879394531,380.9426879882813,1475.2249113446587,0,1911,32,1943,781.777361618042,0.7162924937074283,5.7957241402778426,59.7187499981338,0.4023558217280698,1.8870141088372057
2611,3.6109179126442243,2.302585092994046,5.6240175061873385,2.6390573296152584,1.791759469228055,2.8903717578961645,29.773828125,19.44886587524414,64.27985229492188,273.66943359375,795.8629594755661,1,317,39,356,387.171979888916,0.2348813729417351,1.5308773434119525,8.128205127996713,1.0875617412579452,2.05557995106426
2612,3.6635616461296463,1.791759469228055,4.442651256490317,2.302585092994046,7.132497551660044,2.833213344056216,56.56602172851563,13.87769618225098,114.684521484375,225.2746948242188,1099.4181939584698,0,1373,30,1403,410.4029342193604,0.5090874568639585,4.076038341060188,45.76666666514111,0.2925181284526499,2.678875081746253
2613,0.0,2.5649493574615367,4.962844630259907,2.6390573296152584,7.539027055823995,3.4011973816621555,70.27646484374999,13.014835510253908,181.84454956054685,248.6501953125,1417.269225524034,0,2021,54,2075,513.7860452270507,0.7313267915646554,5.399719787697819,37.42592592523285,0.2476077326394232,2.7584813536439285
2614,0.0,1.6094379124341003,5.54907608489522,2.4849066497880004,7.368970402194793,3.4339872044851463,92.6046936035156,19.853319808959963,240.48193359375,331.9644653320313,1262.68413320018,0,1841,45,1886,684.9044123382569,0.7244207097663157,4.664443754996477,40.91111111020198,0.3631518623212586,1.8435917632469987
2615,3.6888794541139363,2.1972245773362196,5.267858159063328,2.0794415416798357,7.631916513071252,3.1780538303479458,95.93602294921874,17.132038742065433,286.0263061523437,310.4598999023438,1479.144617691965,0,2294,38,2332,709.5542677459716,0.9212987127851068,5.599801890948381,60.368421051042944,0.3042685539218128,2.084610980339323
2616,4.820281565605037,2.302585092994046,5.4116460518550396,2.995732273553991,5.978885764901122,2.833213344056216,30.280078125,12.050216445922851,60.59201660156249,205.18150634765627,993.8911097164796,1,740,44,784,308.1038175201416,0.2953093467332335,2.512824417583996,16.818181817799587,0.3929895631629446,3.225831856654228
2617,0.0,2.5649493574615367,5.081404364984463,2.833213344056216,3.6375861597263857,3.091042453358316,31.2035888671875,20.476104721069337,31.32828369140625,331.1727172851563,808.7642571658425,0,197,49,246,414.1806945648194,0.0945980210813574,1.5239025825823198,4.020408163183257,1.683661360012747,1.952684583750724
2618,0.0,2.0794415416798357,5.247024072160486,2.3978952727983707,5.44673737166631,2.833213344056216,17.51868896484375,11.7251424407959,51.218701171875,166.78688964843752,843.9446945312501,0,420,33,453,247.24942222595217,0.3070906908782188,1.4941131036835809,12.727272726887051,0.5458044640737447,3.413333333319528
2619,3.6109179126442243,3.1354942159291497,6.059123195581797,2.772588722239781,5.529429087511423,2.9444389791664403,19.4833740234375,11.380898300170898,63.34793701171874,152.70926513671876,862.961057540529,0,714,55,769,246.9214744720459,0.4148270699527581,1.7119363962186531,12.981818181582147,0.3210942450867682,3.494880546060932
2620,4.110873864173311,2.4849066497880004,5.438079308923196,2.6390573296152584,4.9344739331306915,3.295836866004329,16.646264648437498,10.672880630493164,43.408135986328126,151.07413330078123,830.0581033005939,0,427,50,477,221.80141456604,0.287330034848635,1.5596787056081447,8.5399999998292,0.4649924833659854,3.742348104140277
2621,0.0,2.302585092994046,5.472270673671475,2.3978952727983707,2.70805020110221,2.995732273553991,21.33006591796876,21.886606567382813,36.9134033203125,291.75054931640625,690.4518286588476,0,251,38,289,371.8806251220704,0.1265238519916308,0.9745716336301292,6.605263157720914,1.2867841699681093,1.8566491019271285
2622,0.0,1.9459101490553132,5.811140992976701,2.8903717578961645,7.102499355774649,3.1780538303479458,38.74081420898437,12.57944091796875,159.82745361328125,197.16591796875,1241.958685602896,1,1547,46,1593,408.3136267089843,0.8106241446749567,3.079692846330432,33.630434781877604,0.2563174053413233,3.041678269740996
2623,3.6635616461296463,2.70805020110221,5.288267030694535,2.5649493574615367,6.218600119691729,2.833213344056216,80.08670654296874,18.98747534179688,87.47259521484374,346.3157592773438,1039.3975589023155,0,736,42,778,532.8625363769531,0.2525804641322705,4.217870206391107,17.52380952339229,0.6849132858306789,1.9505922971568843
2624,0.0,2.1972245773362196,5.402677381872279,2.9444389791664403,6.448889394146858,3.2188758248682006,78.32274169921875,17.57483793640137,139.2600036621094,295.8504272460938,1111.967694881135,0,852,50,902,531.0080105438233,0.4707108418194025,4.456527108710263,17.0399999996592,0.5887006768772002,2.094069529648408
2625,3.4965075614664802,1.6094379124341003,5.1298987149230735,2.302585092994046,6.3784261836515865,3.091042453358316,39.491949462890624,11.07778861999512,101.18688354492188,140.64199218750002,995.0480608058988,0,788,34,822,292.3986138153076,0.7194642366079603,3.564966873265998,23.176470587553634,0.3557160752006714,3.403053276548752
2626,4.143134726391533,2.5649493574615367,5.327876168789581,2.6390573296152584,6.025865973825314,2.833213344056216,74.19710083007813,19.179411209106448,87.93934936523436,324.87315673828124,986.6635980310512,0,680,41,721,506.1890181427002,0.2706882595283422,3.868580740944775,16.585365853254018,0.7020652124022165,1.949199928614316
2627,3.6888794541139363,1.791759469228055,6.061456918928017,3.091042453358316,6.461468176353717,3.4011973816621555,46.4912841796875,19.98542509460449,174.3732971191406,260.8517211914063,981.0683421555171,1,1106,55,1161,501.70172758483886,0.6684766974971251,2.326259459445404,20.10909090872529,0.4321289643276544,1.9554812913967112
2628,4.23410650459726,2.0794415416798357,5.43372200355424,2.70805020110221,6.825460036255307,2.8903717578961645,20.847711181640623,11.456266571044925,7.45850830078125,121.619384765625,557.5876363348798,0,1216,38,1254,161.3818708190918,0.0613266406099106,1.8197648466484089,31.999999999157897,0.1286936768891252,3.455082243757587
2629,0.0,2.3978952727983707,5.455321115357702,2.5649493574615367,6.0014148779611505,2.70805020110221,76.60936889648437,20.796872680664062,79.63494873046874,357.835693359375,966.3585887412472,0,636,36,672,534.8768836669922,0.2225461299923165,3.683696585978929,17.666666666175928,0.7959477435508873,1.8066934994728312
2630,3.970291913552122,2.4849066497880004,5.147494476813453,2.4849066497880004,7.52456122628536,3.295836866004329,114.39915161132812,18.97695721435547,298.01057739257806,379.7791625976563,1509.9001666666666,0,2075,48,2123,811.1658488159179,0.7846943875314987,6.028318993034376,43.22916666576607,0.3820847144679867,1.8613951374664623
2631,3.713572066704308,2.5649493574615367,5.241747015059643,2.8903717578961645,6.70808408385307,2.833213344056216,51.57932739257812,12.134466247558594,82.3972412109375,206.70992431640627,1075.864246231156,0,1046,45,1091,352.8209591674805,0.3986128942914964,4.250646574479947,23.244444443927904,0.3233922632146261,3.0493206774527386
2632,0.0,2.772588722239781,4.9344739331306915,2.70805020110221,6.131226489483141,2.8903717578961645,35.166741943359376,10.049526901245118,36.52948608398437,159.28077392578123,905.7290478784404,0,597,46,643,241.0265288543701,0.229340209639968,3.4993430323076145,12.978260869283082,0.3748468566936163,3.757798165122024
2633,3.6635616461296463,2.0794415416798357,4.736198448394496,2.0794415416798357,4.07753744390572,3.1780538303479458,6.418432617187499,9.743628021240236,16.315686035156247,104.33173828125,575.8475533718689,1,209,37,246,136.80948495483398,0.1563827681181464,0.6587312859786066,5.648648648495983,0.5561361177003165,4.209120102730955
2634,3.5263605246161616,2.6390573296152584,5.5909869805108565,2.5649493574615367,6.38856140554563,2.8903717578961645,65.27362060546875,14.406706100463868,106.8405029296875,259.906787109375,1138.053535514237,0,894,42,936,446.42761674499513,0.4110723852867889,4.530780328671818,21.285714285207483,0.4769525819920066,2.549245371085001
2635,3.6635616461296463,1.9459101490553132,5.723585101952381,2.995732273553991,7.647786045440933,3.2188758248682006,111.9674377441406,16.822637145996094,337.5476806640625,328.4360229492188,1642.4790094601417,0,2438,49,2487,794.773778503418,1.0277425649963638,6.655760138304705,49.75510203980092,0.3195712820679929,2.066599394548359
2636,4.356708826689592,2.4849066497880004,4.465908118654584,1.791759469228055,5.3706380281276624,3.1780538303479458,44.58427734375,20.655840957641605,43.91630859375,236.70168457031247,656.4192642050392,0,377,39,416,345.85811146545416,0.1855344150730751,2.158434383427883,9.666666666418804,0.8313896910207278,1.8979438169652625
2637,3.6635616461296463,1.791759469228055,5.43372200355424,2.5649493574615367,7.217443431696533,3.1354942159291497,58.570587158203125,13.098805892944336,175.34503784179685,214.34512939453128,1295.6659300222832,0,1628,39,1667,461.3595602874756,0.8180500221128537,4.471444773853828,41.7435897425194,0.2767603840955002,2.8083647583072486
2638,3.6635616461296463,1.791759469228055,5.556828061699537,2.6390573296152584,3.8918202981106265,2.9444389791664403,9.958721923828126,10.395113250732422,27.390344238281244,112.94974365234376,628.43041783029,1,344,36,380,160.69392306518554,0.2425002780205104,0.9580195696442684,9.555555555290123,0.4228787449072702,3.9107292039379504
2639,3.6635616461296463,2.3978952727983707,5.7899601708972535,2.9444389791664403,5.3230099791384085,2.772588722239781,28.21931762695312,15.834921112060549,68.63038330078125,222.47087402343752,840.0807232463857,0,568,43,611,335.1554960632324,0.3084915434514024,1.7820939823740578,13.209302325274203,0.5485360001025923,2.5065401973458448
2640,0.0,2.4849066497880004,5.849324779946859,2.4849066497880004,4.9344739331306915,2.9444389791664403,23.33990478515625,14.7425477142334,50.86664428710937,207.36397705078124,802.3125767228557,0,484,40,524,296.3130738372803,0.2453012572883252,1.5831663044942528,12.0999999996975,0.565482965337242,2.707651627820973
2641,0.0,2.302585092994046,5.886104031450156,2.0794415416798357,4.605170185988092,2.4849066497880004,24.773620605468743,19.092726470947262,78.5548828125,256.3714599609375,798.6281598893321,0,458,27,485,378.7926898498535,0.3064104047469353,1.297542320205988,16.962962962334704,0.7810158553589124,2.1083515634997743
2642,3.7612001156935624,1.3862943611198906,5.455321115357702,2.4849066497880004,5.5254529391317835,2.6390573296152584,18.16896972656249,13.042532913208008,52.44691772460937,165.8987548828125,768.0557451394759,0,525,27,552,249.5571752471924,0.3161381033952947,1.3930553095840723,19.44444444372428,0.4520963319687324,3.0776744622775145
2643,0.0,2.4849066497880004,5.683579767338681,2.302585092994046,0.6931471805599453,2.6390573296152584,27.61007080078125,20.00331788635254,42.9668701171875,292.747119140625,769.4726488912032,0,294,33,327,383.3273779449463,0.1467712824746911,1.380274560263736,8.909090908820938,1.1722549784213274,2.0073511394213748
2644,0.0,2.4849066497880004,5.908082938168931,2.70805020110221,2.833213344056216,2.1972245773362196,23.227844238281246,18.32618051147461,46.74391479492188,254.97213134765627,754.6138255065075,1,383,33,416,343.270070892334,0.1833295056509642,1.267467829560561,11.606060605708908,0.8251684396430501,2.198309405602076
2645,3.4011973816621555,2.5649493574615367,5.736572297479192,2.302585092994046,7.051855622955894,2.9444389791664403,80.3586181640625,16.51618441772461,192.5416625976562,290.24794921875,1277.6245060200445,0,1492,39,1531,579.6644143981933,0.6633695883648801,4.865446892985702,38.25641025542932,0.378618167470813,2.2040761417867407
2646,3.6635616461296463,2.3978952727983707,5.6937321388027,2.6390573296152584,0.6931471805599453,2.8903717578961645,44.27561645507812,16.465180480957034,25.89768676757813,230.1938598632813,743.2144200730189,0,335,40,375,316.83234356689456,0.1125038121470616,2.689045316180802,8.374999999790626,0.8448862495094658,2.345765623874048
2647,0.0,2.6390573296152584,5.262690188904886,2.0794415416798357,1.3862943611198906,3.044522437723423,51.29093627929687,17.227126007080077,18.5618408203125,299.4064086914063,859.5346453780372,0,195,40,235,386.4863117980957,0.0619954693066771,2.977335642360761,4.874999999878125,1.6446226033891536,2.2239717659776854
2648,0.0,2.5649493574615367,5.293304824724492,2.6390573296152584,3.713572066704308,2.3978952727983707,51.704736328125,16.436994094848632,28.822467041015624,264.17534179687505,837.8519132327954,0,238,35,273,361.1395392608643,0.109103547836301,3.1456321044237447,6.799999999805715,1.3228554551631555,2.3200226564648307
2649,3.6635616461296463,2.0794415416798357,6.021023349349527,2.5649493574615367,5.497168225293202,3.367295829986474,42.722094726562496,20.6218416595459,120.71887207031249,312.1156860351563,947.1500004369102,1,692,47,739,496.1784944915772,0.3867760496226008,2.071691531232112,14.723404255005883,0.6714188017468278,1.9088896656142351
2650,3.6635616461296463,2.0794415416798357,5.493061443340548,1.9459101490553132,6.226536669287466,3.091042453358316,53.657885742187496,14.439642608642576,107.522314453125,219.46739501953127,1027.2330880742682,0,785,34,819,395.0872378234864,0.4899238651967699,3.716012036638329,23.088235293438583,0.4824019997838876,2.6000158692309023
2651,3.6635616461296463,1.6094379124341003,6.19644412779452,2.4849066497880004,8.118802996980035,3.1354942159291497,52.245263671875,8.883960708618165,185.35874633789064,152.29962158203125,1591.653084591961,0,3884,37,3921,398.78759230041504,1.217066361762666,5.880852626386786,104.97297297013588,0.1017055833461651,3.991230207054547
2652,0.0,1.791759469228055,5.953243334287785,2.9444389791664403,7.249925536717988,2.3978952727983707,90.81123046875,17.17988424682617,229.75455322265623,328.9145141601563,1397.193530348577,0,1791,33,1824,666.6601820983886,0.6985236082044247,5.28590467541949,54.27272727108265,0.3654935208870741,2.0958106811609114
2653,4.02535169073515,2.3978952727983707,5.579729825986222,2.70805020110221,7.004881989712859,2.9444389791664403,90.28075561523436,18.45722300720215,179.6923828125,450.8247802734375,1456.8145587863844,0,1420,42,1462,739.255141708374,0.3985858601275491,4.89135096732129,33.80952380871882,0.505646471756408,1.970651912434188
2654,4.02535169073515,2.772588722239781,5.4638318050256105,2.6390573296152584,1.0986122886681098,3.332204510175204,26.120983886718747,9.792576232910156,16.768103027343752,149.27548828125,796.933036849711,0,292,55,347,201.95715142822263,0.112329915783887,2.667427167558408,5.3090909089943805,0.5820090819240364,3.946050096319575
2655,0.0,2.4849066497880004,5.831882477283517,2.0794415416798357,5.44673737166631,2.70805020110221,37.5172119140625,20.501142654418945,85.41919555664062,339.59794921875,933.8116367256636,1,571,32,603,483.03549934387206,0.2515303633396408,1.830005895019993,17.843749999442384,0.8010538960913284,1.933215339229036
2656,0.0,2.70805020110221,5.697093486505405,2.4849066497880004,4.418840607796598,2.3978952727983707,72.11804809570313,20.35422816467285,83.07586669921875,329.32587890625,935.5186580242026,0,379,35,414,504.8740218658447,0.2522603658566896,3.543148259354256,10.82857142826204,1.2195024682720417,1.8529744401682369
2657,3.6888794541139363,2.3978952727983707,4.9344739331306915,2.70805020110221,0.6931471805599453,2.4849066497880004,55.102972412109374,19.595186599731445,46.96534423828125,287.24963378906256,803.120694947255,0,178,35,213,408.9131370391846,0.1635001013529787,2.812066735310012,5.08571428556898,1.9197799860904448,1.96403740109805
2658,4.812184355372417,2.5649493574615367,4.897839799950911,2.8903717578961645,4.189654742026425,3.1354942159291497,40.925830078125,11.14038345336914,28.53253784179688,179.70787353515627,878.0860083384805,0,320,51,371,260.3066249084473,0.1587717737701475,3.673646445452857,6.27450980379854,0.7016351075680477,3.373275684565999
2659,0.0,2.302585092994046,5.799092654460526,2.302585092994046,2.8903717578961645,2.0794415416798357,60.05258789062499,18.07068182373047,79.43422851562498,272.3716552734376,902.7823455302788,0,346,25,371,429.9291535034181,0.2916391150745412,3.323205425953577,13.8399999994464,1.158838688685335,2.0998397949326355
2660,0.0,2.0794415416798357,5.814130531825066,2.70805020110221,2.0794415416798357,2.1972245773362196,27.069708251953127,21.427571136474608,74.38276977539061,251.62613525390623,704.1438289534084,1,341,29,370,374.50618441772457,0.2956082828997005,1.2633120234803936,11.758620689249703,1.0121788768019253,1.8801927932013147
2661,3.4965075614664802,2.302585092994046,5.707110264748875,2.8903717578961645,1.9459101490553132,3.1354942159291497,40.53707885742188,15.837760208129884,38.86962890624999,201.523974609375,726.251555377147,0,338,48,386,296.7684425811767,0.1928784353395185,2.559520937439989,7.041666666519966,0.768830162125409,2.4471994025309622
2662,0.0,2.4849066497880004,4.7535901911063645,2.5649493574615367,6.598509028614515,2.8903717578961645,82.29001464843749,19.677001464843748,105.585205078125,338.1297729492188,1027.8746599218211,0,848,40,888,545.6819941406251,0.3122623723929504,4.1820403780159445,21.19999999947,0.6145067501576695,1.883651414114736
2663,3.6635616461296463,2.0794415416798357,5.298317366548036,2.302585092994046,7.028201432058005,3.5263605246161616,33.25380249023437,9.706674865722658,80.90458374023436,124.1633056640625,966.8562362598144,0,1364,49,1413,248.0283667602539,0.6515981779550797,3.4258696151694754,27.836734693309456,0.1755331682661559,3.898167975240053
2664,3.828641396489095,2.70805020110221,5.308267697401205,2.4849066497880004,5.407171771460119,3.1780538303479458,34.51085815429687,21.42509129333496,77.25498046874999,317.29302978515625,838.6239286160663,1,468,48,516,450.4839597015381,0.2434814925522221,1.610768312731621,9.749999999796875,0.8730309296524517,1.8616066356054568
2665,3.6635616461296463,1.791759469228055,5.924255797414532,2.70805020110221,8.134467570277563,3.7376696182833684,75.31754150390626,12.366568588256836,263.8132690429688,221.43815917968752,1633.6539957796729,0,3820,60,3880,572.9355383148194,1.191363177959334,6.090415539306238,63.66666666560556,0.1476637985347092,2.8513748694694403
2666,0.0,2.772588722239781,5.37989735354046,3.1354942159291497,6.2878585601617845,3.4011973816621555,87.27621459960938,20.091614273071293,118.06649780273438,364.8013549804688,1084.188733477213,0,753,66,819,590.2356816558838,0.323645995801556,4.343912510416916,11.409090908918044,0.7206784879794421,1.8368742642493685
2667,0.0,2.5649493574615367,4.912654885736052,2.70805020110221,5.438079308923196,2.1972245773362196,22.43270874023437,15.757961151123048,46.14175415039063,235.19908447265624,813.1724503727867,1,364,34,398,319.5315085144043,0.1961816911560248,1.4235793909932342,10.7058823526263,0.8028429862150791,2.544889717295546
2668,3.713572066704308,2.302585092994046,4.897839799950911,3.044522437723423,4.23410650459726,3.2188758248682006,52.87230834960937,17.82096611022949,27.796563720703126,245.43500976562493,739.5320833059913,0,241,53,294,343.9248479461669,0.1132542734923344,2.9668598222793903,4.54716981123496,1.1698124079761807,2.150272327574298
2669,4.553876891600541,2.1972245773362196,5.799092654460526,2.995732273553991,5.517452896464707,2.9444389791664403,25.150836181640624,12.270378616333009,64.41685180664062,182.783642578125,913.5551147516898,1,671,45,716,284.62170918273927,0.3524213157025541,2.049719651365347,14.911111110779752,0.3975163536066226,3.209716916434996
2670,0.0,2.3978952727983707,5.236441962829949,2.833213344056216,6.988413181999592,2.6390573296152584,67.91923828125,15.427014358520507,137.81035766601562,276.45087890625,1188.541599715723,0,1270,39,1309,497.60748921203617,0.4984985333045418,4.402617168715789,32.56410256326759,0.3801432308721589,2.388512282231515
2671,0.0,2.1972245773362196,5.480638923341991,1.9459101490553132,5.429345628954441,2.772588722239781,34.054211425781254,19.962133529663088,91.27831420898436,275.62470703125,838.7160712374582,1,466,29,495,420.9193661956787,0.3311688389325132,1.7059404684109467,16.06896551668728,0.8503421539289462,1.9925813317070329
2672,4.394449154672439,1.9459101490553132,5.820082930352362,2.5649493574615367,5.594711379601839,2.6390573296152584,18.25565185546875,11.170495834350588,52.70657958984375,163.31180419921876,875.8277695197648,1,684,31,715,245.44453147888183,0.3227358845734505,1.6342740845662551,22.0645161283205,0.3432790650049491,3.568332788834422
2673,4.143134726391533,2.3978952727983707,5.313205979041787,2.6390573296152584,3.5553480614894135,2.302585092994046,24.182171630859376,21.07874652099609,40.43556518554688,309.3514526367188,757.6337800538453,1,298,32,330,395.0479359741212,0.1307107655088367,1.1472300597013585,9.312499999708985,1.1971149574937092,1.9178274610743915
2674,0.0,5.934894195619588,5.568344503761097,6.8679744089702925,0.0,6.930494765951626,197.9106262207032,31.03431381225586,24.696551513671874,12771.136962890629,14690.25368791519,0,261,2359,2620,13024.77845443726,0.0019337786123061,6.377154894147152,0.1106401017379776,4.971289486424538,1.1278697552747556
2675,3.6635616461296463,1.791759469228055,6.641182169740591,3.4339872044851463,7.725330037917135,3.332204510175204,145.92425537109378,29.55694102478028,433.9125,399.5212280273437,1240.297289195273,0,3067,62,3129,1008.9149244232176,1.0860812131094484,4.937055402445575,49.467741934686,0.3224400525480649,1.2293378353017266
2676,0.0,2.302585092994046,6.298949246855942,3.044522437723423,7.19668657083435,3.4339872044851463,142.75277709960938,30.474837249755858,277.7298706054687,550.554052734375,1201.931221322883,0,1877,59,1936,1001.5115376892088,0.5044552287383854,4.684283493460453,31.813559321494687,0.5173096785582085,1.2001171989440111
2677,0.0,2.70805020110221,5.564520407322694,2.995732273553991,5.37989735354046,3.1780538303479458,108.93191528320312,26.956194305419924,43.529205322265625,482.25373535156245,913.1801783683612,0,476,56,532,661.6710502624511,0.090262038697207,4.041071749407139,8.499999999848216,1.2437425756789613,1.380112033018173
2678,4.343805421853684,2.302585092994046,6.1675164908883415,2.995732273553991,7.645397699428633,3.4339872044851463,144.9537780761719,26.39546534729004,354.9960021972656,496.6136352539064,1387.774969301151,0,2642,58,2700,1022.958880874634,0.7148333774908335,5.4916166911057065,45.55172413714566,0.3788736595830574,1.3566283017292358
2679,3.295836866004329,2.0794415416798357,6.373319789577012,3.295836866004329,5.198497031265826,3.4011973816621555,139.76455078125,32.65689463806152,171.97102661132809,591.7042968750001,1059.588204203945,0,791,62,853,936.0967689056396,0.2906367716429935,4.279786927875102,12.758064515923255,1.097417079606732,1.1319216553236726
2680,0.0,2.1972245773362196,5.43372200355424,3.295836866004329,7.388327859577107,3.1780538303479458,164.09635620117186,30.75315348815918,263.5185607910156,578.3375244140625,1211.8135388114008,0,1844,57,1901,1036.7055948944092,0.4556483881234257,5.335919656467672,32.3508771924149,0.545347498629071,1.16890807262756
2681,0.0,2.3978952727983707,5.786897381366708,2.70805020110221,0.6931471805599453,3.295836866004329,109.03178100585936,28.03570944213867,76.10004272460937,491.9664184570312,939.5287003212296,0,326,50,376,705.1339516296387,0.1546854416671965,3.889032350937825,6.519999999869601,1.875356254329157,1.33241166185311
2682,3.4011973816621555,2.5649493574615367,5.8522024797744745,3.713572066704308,8.678971846978863,4.31748811353631,246.69882202148435,30.398955047607423,863.2689697265624,680.8155395507813,2008.836340222843,0,6253,126,6379,1821.182286346436,1.2679924584196482,8.11537178258322,49.62698412659026,0.2854965176902571,1.1030396876151078
2683,0.0,2.0794415416798357,6.251903883165888,3.295836866004329,7.045776576879511,3.4965075614664802,131.14742431640624,27.328130859375005,237.6431762695312,507.6223754882813,1205.8713491326655,0,1665,65,1730,903.7411069335938,0.4681495295404865,4.798989912133588,25.61538461499053,0.5223937034295211,1.334310611611847
2684,0.0,2.1972245773362196,5.855071922202427,3.332204510175204,5.484796933490655,3.1780538303479458,70.26229248046876,33.34511846923828,86.91503906249999,557.3183349609375,881.8326259311239,1,588,58,646,747.8407849731445,0.1559522334186904,2.1071237921430805,10.137931034307968,1.157648273950444,1.1791716146660975
2685,0.0,2.8903717578961645,5.87493073085203,3.1780538303479458,6.144185634125646,3.4657359027997265,141.31906127929685,29.252254623413087,121.54564819335936,558.3510498046875,1059.0611795812115,0,820,71,891,850.4680139007568,0.2176867908382345,4.831048515534117,11.54929577448522,0.9545095554431002,1.2452686782686582
2686,3.6888794541139363,2.1972245773362196,5.5909869805108565,3.295836866004329,6.306275286948016,3.2188758248682006,144.0127990722656,31.0515429840088,144.8260070800781,559.6195678710938,1037.1677748767409,0,853,58,911,879.5099170074462,0.2587936794825935,4.637862895953117,14.706896551470573,0.9654334983605716,1.1792564868450262
2687,0.0,2.3978952727983707,5.594711379601839,2.6390573296152584,6.542471960506805,2.995732273553991,110.99910278320311,26.513524841308595,136.48178100585938,473.52041015625,1044.989999232082,0,961,42,1003,747.5148187866212,0.288227873769022,4.186508713699124,22.8809523804076,0.7452789818403548,1.397952218428164
2688,0.0,2.1972245773362196,6.133398042996649,3.1780538303479458,7.453561871643373,3.1780538303479458,140.36011962890626,29.423209121704105,313.442138671875,518.4521118164063,1242.3061548200296,0,2185,54,2239,1001.6775792388916,0.6045729808547221,4.770387860942023,40.46296296221365,0.4473772127014043,1.2402255781373637
2689,3.6635616461296463,2.1972245773362196,5.983936280687191,3.295836866004329,6.326149473155099,3.1354942159291497,132.65134277343748,30.96473849487305,141.83113403320314,493.1178955078125,953.4827849803236,0,992,56,1048,798.5651108093261,0.2876211456225045,4.283948427050889,17.71428571396939,0.7619896095501566,1.193995044452666
2690,3.6635616461296463,2.0794415416798357,6.16541785423142,2.8903717578961645,6.063785208687608,3.2188758248682006,85.21364135742188,27.74719940185547,92.78690185546874,352.22288818359374,768.4760268157363,0,942,48,990,557.9706307983398,0.2634323463012454,3.071071790713859,19.624999999591147,0.5636066977755315,1.377269670475003
2691,0.0,2.302585092994046,6.682108597449809,3.2188758248682006,0.6931471805599453,3.1780538303479458,50.01097412109375,27.91010563659668,146.7838256835937,390.9806762695313,875.3377794819507,1,798,56,854,615.6855817108154,0.3754247577750609,1.791859005138476,14.249999999745537,0.7209433041101809,1.4217285664676669
2692,0.0,2.0794415416798357,5.82600010738045,3.1780538303479458,5.327876168789581,3.332204510175204,119.92653808593752,28.995448654174805,87.04566650390625,512.4313842773438,958.0630410399656,0,543,57,600,748.3990375213623,0.1698679455913741,4.136046988344645,9.526315789306556,1.2473317292001915,1.2801500175784746
2693,3.7612001156935624,2.302585092994046,5.60947179518496,2.995732273553991,6.8658910748834385,2.995732273553991,124.89609375,29.59021183776856,134.67848510742186,503.95279541015634,992.585916873544,0,1272,47,1319,793.1175861053467,0.2672442465519865,4.220858384878591,27.06382978665821,0.601302188100641,1.2514990642767707
2694,4.718498871295094,2.70805020110221,5.749392985908253,2.995732273553991,5.356586274672012,3.295836866004329,125.64755859375002,32.1041390991211,90.54393310546874,573.962255859375,956.4016196933125,0,635,59,694,822.2578866577148,0.1577524169594436,3.913749507560416,10.76271186422436,1.1848096349517725,1.1631407070836344
2695,0.0,2.772588722239781,4.941642422609304,3.295836866004329,6.63200177739563,3.1780538303479458,130.3427307128906,27.07653405761719,105.15668334960937,528.5262451171875,1064.9865111540198,0,897,64,961,791.1021932373046,0.1989620843258115,4.813863193520835,14.015624999781004,0.8232072770410837,1.3462059898918934
2696,0.0,1.9459101490553132,6.476972362889683,3.044522437723423,6.9440872082295275,3.6375861597263857,129.13181762695314,29.67116848754884,282.6889343261718,502.5500244140626,1174.2025602201556,0,1685,63,1748,944.0419448547364,0.5625090450551752,4.352097480649936,26.74603174560721,0.5400697625024006,1.2438033782488247
2697,4.844187086458591,2.1972245773362196,5.68697535633982,2.8903717578961645,3.367295829986474,3.2188758248682006,59.728765869140624,33.91131106567383,70.87335205078124,556.3871704101563,844.262717691208,1,448,49,497,720.9005993957519,0.1273813556815258,1.7613228150249485,9.142857142670554,1.4505042241334032,1.1711222301627786
2698,4.330733340286331,2.0794415416798357,5.958424693029782,3.091042453358316,6.220590170099739,3.4965075614664802,144.80826416015623,32.71814726257325,145.02513427734374,580.9916015625,1017.0486018858852,0,963,60,1023,903.5431472625733,0.2496165760177397,4.425931058797407,16.049999999732503,0.8832288829537537,1.1256226168789714
2699,5.003946305945459,1.3862943611198906,4.04305126783455,2.5649493574615367,5.3706380281276624,3.258096538021482,55.788684082031246,32.39791818237305,16.087884521484373,378.4314697265625,591.4560364581386,0,418,40,458,482.7059565124512,0.0425120155389461,1.7219836091401266,10.44999999973875,1.053943136487767,1.2252925999301545
2700,0.0,2.302585092994046,6.444131256700441,2.833213344056216,7.492203042618741,3.5263605246161616,137.90253295898438,25.48621614074707,352.4153137207031,460.66311035156247,1375.0269157928662,0,2421,58,2479,976.467173171997,0.7650174407301394,5.410867277904644,41.74137930962515,0.3938955922434865,1.4081650193367616
2701,3.6635616461296463,1.791759469228055,6.715383386334681,3.091042453358316,7.762170607138205,3.044522437723423,183.7845703125,31.38275422668457,481.74603881835935,617.7528076171874,1486.0970432765282,0,3211,46,3257,1314.6661709747314,0.7798362595481891,5.856228200339817,69.80434782456948,0.4036432824606471,1.1303987857035696
2702,4.882801922586371,2.5649493574615367,6.1675164908883415,3.044522437723423,5.4116460518550396,3.1780538303479458,66.95733032226562,35.95425773620606,119.998828125,597.4926635742188,903.5988073510134,1,830,55,885,820.4030797576904,0.2008373247747723,1.8622921049202208,15.090909090634712,0.9270091296686592,1.1014083560203038
2703,0.0,2.302585092994046,6.455198563340122,3.2188758248682006,6.375024819828097,2.995732273553991,146.0511474609375,30.11258056640625,219.69464721679685,553.0067504882812,1147.5755680224404,0,1221,52,1273,948.8651257324218,0.3972729935437833,4.850170417444154,23.48076923031768,0.7453771608261401,1.20941905956911
2704,0.0,2.302585092994046,5.817111159963204,3.295836866004329,1.791759469228055,3.5553480614894135,145.9845703125,33.019201217651364,111.99869384765624,606.7337402343751,1001.4304675914892,0,340,69,409,897.7362056121826,0.1845928228817598,4.421202358766892,4.9275362318126446,2.19495404794618,1.1155063829774807
2705,3.713572066704308,1.791759469228055,6.561030665896573,3.091042453358316,7.586803535162581,3.332204510175204,156.93239135742186,30.260872192382813,387.89978027343744,537.8757568359376,1327.718132372215,0,2717,53,2770,1112.9688006591798,0.7211698525967087,5.185983746751969,51.26415094242898,0.4017937908515444,1.1929517984553135
2706,0.0,2.4849066497880004,6.118097198041348,3.1354942159291497,7.455298485683291,3.258096538021482,153.42918090820314,27.691540145874026,288.9638305664062,510.3143188476562,1266.337269403603,0,2181,58,2239,980.3988704681396,0.5662467618356289,5.540651769256073,37.60344827521374,0.4378735464348824,1.2916551696939802
2707,0.0,2.1972245773362196,5.765191102784844,2.833213344056216,4.04305126783455,3.4965075614664802,105.46331176757812,30.909388595581056,105.32235717773436,494.35198974609375,901.5358892647552,0,374,56,430,736.0470472869872,0.2130513467370008,3.412015460546625,6.678571428452169,1.7117373192680825,1.2248345979873465
2708,3.912023005428146,2.5649493574615367,6.429719478039138,2.9444389791664403,5.393627546352362,3.5263605246161616,53.2834716796875,31.98582513427735,175.01209716796873,482.4241333007813,924.7976409028728,1,887,63,950,742.7055272827149,0.3627764141278761,1.6658464008458815,14.079365079141596,0.7817952918757191,1.2451740386060146
2709,3.6635616461296463,2.302585092994046,6.1092475827643655,2.70805020110221,7.587817219993427,3.828641396489095,130.40469360351562,27.293063781738283,325.7083740234375,488.2417602539063,1299.0190988984089,0,2460,68,2528,971.6478916625975,0.6671047020914154,4.777942653913084,36.176470587703285,0.3843543875246097,1.3369237046089872
2710,3.6635616461296463,0.6931471805599453,5.937536205082426,2.3978952727983707,6.663132695990803,3.1354942159291497,104.72338256835938,33.302187744140625,223.88746948242184,332.93865966796875,795.7258855105891,0,1198,33,1231,694.8516994628906,0.6724586135627105,3.14463972666902,36.30303030193021,0.564461169343888,1.1451736911984638
2711,0.0,1.0986122886681098,6.705639094860003,3.2188758248682006,7.7458682297922685,3.332204510175204,193.5193359375,32.75946633911133,478.5695617675781,606.0349365234375,1417.751138457984,0,3127,53,3180,1310.883300567627,0.7896732233163598,5.907279866172642,58.9999999988868,0.4122274530085581,1.0815235329056374
2712,3.4657359027997265,1.6094379124341003,5.948034989180646,3.091042453358316,7.312553498102598,3.6109179126442243,172.27430419921873,32.333073028564456,314.1032409667969,631.5188964843751,1279.3428850683956,0,1911,61,1972,1150.2295146789552,0.497377422457019,5.328114158579853,31.327868851945446,0.5832806869565781,1.1122500933427757
2713,3.7612001156935624,2.1972245773362196,6.2878585601617845,2.70805020110221,5.4116460518550396,3.5263605246161616,51.52708740234374,29.65201332092285,125.9073303222656,444.92625732421874,873.8660792874964,1,802,55,857,652.0126883697509,0.2829847154429316,1.7377264350629378,14.58181818155306,0.7608082711423455,1.3402593153073643
2714,0.0,2.3978952727983707,6.309918278226516,3.1780538303479458,7.61085279039525,3.828641396489095,158.241357421875,29.146344863891603,397.7350708007812,523.9771362304688,1365.0460422363285,0,2568,78,2646,1109.099909317017,0.7590695152490019,5.429200750742695,32.92307692265483,0.4191609634605432,1.2307692307681213
2715,3.6635616461296463,1.9459101490553132,6.023447592961033,2.995732273553991,7.194436851100335,3.8066624897703196,135.6308349609375,33.73774200439453,299.29136352539064,519.4331909179688,1090.4932716984945,0,1781,69,1850,988.0931314086914,0.5761883698573276,4.020151524641177,25.811594202524468,0.5341043953557607,1.1036340978736598
2716,3.4011973816621555,2.3978952727983707,6.48768401848461,3.044522437723423,7.432483807917119,3.5263605246161616,132.47698974609372,27.725624267578127,290.2780700683594,462.2534912109375,1201.2399974295124,0,2374,63,2437,912.7341752929688,0.6279629588244051,4.77814271962965,37.68253968194155,0.3745318733248232,1.3160896457532372
2717,3.6888794541139363,1.9459101490553132,5.8944028342648505,3.2188758248682006,4.30406509320417,2.8903717578961645,91.90068969726562,27.69818133544922,94.58860473632812,407.0221801757813,851.2796088156574,0,474,47,521,621.2096559448242,0.2323917696456876,3.3179322707491115,10.085106382764147,1.192340990294879,1.3703579792550706
2718,3.6375861597263857,1.0986122886681098,5.814130531825066,2.8903717578961645,6.9726062513017535,3.4965075614664802,115.37852783203124,29.203970031738283,262.1947631835937,459.7285034179688,1106.9221819812094,0,1437,51,1488,866.505764465332,0.5703252272453623,3.950782297841335,28.17647058768281,0.5823291427854501,1.2774550699763043
2719,0.0,1.0986122886681098,6.295266001439646,2.833213344056216,4.574710978503383,3.295836866004329,49.084826660156246,29.148275848388675,153.23554687499998,391.3937622070313,850.5565720536756,1,637,44,681,622.8624115905761,0.391512491181587,1.6839701570611318,14.4772727269437,0.9146290919084604,1.3655609268189446
2720,3.6635616461296463,2.302585092994046,6.259581464064923,2.9444389791664403,4.762173934797756,3.8918202981106265,91.18218383789062,28.28434739685059,90.83864135742186,404.6589843750001,827.392547546705,0,676,75,751,614.9641569671631,0.2244819585496132,3.2237683463334856,9.013333333213156,0.8188603954278886,1.345432149453776
2721,3.713572066704308,1.9459101490553132,6.324358962381311,2.5649493574615367,7.417580402414544,3.2188758248682006,133.21939086914062,33.53509840393067,330.5830078125,479.3672973632813,1085.9345380191369,0,2261,42,2303,976.7047944488526,0.6896236135217272,3.972536154823192,53.8333333320516,0.4241010831300167,1.11183496199669
2722,3.6635616461296463,1.0986122886681098,6.669498089857879,2.3978952727983707,7.440733707389261,3.7376696182833684,138.30281982421877,32.229288848876955,367.92015380859374,488.6755004882813,1178.0924266512654,0,2528,53,2581,1027.1277629699707,0.7528925707145488,4.291215374575254,47.69811320664721,0.3979572890234687,1.146977493085796
2723,5.017279836814924,1.3862943611198906,3.970291913552122,2.772588722239781,5.3471075307174685,3.258096538021482,49.75471801757812,29.618398223876955,12.040026855468753,324.2810668945313,557.8225100536469,0,411,43,454,415.6942099914551,0.0371283682107395,1.679858500105801,9.55813953466144,0.9156260131950208,1.341905892948981
2724,3.6635616461296463,1.791759469228055,6.030685260261263,3.1780538303479458,7.8168199657645525,3.6888794541139363,127.35137329101562,25.96036015319825,289.94353637695315,453.1776489257813,1255.8492467507483,0,2934,67,3001,896.4329187469483,0.6398010516705747,4.905608879637236,43.7910447754658,0.2987114024480671,1.4009405728928366
2725,0.0,2.6390573296152584,6.0844994130751715,3.367295829986474,4.852030263919617,3.5263605246161616,58.86639404296874,31.846824188232425,125.52341308593748,467.1227416992188,850.093767700543,1,565,74,639,683.3593730163575,0.2687161250789487,1.8484227404650213,7.635135135031957,1.0694199890693084,1.243992255417488
2726,0.0,2.0794415416798357,6.343880434126331,2.995732273553991,7.757478766584179,3.6109179126442243,176.91954345703127,32.40343670654297,438.8731567382812,578.4080932617188,1356.7839391709426,0,2906,62,2968,1226.6042301635744,0.7587604009180773,5.459900598008094,46.87096774117951,0.413276357871685,1.1061301647303972
2727,3.5553480614894135,2.70805020110221,5.8888779583328805,3.091042453358316,3.6888794541139363,3.4011973816621555,86.73964233398438,27.28085916137696,76.55883178710937,376.2094116210938,791.566875207774,0,433,64,497,566.7887449035645,0.203500575535876,3.1795055213512864,6.765624999894286,1.1404200098640325,1.3965818522755908
2728,4.1588830833596715,2.0794415416798357,6.20455776256869,3.4011973816621555,6.688354713946762,3.4011973816621555,140.2633850097656,29.12714978027344,249.14635620117187,475.1779174804688,1118.4405302474795,0,1359,65,1424,893.7148084716798,0.5243222528557173,4.815554768079106,20.90769230737065,0.6276087138139411,1.2514512679484928
2729,0.0,1.9459101490553132,6.091309882077698,3.2188758248682006,7.789040401657477,3.6888794541139363,171.7670654296875,30.823132965087893,382.13783569335936,617.9800048828124,1394.4145002653645,0,2854,69,2923,1202.7080389709472,0.6183660194073849,5.572667308630449,41.362318839980254,0.4114635781630297,1.1593956763249744
2730,0.0,1.9459101490553132,6.144185634125646,3.1780538303479458,5.472270673671475,3.4011973816621555,93.1467041015625,33.13398252868652,103.97147827148436,399.16494140625,731.2181712933419,0,702,58,760,629.4171063079834,0.2604724701145708,2.811213654081798,12.10344827565339,0.8281804030357306,1.1617386371675509
2731,3.6888794541139363,3.295836866004329,6.448889394146858,3.332204510175204,5.5053315359323625,3.091042453358316,71.93660888671876,32.45226017761231,155.7732238769531,520.83251953125,943.4355032625524,1,915,74,989,780.9946124725342,0.2990850571635775,2.216690254878724,12.364864864697772,0.789681104622593,1.2079923320783763
2732,3.6635616461296463,1.3862943611198906,6.150602768446279,3.1780538303479458,7.471932078245122,3.4965075614664802,154.00761108398436,31.672865936279297,324.61875,547.3078857421875,1215.7324728478216,0,2263,58,2321,1057.6071127624512,0.5931190806052452,4.862446340945604,39.01724137863764,0.455668725877637,1.1495123833568028
2733,0.0,1.9459101490553132,6.343880434126331,2.995732273553991,7.843064016692054,3.4657359027997265,175.36256103515623,33.81975645446778,468.9429565429687,625.1384399414063,1391.2348638096169,0,3115,56,3171,1303.263713973999,0.7501425709578381,5.185210640593027,55.6249999990067,0.4109945487144711,1.0675006515498715
2734,0.0,1.6094379124341003,5.905361848054571,2.833213344056216,7.793999089503996,3.912023005428146,142.19049682617188,26.80014880371094,374.33364257812497,491.8390502929688,1390.1164819474611,0,2791,69,2860,1035.1633385009766,0.7610897149268411,5.305586094401744,40.44927536173262,0.3619452232519631,1.3428957829584174
2735,4.343805421853684,2.3978952727983707,5.60947179518496,2.8903717578961645,7.317876198626496,3.58351893845611,84.01442871093751,27.32961277770996,164.8263427734375,370.2058959960938,903.757379736303,0,1854,62,1916,646.3762802581787,0.4452288430725896,3.0741170535861224,29.903225805969303,0.3373571400093118,1.3981908175434932
2736,4.174387269895637,2.5649493574615367,5.703782474656201,3.1354942159291497,5.799092654460526,3.1780538303479458,53.75264282226563,27.99785815429688,83.69077148437499,444.52866210937503,861.3071971041971,1,692,57,749,609.9699345703125,0.1882685608776219,1.9198841041380243,12.140350876979994,0.8143790848724941,1.412048608116275
2737,0.0,2.70805020110221,5.739792912179234,3.091042453358316,5.666426688112432,3.367295829986474,51.252044677734375,30.018511184692382,70.513330078125,499.19370117187503,862.599926179789,0,598,63,661,650.9775871124268,0.1412544467457245,1.7073479880695237,9.492063491912823,0.9848374994121664,1.32508390957781
2738,0.0,2.0794415416798357,6.0112671744041615,2.70805020110221,5.645446897643238,3.332204510175204,44.01524047851563,29.869061965942382,126.34222412109376,415.1427612304688,825.0581351268413,0,689,48,737,615.3692877960206,0.3043344023302139,1.473606386676272,14.354166666367622,0.8349651123408217,1.3407528641549409
2739,3.6375861597263857,2.302585092994046,6.47543271670409,2.772588722239781,5.659482215759621,3.4965075614664802,54.59375610351562,32.02818205261231,185.5642456054688,448.4925659179688,895.159443140897,0,971,56,1027,720.6787496795655,0.4137509954601913,1.7045536962457175,17.339285713976086,0.7017319860553688,1.2421060611786716
2740,4.700480365792417,1.9459101490553132,5.869296913133774,2.8903717578961645,4.787491742782046,3.2188758248682006,45.706530761718746,32.972443450927734,77.03992309570312,476.86640625,770.2919073578595,0,581,47,628,632.5853035583496,0.1615545194331699,1.3862039320305974,12.36170212739656,1.0073014387855768,1.2176885915997102
2741,0.0,1.9459101490553132,6.186208623900494,3.295836866004329,3.5263605246161616,3.1780538303479458,69.92874755859376,32.2075640258789,133.23043212890622,509.7394409179688,908.150993416403,0,518,55,573,745.1061846313477,0.2613696752378345,2.171190205513045,9.41818181801058,1.300359833560292,1.2188209038480944
2742,0.0,1.3862943611198906,5.950642552587727,3.091042453358316,5.332718793265369,3.6375861597263857,48.9632080078125,31.26996377563477,145.8439453125,410.3423583984375,812.9022130272082,1,589,61,650,636.4194754943848,0.355420156674471,1.56582234496857,9.655737704759742,0.9791068853744702,1.277305683322231
2743,3.784189633918261,2.1972245773362196,6.073044534100405,3.4011973816621555,6.025865973825314,3.295836866004329,127.71177978515624,26.820985473632813,107.2753967285156,510.2764526367187,1050.650691528239,0,889,63,952,772.0846146240233,0.2102299570634469,4.76163636514943,14.111111110887126,0.8110132506546347,1.3607973421909283
2744,0.0,1.9459101490553132,6.352629396319567,2.995732273553991,7.220373836723949,3.58351893845611,156.24816284179687,33.354464035034184,315.27570190429685,605.6132446289063,1217.8649846882424,0,1939,60,1999,1110.491573410034,0.5205891791500756,4.684475297609209,32.31666666612806,0.5555235484789788,1.096689982930168
2745,3.6375861597263857,1.3862943611198906,6.302618975744905,3.2188758248682006,7.529406457837013,3.713572066704308,131.19933471679687,30.60398867797852,356.1111145019531,457.9505126953125,1178.8808369032258,0,2443,67,2510,975.8649505920408,0.7776192069427955,4.287001151811168,36.46268656661996,0.3887908169687857,1.2080368663582093
2746,3.6635616461296463,2.4849066497880004,5.337538079701318,3.044522437723423,6.272877006546167,3.044522437723423,150.6441467285156,33.966301712036135,158.371435546875,593.9538940429687,1015.6646676756648,0,774,51,825,936.9357780303956,0.2666392747568235,4.435105947101064,15.176470587937716,1.1356797309445572,1.0840280534592108
2747,3.332204510175204,2.70805020110221,6.848005274576363,3.7612001156935624,5.25227342804663,4.174387269895637,87.69479370117188,35.771737289428714,215.0286987304688,441.3048706054688,849.0327514453749,1,1158,120,1278,779.8001003265382,0.4872565726160304,2.451510615466697,9.649999999919585,0.610172222477252,1.0887825624653766
2748,4.30406509320417,0.6931471805599453,6.251903883165888,2.6390573296152584,7.316548177182976,3.6109179126442243,127.25513305664064,31.189546005249024,330.3822875976562,486.539501953125,1162.5917006838602,0,2095,50,2145,975.3664686126708,0.679045146942267,4.080057241972816,41.899999999162006,0.4547163023833175,1.1919537303105163
2749,0.0,2.302585092994046,6.257667587882639,3.1780538303479458,6.428105272684596,3.091042453358316,164.79986572265622,33.63266551208496,200.1260192871094,613.83193359375,1094.7434703989704,0,1139,53,1192,1012.3904841156008,0.3260273836115407,4.899994193399271,21.490566037330368,0.8493208759351941,1.0813450813440133
2750,3.4339872044851463,1.9459101490553132,5.883322388488279,2.995732273553991,5.54907608489522,3.5263605246161616,114.97197875976563,33.28611117553712,151.73492431640622,466.0177368164062,870.2506774954061,0,644,58,702,766.0107510681153,0.325599032673425,3.454052597192779,11.103448275670631,1.0911834060783818,1.1360815449140942
2751,4.543294782270004,2.0794415416798357,5.700443573390687,3.1354942159291497,3.9318256327243257,3.4011973816621555,93.36785888671876,30.55536479187012,109.86245727539062,462.2552124023438,870.9282111463266,0,441,58,499,696.0408933563233,0.2376662378866361,3.0556944588828965,7.603448275730975,1.3948715297693957,1.251260119136739
2752,0.0,2.302585092994046,6.246106765481563,3.4657359027997265,5.455321115357702,3.4657359027997265,119.95323486328124,29.724856842041017,124.63610229492188,512.054443359375,984.6284871608711,0,748,71,819,786.3686373596191,0.2434040050057825,4.035452062786431,10.53521126745725,0.9601570663719888,1.252120748947586
2753,0.0,1.6094379124341003,6.431331081933479,2.772588722239781,6.4457198193855785,3.5263605246161616,61.18357543945312,28.59961180114746,198.12359619140625,426.5267211914064,981.451267324865,1,1249,52,1301,714.4335046234132,0.4645045347628586,2.139314892199307,24.019230768768864,0.549141817542555,1.37374753699552
2754,4.290459441148391,2.6390573296152584,5.655991810819852,3.091042453358316,6.393590753950631,3.258096538021482,107.77785644531252,26.26758128356933,142.2262023925781,453.29124755859374,1031.867951635877,0,954,59,1013,729.5628876800538,0.3137633986058373,4.103075013938406,16.16949152514967,0.7202002839874961,1.4143646408820392
2755,3.6635616461296463,0.6931471805599453,6.169610732491456,3.295836866004329,7.141245122350491,3.4657359027997265,137.93269042968748,33.302447204589846,306.52525634765624,493.3502563476563,1082.2485389245994,0,1777,58,1835,971.1106503295898,0.6213136659060158,4.141818454907283,30.63793103395452,0.5292156132583437,1.1144441043419466
2756,3.6109179126442243,2.4849066497880004,6.429719478039138,2.9444389791664403,7.674617497364363,3.6888794541139363,133.32601318359374,28.22351390075684,339.45930175781245,471.7166015625001,1259.3546781311734,0,2807,68,2875,972.7254304046631,0.7196255137781411,4.723933867614357,41.27941176409883,0.3383392801406347,1.2946661398643349
2757,0.0,2.0794415416798357,6.393590753950631,2.70805020110221,7.709308333385869,3.295836866004329,122.73563232421874,27.25298712158203,315.0144470214844,431.4768676757813,1209.1316930232558,0,2825,47,2872,896.4799341430664,0.7300842075674409,4.503566224581638,60.10638297744455,0.3121448238658615,1.348754887835499
2758,3.6635616461296463,1.0986122886681098,6.431331081933479,2.6390573296152584,5.278114659230517,3.295836866004329,50.1760986328125,31.2606032409668,149.6592224121094,384.3489257812501,785.4376400919148,1,853,41,894,615.4448500671388,0.3893837405880969,1.605090543020999,20.804878048273054,0.6884170582398773,1.2762112478558485
2759,3.912023005428146,1.791759469228055,5.799092654460526,2.833213344056216,5.521460917862246,3.4339872044851463,50.03388061523437,35.9690419921875,137.7593811035156,505.5053100585938,813.9460188698525,0,627,51,678,729.2676137695313,0.2725181681816067,1.3910262226252992,12.294117646817764,1.0756159495109965,1.116114309068942
2760,0.0,2.5649493574615367,5.981414211254481,3.044522437723423,4.532599493153256,3.332204510175204,53.76549682617188,34.466810897827145,114.34520874023436,494.8786743164063,808.3416849821384,0,487,59,546,697.4561907806396,0.2310570543334736,1.559920846288725,8.254237287995691,1.2773922908046929,1.158985604638808
2761,0.0,1.6094379124341003,5.552959584921617,2.995732273553991,0.6931471805599453,2.772588722239781,38.69434204101563,30.775347335815432,83.32119140625,411.0704223632813,738.355466012628,0,258,38,296,563.8613031463624,0.2026932293669444,1.2573161764035394,6.789473684031856,1.904936834947492,1.3094629155987008
2762,3.6635616461296463,1.791759469228055,5.937536205082426,2.9444389791664403,5.272999558563747,3.332204510175204,45.352880859375,34.20312423706055,134.5988342285156,448.9882690429688,779.8267853938632,0,610,50,660,663.1431083679199,0.2997825188509202,1.3259864959618872,12.199999999756,1.004762285404417,1.1759554997290718
2763,0.0,2.3978952727983707,5.950642552587727,3.295836866004329,5.19295685089021,2.9444389791664403,75.00591430664062,36.08087942504883,120.01635131835936,601.8008056640625,908.5115893944942,0,562,54,616,832.9039507141113,0.1994286983144311,2.078827220948767,10.40740740721468,1.3521168031051285,1.0907759395479733
2764,0.0,2.5649493574615367,6.75343791859778,2.995732273553991,1.0986122886681098,3.2188758248682006,49.84733276367187,31.1240122833252,121.3831604003906,467.6287719726563,858.8870558467979,1,858,55,913,669.983277420044,0.2595716253473571,1.60157155537354,15.599999999716363,0.7338261527046114,1.2819529752337973
2765,3.6888794541139363,2.302585092994046,5.926926025970411,3.367295829986474,7.104144092987527,3.6635616461296463,166.67770385742188,32.95113276672364,268.5524963378906,578.1292602539063,1150.0957874106873,0,1629,75,1704,1046.3105932159424,0.4645198138206697,5.058330013488531,21.7199999997104,0.6140320382719063,1.0991915735791715
2766,3.6635616461296463,2.0794415416798357,6.298949246855942,3.091042453358316,5.793013608384144,3.1780538303479458,105.53417358398436,27.89221284484864,158.86686401367186,454.53222656250006,1003.4433832417584,0,908,51,959,746.8254770050048,0.3495172723280546,3.783642917370453,17.803921568278355,0.778754407720778,1.34361161226653
2767,0.0,2.1972245773362196,5.459585514144159,3.295836866004329,5.6240175061873385,3.332204510175204,102.67003784179688,28.383655883789064,66.54990234374999,523.868701171875,956.8625991014692,0,510,61,571,721.472297241211,0.1270354617383196,3.617223879071133,8.360655737567859,1.2635241632923773,1.3262638118733387
2768,0.0,2.1972245773362196,6.0844994130751715,2.995732273553991,4.290459441148391,3.091042453358316,108.93619995117189,29.429326400756835,118.11588134765624,516.0596557617188,986.0023980486096,0,510,48,558,772.5410634613038,0.228880285503204,3.701620569360661,10.624999999778646,1.3844821925805006,1.2763106644838196
2769,3.7376696182833684,1.9459101490553132,6.150602768446279,2.833213344056216,5.545177444479562,3.2188758248682006,50.43218994140625,30.6655307006836,173.18649902343748,432.65244140625,892.7397679860394,1,764,46,810,686.9366610717773,0.4002901230838527,1.644588852285456,16.608695651812855,0.8480699519394188,1.299595462836214
2770,3.4965075614664802,1.6094379124341003,6.037870919922137,3.1354942159291497,6.911747300251674,3.332204510175204,131.65235595703123,28.686975128173827,227.4367126464844,514.2937133789063,1153.1627901923302,0,1453,53,1506,902.0697571105958,0.4422311739954674,4.589272844704515,27.415094339105377,0.5989839024634773,1.278352124213462
2771,0.0,1.3862943611198906,6.573680166960646,2.995732273553991,7.796469243086058,3.295836866004329,144.15864257812498,25.234813934326173,480.4349853515625,390.6656982421876,1468.2792292752251,0,3146,48,3194,1040.4941401062013,1.229785434226923,5.712688944233409,65.54166666530122,0.3257652285866861,1.4111364712961765
2772,0.0,1.3862943611198906,6.473890696352274,2.302585092994046,6.717804695023691,3.332204510175204,105.10471801757812,30.30629772949219,218.4568725585937,428.1205444335937,975.3795806783144,0,1473,39,1512,781.9884327392576,0.5102695383308533,3.468081748297111,37.76923076826233,0.5171881168907013,1.2473069163700696
2773,3.367295829986474,2.772588722239781,6.18826412308259,2.70805020110221,7.181591944611865,3.367295829986474,108.36139526367188,26.097225540161137,209.48977661132807,443.3703002929688,1119.3049193674346,0,1828,57,1885,787.3186977081299,0.4724939322106816,4.152218981774972,32.07017543803386,0.4176757017017041,1.421666883594012
2774,4.770684624465665,2.3978952727983707,5.840641657373398,2.8903717578961645,5.700443573390687,3.4339872044851463,103.48939819335938,26.909072296142583,110.25593261718748,489.03522949218745,1014.3589801883588,0,758,57,815,729.6896325988769,0.2254560120984564,3.8458924577771008,13.298245613801786,0.8953247025742105,1.3901238757829242
2775,0.0,2.1972245773362196,5.707110264748875,3.1354942159291497,5.5909869805108565,3.1780538303479458,45.58524169921875,32.103764877319335,82.42750854492186,494.1179077148437,817.3378156811162,1,567,53,620,654.2344228363036,0.1668174888175154,1.4199344491836805,10.69811320734532,1.055216811024594,1.2493042052670678
2776,0.0,1.9459101490553132,6.593044534142437,3.367295829986474,7.044032897274685,3.091042453358316,138.4428955078125,30.698187789917,264.2210815429688,548.6813964843751,1175.4676876643778,0,1874,55,1929,982.0435613250734,0.4815564792891816,4.509806782430821,34.07272727210777,0.5090946403963527,1.1969608416118729
2777,3.7612001156935624,2.8903717578961645,5.802118375377063,3.4339872044851463,6.590301048196686,3.1780538303479458,124.86478271484374,29.16451208496094,133.7768371582031,468.3757690429687,958.5148942787512,0,1099,70,1169,756.1819010009765,0.2856186122336419,4.281394536853935,15.699999999775711,0.6468621907616164,1.267571854085206
2778,4.3694478524670215,2.772588722239781,6.059123195581797,2.9444389791664403,6.755768921984255,3.044522437723423,161.8793701171875,33.77232508850098,197.5437377929688,642.5568969726563,1118.3449436041913,0,1363,53,1416,1035.7523299713137,0.3074338455059299,4.793255119041597,25.71698113159025,0.7314635098662303,1.079741663370514
2779,0.0,1.791759469228055,5.777652323222656,3.1354942159291497,6.949856455000773,2.8903717578961645,170.16888427734372,33.75575454711914,218.6687438964844,617.7493652343751,1116.531873608018,0,1364,44,1408,1040.3427479553225,0.3539764768728935,5.041181468326132,30.99999999929545,0.7388797925813804,1.0732346390661769
2780,0.0,1.6094379124341003,5.5909869805108565,2.6390573296152584,5.327876168789581,3.332204510175204,39.6489990234375,34.478935684204096,114.58416137695312,426.8778442382812,721.7823438830643,1,472,44,516,615.5899403228759,0.2684237725692888,1.149948460864238,10.727272727028929,1.193003760313339,1.1725050989353694
2781,4.394449154672439,2.3978952727983707,6.104793232414985,3.295836866004329,6.664409020350408,3.8918202981106265,101.57003173828124,28.454433700561523,193.93873901367184,433.6128662109375,1003.446084461781,0,1310,84,1394,757.5760706634521,0.4472624179903374,3.569567850254116,15.595238095052435,0.5434548570035213,1.324548284084108
2782,0.0,2.1972245773362196,5.44673737166631,3.1780538303479458,6.309918278226516,3.091042453358316,117.6958740234375,25.867009277343747,154.83812255859374,453.0261840820312,1066.243717143723,0,780,52,832,751.4271899414061,0.3417862543022785,4.550037955952421,14.99999999971154,0.9031576802169508,1.4189581258371105
2783,0.0,1.3862943611198906,6.336825731146441,3.044522437723423,7.8709295967551425,3.784189633918261,137.12437133789064,25.82736671447754,390.8357116699218,457.18114013671874,1408.4786884566329,0,3183,66,3249,1010.9685898590088,0.8548815280354491,5.309266440070959,48.22727272654201,0.31116300087987,1.393197278910187
2784,3.6888794541139363,2.302585092994046,6.272877006546167,3.1354942159291497,4.499809670330265,3.6635616461296463,49.4510009765625,28.10128807067872,100.9224426269531,423.91223144531256,851.3333911627707,1,657,69,726,602.3869631195068,0.2380739104475089,1.7597414342868014,9.521739130296783,0.8297341089788941,1.4132666264101443
2785,3.6635616461296463,1.0986122886681098,6.508769136971682,3.1354942159291497,8.233768709217097,4.465908118654584,177.27385253906246,24.815291336059573,594.6240783691405,508.3504394531251,1806.0784722738408,0,4473,110,4583,1305.0636616973875,1.1697129228562435,7.143734487385151,40.66363636326669,0.2847618725064593,1.383900667285028
2786,0.0,2.4849066497880004,5.723585101952381,3.4965075614664802,5.713732805509369,3.258096538021482,133.126611328125,30.805439758300786,111.20218505859376,544.6245483398437,982.5471249862834,0,607,68,675,819.7587844848633,0.2041813675078777,4.3215293262590535,8.926470588104022,1.2144574584942949,1.198580782031531
2787,0.0,2.302585092994046,6.0014148779611505,3.091042453358316,5.187385805840755,3.1354942159291497,57.62581787109375,30.033749496459965,92.08597412109374,468.0900512695313,852.746714208243,1,581,52,633,647.8355927581788,0.1967270482915538,1.9187020879949512,11.173076922862055,1.023436955382552,1.3163011167329244
2788,3.6375861597263857,2.833213344056216,6.289715570908998,3.295836866004329,5.267858159063328,3.6635616461296463,126.7047180175781,33.47422499084473,142.81721191406248,538.0151733398437,941.3581282493594,0,768,80,848,841.011328262329,0.2654520150932338,3.785142689590184,9.59999999988,0.9917586418176148,1.1193168232266792
2789,4.0943445622221,2.1972245773362196,6.20455776256869,3.1780538303479458,5.049856007249537,3.1354942159291497,73.08720703124999,36.84058460998535,160.49811401367185,560.04814453125,889.5745048053349,1,708,53,761,830.4740501861572,0.2865791371342177,1.983877503655477,13.35849056578569,1.0912931014258422,1.071164721648869
2790,0.0,1.9459101490553132,6.013715156042802,2.8903717578961645,7.1770187659099,3.4339872044851463,137.25439453125,33.33052381896972,258.90358886718747,538.01689453125,1077.9374045255176,0,1716,53,1769,967.5054017486572,0.4812183251090606,4.117978921441826,32.37735848995515,0.546922216929401,1.1141409676640075
2791,0.0,1.6094379124341003,5.793013608384144,2.4849066497880004,4.564348191467836,3.295836866004329,31.74510498046875,29.955686828613285,59.41477661132813,379.7585083007812,677.7042590635065,1,422,41,463,500.8740767211914,0.1564541025743476,1.0597355073523635,10.292682926578228,1.0818014615985088,1.3530431910122462
2792,3.258096538021482,2.1972245773362196,5.808142489980444,3.1354942159291497,5.0689042022202315,3.4339872044851463,49.27236328125,30.01679475402832,116.2839111328125,445.7989013671876,851.5245221222804,1,515,60,575,641.3719705352785,0.2608438710277866,1.641493160191464,8.583333333190279,1.1154295139724577,1.3276609537680364
2793,3.7612001156935624,2.6390573296152584,6.625392368007956,3.258096538021482,5.583496308781699,3.295836866004329,59.48388061523437,29.153110794067384,162.10546874999997,449.4099609375001,946.164406734576,1,1060,64,1124,700.1524210968018,0.3607073337036769,2.040395655660145,16.56249999974121,0.6229114066691983,1.3513691850854996
